-- phpMyAdmin SQL Dump
-- version 5.2.1
-- https://www.phpmyadmin.net/
--
-- Host: 127.0.0.1
-- Generation Time: Apr 20, 2024 at 06:37 PM
-- Server version: 10.4.32-MariaDB
-- PHP Version: 8.2.12

SET SQL_MODE = "NO_AUTO_VALUE_ON_ZERO";
START TRANSACTION;
SET time_zone = "+00:00";


/*!40101 SET @OLD_CHARACTER_SET_CLIENT=@@CHARACTER_SET_CLIENT */;
/*!40101 SET @OLD_CHARACTER_SET_RESULTS=@@CHARACTER_SET_RESULTS */;
/*!40101 SET @OLD_COLLATION_CONNECTION=@@COLLATION_CONNECTION */;
/*!40101 SET NAMES utf8mb4 */;

--
-- Database: `timetable_manager`
--

-- --------------------------------------------------------

--
-- Table structure for table `academicyear`
--

CREATE TABLE `academicyear` (
  `id` int(10) UNSIGNED NOT NULL,
  `year` int(10) UNSIGNED NOT NULL,
  `name` varchar(255) NOT NULL,
  `createdAt` datetime DEFAULT NULL,
  `updatedAt` datetime DEFAULT NULL
) ENGINE=InnoDB DEFAULT CHARSET=utf8mb4 COLLATE=utf8mb4_general_ci;

--
-- Dumping data for table `academicyear`
--

INSERT INTO `academicyear` (`id`, `year`, `name`, `createdAt`, `updatedAt`) VALUES
(1, 2024, 'ODD', '2024-04-20 07:56:16', '2024-04-20 07:56:16'),
(2, 2024, 'ODD', '2024-04-20 07:56:16', '2024-04-20 07:56:16'),
(3, 2024, 'EVEN', '2024-04-20 07:56:16', '2024-04-20 07:56:16'),
(4, 2024, 'EVEN', '2024-04-20 07:56:16', '2024-04-20 07:56:16');

-- --------------------------------------------------------

--
-- Table structure for table `batch`
--

CREATE TABLE `batch` (
  `id` int(10) UNSIGNED NOT NULL,
  `batchName` varchar(255) DEFAULT NULL,
  `createdAt` datetime DEFAULT NULL,
  `updatedAt` datetime DEFAULT NULL,
  `AcademicYearId` int(10) UNSIGNED NOT NULL
) ENGINE=InnoDB DEFAULT CHARSET=utf8mb4 COLLATE=utf8mb4_general_ci;

--
-- Dumping data for table `batch`
--

INSERT INTO `batch` (`id`, `batchName`, `createdAt`, `updatedAt`, `AcademicYearId`) VALUES
(1, 'FY', '2024-04-20 07:56:16', '2024-04-20 07:56:16', 1),
(2, 'SY', '2024-04-20 07:56:16', '2024-04-20 07:56:16', 1),
(3, 'TY', '2024-04-20 07:56:16', '2024-04-20 07:56:16', 1),
(4, 'FY', '2024-04-20 07:56:16', '2024-04-20 07:56:16', 2),
(5, 'SY', '2024-04-20 07:56:16', '2024-04-20 07:56:16', 2),
(6, 'TY', '2024-04-20 07:56:16', '2024-04-20 07:56:16', 2),
(7, 'FY', '2024-04-20 07:56:16', '2024-04-20 07:56:16', 3),
(8, 'SY', '2024-04-20 07:56:16', '2024-04-20 07:56:16', 3),
(9, 'TY', '2024-04-20 07:56:16', '2024-04-20 07:56:16', 3),
(10, 'FY', '2024-04-20 07:56:16', '2024-04-20 07:56:16', 4),
(11, 'SY', '2024-04-20 07:56:16', '2024-04-20 07:56:16', 4),
(12, 'TY', '2024-04-20 07:56:16', '2024-04-20 07:56:16', 4);

-- --------------------------------------------------------

--
-- Table structure for table `classroom`
--

CREATE TABLE `classroom` (
  `id` int(10) UNSIGNED NOT NULL,
  `classroomName` varchar(255) DEFAULT NULL,
  `isLab` tinyint(1) DEFAULT NULL,
  `createdAt` datetime DEFAULT NULL,
  `updatedAt` datetime DEFAULT NULL,
  `AcademicYearId` int(10) UNSIGNED NOT NULL
) ENGINE=InnoDB DEFAULT CHARSET=utf8mb4 COLLATE=utf8mb4_general_ci;

--
-- Dumping data for table `classroom`
--

INSERT INTO `classroom` (`id`, `classroomName`, `isLab`, `createdAt`, `updatedAt`, `AcademicYearId`) VALUES
(1, '101', 0, '2024-04-20 07:56:17', '2024-04-20 07:56:17', 1),
(2, '102', 0, '2024-04-20 07:56:17', '2024-04-20 07:56:17', 1),
(3, '103', 0, '2024-04-20 07:56:17', '2024-04-20 07:56:17', 1),
(4, '104', 0, '2024-04-20 07:56:17', '2024-04-20 07:56:17', 1),
(5, '105', 0, '2024-04-20 07:56:17', '2024-04-20 07:56:17', 1),
(6, '106', 0, '2024-04-20 07:56:17', '2024-04-20 07:56:17', 1),
(7, '201', 0, '2024-04-20 07:56:17', '2024-04-20 07:56:17', 1),
(8, '202', 0, '2024-04-20 07:56:17', '2024-04-20 07:56:17', 1),
(9, '203', 0, '2024-04-20 07:56:17', '2024-04-20 07:56:17', 1),
(10, '204', 0, '2024-04-20 07:56:17', '2024-04-20 07:56:17', 1),
(11, '205', 0, '2024-04-20 07:56:17', '2024-04-20 07:56:17', 1),
(12, '206', 0, '2024-04-20 07:56:17', '2024-04-20 07:56:17', 1),
(13, '301', 0, '2024-04-20 07:56:17', '2024-04-20 07:56:17', 1),
(14, '302', 0, '2024-04-20 07:56:17', '2024-04-20 07:56:17', 1),
(15, '303', 0, '2024-04-20 07:56:17', '2024-04-20 07:56:17', 1),
(16, '304', 0, '2024-04-20 07:56:17', '2024-04-20 07:56:17', 1),
(17, '305', 0, '2024-04-20 07:56:17', '2024-04-20 07:56:17', 1),
(18, '306', 0, '2024-04-20 07:56:17', '2024-04-20 07:56:17', 1),
(19, '401', 0, '2024-04-20 07:56:17', '2024-04-20 07:56:17', 1),
(20, '402', 0, '2024-04-20 07:56:17', '2024-04-20 07:56:17', 1),
(21, '403', 0, '2024-04-20 07:56:17', '2024-04-20 07:56:17', 1),
(22, '404', 0, '2024-04-20 07:56:17', '2024-04-20 07:56:17', 1),
(23, '405', 0, '2024-04-20 07:56:17', '2024-04-20 07:56:17', 1),
(24, '406', 0, '2024-04-20 07:56:17', '2024-04-20 07:56:17', 1),
(25, '501', 0, '2024-04-20 07:56:17', '2024-04-20 07:56:17', 1),
(26, '502', 0, '2024-04-20 07:56:17', '2024-04-20 07:56:17', 1),
(27, '503', 0, '2024-04-20 07:56:17', '2024-04-20 07:56:17', 1),
(28, '504', 0, '2024-04-20 07:56:17', '2024-04-20 07:56:17', 1),
(29, '505', 0, '2024-04-20 07:56:17', '2024-04-20 07:56:17', 1),
(30, '506', 0, '2024-04-20 07:56:17', '2024-04-20 07:56:17', 1),
(31, '601', 0, '2024-04-20 07:56:17', '2024-04-20 07:56:17', 1),
(32, '602', 0, '2024-04-20 07:56:17', '2024-04-20 07:56:17', 1),
(33, '603', 0, '2024-04-20 07:56:17', '2024-04-20 07:56:17', 1),
(34, '604', 0, '2024-04-20 07:56:17', '2024-04-20 07:56:17', 1),
(35, '605', 0, '2024-04-20 07:56:17', '2024-04-20 07:56:17', 1),
(36, '606', 0, '2024-04-20 07:56:17', '2024-04-20 07:56:17', 1),
(37, 'CL 01', 1, '2024-04-20 07:56:17', '2024-04-20 07:56:17', 1),
(38, 'CL 02', 1, '2024-04-20 07:56:17', '2024-04-20 07:56:17', 1),
(39, 'DBMS Lab', 1, '2024-04-20 07:56:17', '2024-04-20 07:56:17', 1),
(40, 'Lab 1', 1, '2024-04-20 07:56:17', '2024-04-20 07:56:17', 1),
(41, 'Lab 10', 1, '2024-04-20 07:56:17', '2024-04-20 07:56:17', 1),
(42, 'Lab 11', 1, '2024-04-20 07:56:17', '2024-04-20 07:56:17', 1),
(43, 'Lab 12', 1, '2024-04-20 07:56:17', '2024-04-20 07:56:17', 1),
(44, 'Lab 13', 1, '2024-04-20 07:56:17', '2024-04-20 07:56:17', 1),
(45, 'Lab 14', 1, '2024-04-20 07:56:17', '2024-04-20 07:56:17', 1),
(46, 'Lab 15', 1, '2024-04-20 07:56:17', '2024-04-20 07:56:17', 1),
(47, 'Lab 16', 1, '2024-04-20 07:56:17', '2024-04-20 07:56:17', 1),
(48, 'Lab 17', 1, '2024-04-20 07:56:17', '2024-04-20 07:56:17', 1),
(49, 'Lab 18', 1, '2024-04-20 07:56:17', '2024-04-20 07:56:17', 1),
(50, 'Lab 19', 1, '2024-04-20 07:56:17', '2024-04-20 07:56:17', 1),
(51, 'Lab 2', 1, '2024-04-20 07:56:17', '2024-04-20 07:56:17', 1),
(52, 'Lab 20', 1, '2024-04-20 07:56:17', '2024-04-20 07:56:17', 1),
(53, 'Lab 21', 1, '2024-04-20 07:56:17', '2024-04-20 07:56:17', 1),
(54, 'Lab 22', 1, '2024-04-20 07:56:17', '2024-04-20 07:56:17', 1),
(55, 'Lab 23', 1, '2024-04-20 07:56:17', '2024-04-20 07:56:17', 1),
(56, 'Lab 24', 1, '2024-04-20 07:56:17', '2024-04-20 07:56:17', 1),
(57, 'Lab 25', 1, '2024-04-20 07:56:17', '2024-04-20 07:56:17', 1),
(58, 'Lab 26', 1, '2024-04-20 07:56:17', '2024-04-20 07:56:17', 1),
(59, 'Lab 27', 1, '2024-04-20 07:56:17', '2024-04-20 07:56:17', 1),
(60, 'Lab 28', 1, '2024-04-20 07:56:17', '2024-04-20 07:56:17', 1),
(61, 'Lab 29', 1, '2024-04-20 07:56:17', '2024-04-20 07:56:17', 1),
(62, 'Lab 3', 1, '2024-04-20 07:56:17', '2024-04-20 07:56:17', 1),
(63, 'Lab 30', 1, '2024-04-20 07:56:17', '2024-04-20 07:56:17', 1),
(64, 'Lab 4', 1, '2024-04-20 07:56:17', '2024-04-20 07:56:17', 1),
(65, 'Lab 5', 1, '2024-04-20 07:56:17', '2024-04-20 07:56:17', 1),
(66, 'Lab 6', 1, '2024-04-20 07:56:17', '2024-04-20 07:56:17', 1),
(67, 'Lab 7', 1, '2024-04-20 07:56:17', '2024-04-20 07:56:17', 1),
(68, 'Lab 8', 1, '2024-04-20 07:56:17', '2024-04-20 07:56:17', 1),
(69, 'Lab 9', 1, '2024-04-20 07:56:17', '2024-04-20 07:56:17', 1),
(70, 'OS Lab', 1, '2024-04-20 07:56:17', '2024-04-20 07:56:17', 1),
(71, 'Tut Room', 0, '2024-04-20 07:56:17', '2024-04-20 07:56:17', 1),
(72, '107', 0, '2024-04-20 07:56:17', '2024-04-20 07:56:17', 1),
(73, '108', 0, '2024-04-20 07:56:17', '2024-04-20 07:56:17', 1),
(74, '109', 0, '2024-04-20 07:56:17', '2024-04-20 07:56:17', 1),
(75, '207', 0, '2024-04-20 07:56:17', '2024-04-20 07:56:17', 1),
(76, '208', 0, '2024-04-20 07:56:17', '2024-04-20 07:56:17', 1),
(77, '209', 0, '2024-04-20 07:56:17', '2024-04-20 07:56:17', 1),
(78, '307', 0, '2024-04-20 07:56:17', '2024-04-20 07:56:17', 1),
(79, '308', 0, '2024-04-20 07:56:17', '2024-04-20 07:56:17', 1),
(80, '309', 0, '2024-04-20 07:56:17', '2024-04-20 07:56:17', 1),
(81, '407', 0, '2024-04-20 07:56:17', '2024-04-20 07:56:17', 1),
(82, '408', 0, '2024-04-20 07:56:17', '2024-04-20 07:56:17', 1),
(83, '409', 0, '2024-04-20 07:56:17', '2024-04-20 07:56:17', 1),
(84, '507', 0, '2024-04-20 07:56:17', '2024-04-20 07:56:17', 1),
(85, '508', 0, '2024-04-20 07:56:17', '2024-04-20 07:56:17', 1),
(86, '509', 0, '2024-04-20 07:56:17', '2024-04-20 07:56:17', 1),
(87, '101', 0, '2024-04-20 07:56:17', '2024-04-20 07:56:17', 2),
(88, '102', 0, '2024-04-20 07:56:17', '2024-04-20 07:56:17', 2),
(89, '103', 0, '2024-04-20 07:56:17', '2024-04-20 07:56:17', 2),
(90, '104', 0, '2024-04-20 07:56:17', '2024-04-20 07:56:17', 2),
(91, '105', 0, '2024-04-20 07:56:17', '2024-04-20 07:56:17', 2),
(92, '106', 0, '2024-04-20 07:56:17', '2024-04-20 07:56:17', 2),
(93, '201', 0, '2024-04-20 07:56:17', '2024-04-20 07:56:17', 2),
(94, '202', 0, '2024-04-20 07:56:17', '2024-04-20 07:56:17', 2),
(95, '203', 0, '2024-04-20 07:56:17', '2024-04-20 07:56:17', 2),
(96, '204', 0, '2024-04-20 07:56:17', '2024-04-20 07:56:17', 2),
(97, '205', 0, '2024-04-20 07:56:17', '2024-04-20 07:56:17', 2),
(98, '206', 0, '2024-04-20 07:56:17', '2024-04-20 07:56:17', 2),
(99, '301', 0, '2024-04-20 07:56:17', '2024-04-20 07:56:17', 2),
(100, '302', 0, '2024-04-20 07:56:17', '2024-04-20 07:56:17', 2),
(101, '303', 0, '2024-04-20 07:56:17', '2024-04-20 07:56:17', 2),
(102, '304', 0, '2024-04-20 07:56:17', '2024-04-20 07:56:17', 2),
(103, '305', 0, '2024-04-20 07:56:17', '2024-04-20 07:56:17', 2),
(104, '306', 0, '2024-04-20 07:56:17', '2024-04-20 07:56:17', 2),
(105, '401', 0, '2024-04-20 07:56:17', '2024-04-20 07:56:17', 2),
(106, '402', 0, '2024-04-20 07:56:17', '2024-04-20 07:56:17', 2),
(107, '403', 0, '2024-04-20 07:56:17', '2024-04-20 07:56:17', 2),
(108, '404', 0, '2024-04-20 07:56:17', '2024-04-20 07:56:17', 2),
(109, '405', 0, '2024-04-20 07:56:17', '2024-04-20 07:56:17', 2),
(110, '406', 0, '2024-04-20 07:56:17', '2024-04-20 07:56:17', 2),
(111, '501', 0, '2024-04-20 07:56:17', '2024-04-20 07:56:17', 2),
(112, '502', 0, '2024-04-20 07:56:17', '2024-04-20 07:56:17', 2),
(113, '503', 0, '2024-04-20 07:56:17', '2024-04-20 07:56:17', 2),
(114, '504', 0, '2024-04-20 07:56:17', '2024-04-20 07:56:17', 2),
(115, '505', 0, '2024-04-20 07:56:17', '2024-04-20 07:56:17', 2),
(116, '506', 0, '2024-04-20 07:56:17', '2024-04-20 07:56:17', 2),
(117, '601', 0, '2024-04-20 07:56:17', '2024-04-20 07:56:17', 2),
(118, '602', 0, '2024-04-20 07:56:17', '2024-04-20 07:56:17', 2),
(119, '603', 0, '2024-04-20 07:56:17', '2024-04-20 07:56:17', 2),
(120, '604', 0, '2024-04-20 07:56:17', '2024-04-20 07:56:17', 2),
(121, '605', 0, '2024-04-20 07:56:17', '2024-04-20 07:56:17', 2),
(122, '606', 0, '2024-04-20 07:56:17', '2024-04-20 07:56:17', 2),
(123, 'CL 01', 1, '2024-04-20 07:56:17', '2024-04-20 07:56:17', 2),
(124, 'CL 02', 1, '2024-04-20 07:56:17', '2024-04-20 07:56:17', 2),
(125, 'DBMS Lab', 1, '2024-04-20 07:56:17', '2024-04-20 07:56:17', 2),
(126, 'Lab 1', 1, '2024-04-20 07:56:17', '2024-04-20 07:56:17', 2),
(127, 'Lab 10', 1, '2024-04-20 07:56:17', '2024-04-20 07:56:17', 2),
(128, 'Lab 11', 1, '2024-04-20 07:56:17', '2024-04-20 07:56:17', 2),
(129, 'Lab 12', 1, '2024-04-20 07:56:17', '2024-04-20 07:56:17', 2),
(130, 'Lab 13', 1, '2024-04-20 07:56:17', '2024-04-20 07:56:17', 2),
(131, 'Lab 14', 1, '2024-04-20 07:56:17', '2024-04-20 07:56:17', 2),
(132, 'Lab 15', 1, '2024-04-20 07:56:17', '2024-04-20 07:56:17', 2),
(133, 'Lab 16', 1, '2024-04-20 07:56:17', '2024-04-20 07:56:17', 2),
(134, 'Lab 17', 1, '2024-04-20 07:56:17', '2024-04-20 07:56:17', 2),
(135, 'Lab 18', 1, '2024-04-20 07:56:17', '2024-04-20 07:56:17', 2),
(136, 'Lab 19', 1, '2024-04-20 07:56:17', '2024-04-20 07:56:17', 2),
(137, 'Lab 2', 1, '2024-04-20 07:56:17', '2024-04-20 07:56:17', 2),
(138, 'Lab 20', 1, '2024-04-20 07:56:17', '2024-04-20 07:56:17', 2),
(139, 'Lab 21', 1, '2024-04-20 07:56:17', '2024-04-20 07:56:17', 2),
(140, 'Lab 22', 1, '2024-04-20 07:56:17', '2024-04-20 07:56:17', 2),
(141, 'Lab 23', 1, '2024-04-20 07:56:17', '2024-04-20 07:56:17', 2),
(142, 'Lab 24', 1, '2024-04-20 07:56:17', '2024-04-20 07:56:17', 2),
(143, 'Lab 25', 1, '2024-04-20 07:56:17', '2024-04-20 07:56:17', 2),
(144, 'Lab 26', 1, '2024-04-20 07:56:17', '2024-04-20 07:56:17', 2),
(145, 'Lab 27', 1, '2024-04-20 07:56:17', '2024-04-20 07:56:17', 2),
(146, 'Lab 28', 1, '2024-04-20 07:56:17', '2024-04-20 07:56:17', 2),
(147, 'Lab 29', 1, '2024-04-20 07:56:17', '2024-04-20 07:56:17', 2),
(148, 'Lab 3', 1, '2024-04-20 07:56:17', '2024-04-20 07:56:17', 2),
(149, 'Lab 30', 1, '2024-04-20 07:56:17', '2024-04-20 07:56:17', 2),
(150, 'Lab 4', 1, '2024-04-20 07:56:17', '2024-04-20 07:56:17', 2),
(151, 'Lab 5', 1, '2024-04-20 07:56:17', '2024-04-20 07:56:17', 2),
(152, 'Lab 6', 1, '2024-04-20 07:56:17', '2024-04-20 07:56:17', 2),
(153, 'Lab 7', 1, '2024-04-20 07:56:17', '2024-04-20 07:56:17', 2),
(154, 'Lab 8', 1, '2024-04-20 07:56:17', '2024-04-20 07:56:17', 2),
(155, 'Lab 9', 1, '2024-04-20 07:56:17', '2024-04-20 07:56:17', 2),
(156, 'OS Lab', 1, '2024-04-20 07:56:17', '2024-04-20 07:56:17', 2),
(157, 'Tut Room', 0, '2024-04-20 07:56:17', '2024-04-20 07:56:17', 2),
(158, '107', 0, '2024-04-20 07:56:17', '2024-04-20 07:56:17', 2),
(159, '108', 0, '2024-04-20 07:56:17', '2024-04-20 07:56:17', 2),
(160, '109', 0, '2024-04-20 07:56:17', '2024-04-20 07:56:17', 2),
(161, '207', 0, '2024-04-20 07:56:17', '2024-04-20 07:56:17', 2),
(162, '208', 0, '2024-04-20 07:56:17', '2024-04-20 07:56:17', 2),
(163, '209', 0, '2024-04-20 07:56:17', '2024-04-20 07:56:17', 2),
(164, '307', 0, '2024-04-20 07:56:17', '2024-04-20 07:56:17', 2),
(165, '308', 0, '2024-04-20 07:56:17', '2024-04-20 07:56:17', 2),
(166, '309', 0, '2024-04-20 07:56:17', '2024-04-20 07:56:17', 2),
(167, '407', 0, '2024-04-20 07:56:17', '2024-04-20 07:56:17', 2),
(168, '408', 0, '2024-04-20 07:56:17', '2024-04-20 07:56:17', 2),
(169, '409', 0, '2024-04-20 07:56:17', '2024-04-20 07:56:17', 2),
(170, '507', 0, '2024-04-20 07:56:17', '2024-04-20 07:56:17', 2),
(171, '508', 0, '2024-04-20 07:56:17', '2024-04-20 07:56:17', 2),
(172, '509', 0, '2024-04-20 07:56:17', '2024-04-20 07:56:17', 2),
(173, '101', 0, '2024-04-20 07:56:17', '2024-04-20 07:56:17', 3),
(174, '102', 0, '2024-04-20 07:56:17', '2024-04-20 07:56:17', 3),
(175, '103', 0, '2024-04-20 07:56:17', '2024-04-20 07:56:17', 3),
(176, '104', 0, '2024-04-20 07:56:17', '2024-04-20 07:56:17', 3),
(177, '105', 0, '2024-04-20 07:56:17', '2024-04-20 07:56:17', 3),
(178, '106', 0, '2024-04-20 07:56:17', '2024-04-20 07:56:17', 3),
(179, '201', 0, '2024-04-20 07:56:17', '2024-04-20 07:56:17', 3),
(180, '202', 0, '2024-04-20 07:56:17', '2024-04-20 07:56:17', 3),
(181, '203', 0, '2024-04-20 07:56:17', '2024-04-20 07:56:17', 3),
(182, '204', 0, '2024-04-20 07:56:17', '2024-04-20 07:56:17', 3),
(183, '205', 0, '2024-04-20 07:56:17', '2024-04-20 07:56:17', 3),
(184, '206', 0, '2024-04-20 07:56:17', '2024-04-20 07:56:17', 3),
(185, '301', 0, '2024-04-20 07:56:17', '2024-04-20 07:56:17', 3),
(186, '302', 0, '2024-04-20 07:56:17', '2024-04-20 07:56:17', 3),
(187, '303', 0, '2024-04-20 07:56:17', '2024-04-20 07:56:17', 3),
(188, '304', 0, '2024-04-20 07:56:17', '2024-04-20 07:56:17', 3),
(189, '305', 0, '2024-04-20 07:56:17', '2024-04-20 07:56:17', 3),
(190, '306', 0, '2024-04-20 07:56:17', '2024-04-20 07:56:17', 3),
(191, '401', 0, '2024-04-20 07:56:17', '2024-04-20 07:56:17', 3),
(192, '402', 0, '2024-04-20 07:56:17', '2024-04-20 07:56:17', 3),
(193, '403', 0, '2024-04-20 07:56:17', '2024-04-20 07:56:17', 3),
(194, '404', 0, '2024-04-20 07:56:17', '2024-04-20 07:56:17', 3),
(195, '405', 0, '2024-04-20 07:56:17', '2024-04-20 07:56:17', 3),
(196, '406', 0, '2024-04-20 07:56:17', '2024-04-20 07:56:17', 3),
(197, '501', 0, '2024-04-20 07:56:17', '2024-04-20 07:56:17', 3),
(198, '502', 0, '2024-04-20 07:56:17', '2024-04-20 07:56:17', 3),
(199, '503', 0, '2024-04-20 07:56:17', '2024-04-20 07:56:17', 3),
(200, '504', 0, '2024-04-20 07:56:17', '2024-04-20 07:56:17', 3),
(201, '505', 0, '2024-04-20 07:56:17', '2024-04-20 07:56:17', 3),
(202, '506', 0, '2024-04-20 07:56:17', '2024-04-20 07:56:17', 3),
(203, '601', 0, '2024-04-20 07:56:17', '2024-04-20 07:56:17', 3),
(204, '602', 0, '2024-04-20 07:56:17', '2024-04-20 07:56:17', 3),
(205, '603', 0, '2024-04-20 07:56:17', '2024-04-20 07:56:17', 3),
(206, '604', 0, '2024-04-20 07:56:17', '2024-04-20 07:56:17', 3),
(207, '605', 0, '2024-04-20 07:56:17', '2024-04-20 07:56:17', 3),
(208, '606', 0, '2024-04-20 07:56:17', '2024-04-20 07:56:17', 3),
(209, 'CL 01', 1, '2024-04-20 07:56:17', '2024-04-20 07:56:17', 3),
(210, 'CL 02', 1, '2024-04-20 07:56:17', '2024-04-20 07:56:17', 3),
(211, 'DBMS Lab', 1, '2024-04-20 07:56:17', '2024-04-20 07:56:17', 3),
(212, 'Lab 1', 1, '2024-04-20 07:56:17', '2024-04-20 07:56:17', 3),
(213, 'Lab 10', 1, '2024-04-20 07:56:17', '2024-04-20 07:56:17', 3),
(214, 'Lab 11', 1, '2024-04-20 07:56:17', '2024-04-20 07:56:17', 3),
(215, 'Lab 12', 1, '2024-04-20 07:56:17', '2024-04-20 07:56:17', 3),
(216, 'Lab 13', 1, '2024-04-20 07:56:17', '2024-04-20 07:56:17', 3),
(217, 'Lab 14', 1, '2024-04-20 07:56:17', '2024-04-20 07:56:17', 3),
(218, 'Lab 15', 1, '2024-04-20 07:56:17', '2024-04-20 07:56:17', 3),
(219, 'Lab 16', 1, '2024-04-20 07:56:17', '2024-04-20 07:56:17', 3),
(220, 'Lab 17', 1, '2024-04-20 07:56:17', '2024-04-20 07:56:17', 3),
(221, 'Lab 18', 1, '2024-04-20 07:56:17', '2024-04-20 07:56:17', 3),
(222, 'Lab 19', 1, '2024-04-20 07:56:17', '2024-04-20 07:56:17', 3),
(223, 'Lab 2', 1, '2024-04-20 07:56:17', '2024-04-20 07:56:17', 3),
(224, 'Lab 20', 1, '2024-04-20 07:56:17', '2024-04-20 07:56:17', 3),
(225, 'Lab 21', 1, '2024-04-20 07:56:17', '2024-04-20 07:56:17', 3),
(226, 'Lab 22', 1, '2024-04-20 07:56:17', '2024-04-20 07:56:17', 3),
(227, 'Lab 23', 1, '2024-04-20 07:56:17', '2024-04-20 07:56:17', 3),
(228, 'Lab 24', 1, '2024-04-20 07:56:17', '2024-04-20 07:56:17', 3),
(229, 'Lab 25', 1, '2024-04-20 07:56:17', '2024-04-20 07:56:17', 3),
(230, 'Lab 26', 1, '2024-04-20 07:56:17', '2024-04-20 07:56:17', 3),
(231, 'Lab 27', 1, '2024-04-20 07:56:17', '2024-04-20 07:56:17', 3),
(232, 'Lab 28', 1, '2024-04-20 07:56:17', '2024-04-20 07:56:17', 3),
(233, 'Lab 29', 1, '2024-04-20 07:56:17', '2024-04-20 07:56:17', 3),
(234, 'Lab 3', 1, '2024-04-20 07:56:17', '2024-04-20 07:56:17', 3),
(235, 'Lab 30', 1, '2024-04-20 07:56:17', '2024-04-20 07:56:17', 3),
(236, 'Lab 4', 1, '2024-04-20 07:56:17', '2024-04-20 07:56:17', 3),
(237, 'Lab 5', 1, '2024-04-20 07:56:17', '2024-04-20 07:56:17', 3),
(238, 'Lab 6', 1, '2024-04-20 07:56:17', '2024-04-20 07:56:17', 3),
(239, 'Lab 7', 1, '2024-04-20 07:56:17', '2024-04-20 07:56:17', 3),
(240, 'Lab 8', 1, '2024-04-20 07:56:17', '2024-04-20 07:56:17', 3),
(241, 'Lab 9', 1, '2024-04-20 07:56:17', '2024-04-20 07:56:17', 3),
(242, 'OS Lab', 1, '2024-04-20 07:56:17', '2024-04-20 07:56:17', 3),
(243, 'Tut Room', 0, '2024-04-20 07:56:17', '2024-04-20 07:56:17', 3),
(244, '107', 0, '2024-04-20 07:56:17', '2024-04-20 07:56:17', 3),
(245, '108', 0, '2024-04-20 07:56:17', '2024-04-20 07:56:17', 3),
(246, '109', 0, '2024-04-20 07:56:17', '2024-04-20 07:56:17', 3),
(247, '207', 0, '2024-04-20 07:56:17', '2024-04-20 07:56:17', 3),
(248, '208', 0, '2024-04-20 07:56:17', '2024-04-20 07:56:17', 3),
(249, '209', 0, '2024-04-20 07:56:17', '2024-04-20 07:56:17', 3),
(250, '307', 0, '2024-04-20 07:56:17', '2024-04-20 07:56:17', 3),
(251, '308', 0, '2024-04-20 07:56:17', '2024-04-20 07:56:17', 3),
(252, '309', 0, '2024-04-20 07:56:17', '2024-04-20 07:56:17', 3),
(253, '407', 0, '2024-04-20 07:56:17', '2024-04-20 07:56:17', 3),
(254, '408', 0, '2024-04-20 07:56:17', '2024-04-20 07:56:17', 3),
(255, '409', 0, '2024-04-20 07:56:17', '2024-04-20 07:56:17', 3),
(256, '507', 0, '2024-04-20 07:56:17', '2024-04-20 07:56:17', 3),
(257, '508', 0, '2024-04-20 07:56:17', '2024-04-20 07:56:17', 3),
(258, '509', 0, '2024-04-20 07:56:17', '2024-04-20 07:56:17', 3),
(259, '101', 0, '2024-04-20 07:56:17', '2024-04-20 07:56:17', 4),
(260, '102', 0, '2024-04-20 07:56:17', '2024-04-20 07:56:17', 4),
(261, '103', 0, '2024-04-20 07:56:17', '2024-04-20 07:56:17', 4),
(262, '104', 0, '2024-04-20 07:56:17', '2024-04-20 07:56:17', 4),
(263, '105', 0, '2024-04-20 07:56:17', '2024-04-20 07:56:17', 4),
(264, '106', 0, '2024-04-20 07:56:17', '2024-04-20 07:56:17', 4),
(265, '201', 0, '2024-04-20 07:56:17', '2024-04-20 07:56:17', 4),
(266, '202', 0, '2024-04-20 07:56:17', '2024-04-20 07:56:17', 4),
(267, '203', 0, '2024-04-20 07:56:17', '2024-04-20 07:56:17', 4),
(268, '204', 0, '2024-04-20 07:56:17', '2024-04-20 07:56:17', 4),
(269, '205', 0, '2024-04-20 07:56:17', '2024-04-20 07:56:17', 4),
(270, '206', 0, '2024-04-20 07:56:17', '2024-04-20 07:56:17', 4),
(271, '301', 0, '2024-04-20 07:56:17', '2024-04-20 07:56:17', 4),
(272, '302', 0, '2024-04-20 07:56:17', '2024-04-20 07:56:17', 4),
(273, '303', 0, '2024-04-20 07:56:17', '2024-04-20 07:56:17', 4),
(274, '304', 0, '2024-04-20 07:56:17', '2024-04-20 07:56:17', 4),
(275, '305', 0, '2024-04-20 07:56:17', '2024-04-20 07:56:17', 4),
(276, '306', 0, '2024-04-20 07:56:17', '2024-04-20 07:56:17', 4),
(277, '401', 0, '2024-04-20 07:56:17', '2024-04-20 07:56:17', 4),
(278, '402', 0, '2024-04-20 07:56:17', '2024-04-20 07:56:17', 4),
(279, '403', 0, '2024-04-20 07:56:17', '2024-04-20 07:56:17', 4),
(280, '404', 0, '2024-04-20 07:56:17', '2024-04-20 07:56:17', 4),
(281, '405', 0, '2024-04-20 07:56:17', '2024-04-20 07:56:17', 4),
(282, '406', 0, '2024-04-20 07:56:17', '2024-04-20 07:56:17', 4),
(283, '501', 0, '2024-04-20 07:56:17', '2024-04-20 07:56:17', 4),
(284, '502', 0, '2024-04-20 07:56:17', '2024-04-20 07:56:17', 4),
(285, '503', 0, '2024-04-20 07:56:17', '2024-04-20 07:56:17', 4),
(286, '504', 0, '2024-04-20 07:56:17', '2024-04-20 07:56:17', 4),
(287, '505', 0, '2024-04-20 07:56:17', '2024-04-20 07:56:17', 4),
(288, '506', 0, '2024-04-20 07:56:17', '2024-04-20 07:56:17', 4),
(289, '601', 0, '2024-04-20 07:56:17', '2024-04-20 07:56:17', 4),
(290, '602', 0, '2024-04-20 07:56:17', '2024-04-20 07:56:17', 4),
(291, '603', 0, '2024-04-20 07:56:17', '2024-04-20 07:56:17', 4),
(292, '604', 0, '2024-04-20 07:56:17', '2024-04-20 07:56:17', 4),
(293, '605', 0, '2024-04-20 07:56:17', '2024-04-20 07:56:17', 4),
(294, '606', 0, '2024-04-20 07:56:17', '2024-04-20 07:56:17', 4),
(295, 'CL 01', 1, '2024-04-20 07:56:17', '2024-04-20 07:56:17', 4),
(296, 'CL 02', 1, '2024-04-20 07:56:17', '2024-04-20 07:56:17', 4),
(297, 'DBMS Lab', 1, '2024-04-20 07:56:17', '2024-04-20 07:56:17', 4),
(298, 'Lab 1', 1, '2024-04-20 07:56:17', '2024-04-20 07:56:17', 4),
(299, 'Lab 10', 1, '2024-04-20 07:56:17', '2024-04-20 07:56:17', 4),
(300, 'Lab 11', 1, '2024-04-20 07:56:17', '2024-04-20 07:56:17', 4),
(301, 'Lab 12', 1, '2024-04-20 07:56:17', '2024-04-20 07:56:17', 4),
(302, 'Lab 13', 1, '2024-04-20 07:56:17', '2024-04-20 07:56:17', 4),
(303, 'Lab 14', 1, '2024-04-20 07:56:17', '2024-04-20 07:56:17', 4),
(304, 'Lab 15', 1, '2024-04-20 07:56:17', '2024-04-20 07:56:17', 4),
(305, 'Lab 16', 1, '2024-04-20 07:56:17', '2024-04-20 07:56:17', 4),
(306, 'Lab 17', 1, '2024-04-20 07:56:17', '2024-04-20 07:56:17', 4),
(307, 'Lab 18', 1, '2024-04-20 07:56:17', '2024-04-20 07:56:17', 4),
(308, 'Lab 19', 1, '2024-04-20 07:56:17', '2024-04-20 07:56:17', 4),
(309, 'Lab 2', 1, '2024-04-20 07:56:17', '2024-04-20 07:56:17', 4),
(310, 'Lab 20', 1, '2024-04-20 07:56:17', '2024-04-20 07:56:17', 4),
(311, 'Lab 21', 1, '2024-04-20 07:56:17', '2024-04-20 07:56:17', 4),
(312, 'Lab 22', 1, '2024-04-20 07:56:17', '2024-04-20 07:56:17', 4),
(313, 'Lab 23', 1, '2024-04-20 07:56:17', '2024-04-20 07:56:17', 4),
(314, 'Lab 24', 1, '2024-04-20 07:56:17', '2024-04-20 07:56:17', 4),
(315, 'Lab 25', 1, '2024-04-20 07:56:17', '2024-04-20 07:56:17', 4),
(316, 'Lab 26', 1, '2024-04-20 07:56:17', '2024-04-20 07:56:17', 4),
(317, 'Lab 27', 1, '2024-04-20 07:56:17', '2024-04-20 07:56:17', 4),
(318, 'Lab 28', 1, '2024-04-20 07:56:17', '2024-04-20 07:56:17', 4),
(319, 'Lab 29', 1, '2024-04-20 07:56:17', '2024-04-20 07:56:17', 4),
(320, 'Lab 3', 1, '2024-04-20 07:56:17', '2024-04-20 07:56:17', 4),
(321, 'Lab 30', 1, '2024-04-20 07:56:17', '2024-04-20 07:56:17', 4),
(322, 'Lab 4', 1, '2024-04-20 07:56:17', '2024-04-20 07:56:17', 4),
(323, 'Lab 5', 1, '2024-04-20 07:56:17', '2024-04-20 07:56:17', 4),
(324, 'Lab 6', 1, '2024-04-20 07:56:17', '2024-04-20 07:56:17', 4),
(325, 'Lab 7', 1, '2024-04-20 07:56:17', '2024-04-20 07:56:17', 4),
(326, 'Lab 8', 1, '2024-04-20 07:56:17', '2024-04-20 07:56:17', 4),
(327, 'Lab 9', 1, '2024-04-20 07:56:17', '2024-04-20 07:56:17', 4),
(328, 'OS Lab', 1, '2024-04-20 07:56:17', '2024-04-20 07:56:17', 4),
(329, 'Tut Room', 0, '2024-04-20 07:56:17', '2024-04-20 07:56:17', 4),
(330, '107', 0, '2024-04-20 07:56:17', '2024-04-20 07:56:17', 4),
(331, '108', 0, '2024-04-20 07:56:17', '2024-04-20 07:56:17', 4),
(332, '109', 0, '2024-04-20 07:56:17', '2024-04-20 07:56:17', 4),
(333, '207', 0, '2024-04-20 07:56:17', '2024-04-20 07:56:17', 4),
(334, '208', 0, '2024-04-20 07:56:17', '2024-04-20 07:56:17', 4),
(335, '209', 0, '2024-04-20 07:56:17', '2024-04-20 07:56:17', 4),
(336, '307', 0, '2024-04-20 07:56:17', '2024-04-20 07:56:17', 4),
(337, '308', 0, '2024-04-20 07:56:17', '2024-04-20 07:56:17', 4),
(338, '309', 0, '2024-04-20 07:56:17', '2024-04-20 07:56:17', 4),
(339, '407', 0, '2024-04-20 07:56:17', '2024-04-20 07:56:17', 4),
(340, '408', 0, '2024-04-20 07:56:17', '2024-04-20 07:56:17', 4),
(341, '409', 0, '2024-04-20 07:56:17', '2024-04-20 07:56:17', 4),
(342, '507', 0, '2024-04-20 07:56:17', '2024-04-20 07:56:17', 4),
(343, '508', 0, '2024-04-20 07:56:17', '2024-04-20 07:56:17', 4),
(344, '509', 0, '2024-04-20 07:56:17', '2024-04-20 07:56:17', 4);

-- --------------------------------------------------------

--
-- Table structure for table `department`
--

CREATE TABLE `department` (
  `id` int(10) UNSIGNED NOT NULL,
  `departmentName` varchar(255) DEFAULT NULL,
  `createdAt` datetime DEFAULT NULL,
  `updatedAt` datetime DEFAULT NULL,
  `BatchId` int(10) UNSIGNED NOT NULL
) ENGINE=InnoDB DEFAULT CHARSET=utf8mb4 COLLATE=utf8mb4_general_ci;

--
-- Dumping data for table `department`
--

INSERT INTO `department` (`id`, `departmentName`, `createdAt`, `updatedAt`, `BatchId`) VALUES
(1, 'cs', '2024-04-20 07:56:16', '2024-04-20 07:56:16', 1),
(2, 'cs', '2024-04-20 07:56:16', '2024-04-20 07:56:16', 2),
(3, 'cs', '2024-04-20 07:56:16', '2024-04-20 07:56:16', 3),
(4, 'ra', '2024-04-20 07:56:16', '2024-04-20 07:56:16', 1),
(5, 'ra', '2024-04-20 07:56:16', '2024-04-20 07:56:16', 2),
(6, 'ra', '2024-04-20 07:56:16', '2024-04-20 07:56:16', 3),
(7, 'civil', '2024-04-20 07:56:16', '2024-04-20 07:56:16', 1),
(8, 'civil', '2024-04-20 07:56:16', '2024-04-20 07:56:16', 2),
(9, 'civil', '2024-04-20 07:56:16', '2024-04-20 07:56:16', 3),
(10, 'mech', '2024-04-20 07:56:16', '2024-04-20 07:56:16', 1),
(11, 'mech', '2024-04-20 07:56:16', '2024-04-20 07:56:16', 2),
(12, 'mech', '2024-04-20 07:56:16', '2024-04-20 07:56:16', 3),
(13, 'entc', '2024-04-20 07:56:16', '2024-04-20 07:56:16', 1),
(14, 'entc', '2024-04-20 07:56:16', '2024-04-20 07:56:16', 2),
(15, 'entc', '2024-04-20 07:56:16', '2024-04-20 07:56:16', 3),
(16, 'aiml', '2024-04-20 07:56:16', '2024-04-20 07:56:16', 1),
(17, 'aiml', '2024-04-20 07:56:16', '2024-04-20 07:56:16', 2),
(18, 'aiml', '2024-04-20 07:56:16', '2024-04-20 07:56:16', 3),
(19, 'cs', '2024-04-20 07:56:16', '2024-04-20 07:56:16', 4),
(20, 'cs', '2024-04-20 07:56:16', '2024-04-20 07:56:16', 5),
(21, 'cs', '2024-04-20 07:56:16', '2024-04-20 07:56:16', 6),
(22, 'ra', '2024-04-20 07:56:16', '2024-04-20 07:56:16', 4),
(23, 'ra', '2024-04-20 07:56:16', '2024-04-20 07:56:16', 5),
(24, 'ra', '2024-04-20 07:56:16', '2024-04-20 07:56:16', 6),
(25, 'civil', '2024-04-20 07:56:16', '2024-04-20 07:56:16', 4),
(26, 'civil', '2024-04-20 07:56:16', '2024-04-20 07:56:16', 5),
(27, 'civil', '2024-04-20 07:56:16', '2024-04-20 07:56:16', 6),
(28, 'mech', '2024-04-20 07:56:16', '2024-04-20 07:56:16', 4),
(29, 'mech', '2024-04-20 07:56:16', '2024-04-20 07:56:16', 5),
(30, 'mech', '2024-04-20 07:56:16', '2024-04-20 07:56:16', 6),
(31, 'entc', '2024-04-20 07:56:16', '2024-04-20 07:56:16', 4),
(32, 'entc', '2024-04-20 07:56:16', '2024-04-20 07:56:16', 5),
(33, 'entc', '2024-04-20 07:56:16', '2024-04-20 07:56:16', 6),
(34, 'aiml', '2024-04-20 07:56:16', '2024-04-20 07:56:16', 4),
(35, 'aiml', '2024-04-20 07:56:16', '2024-04-20 07:56:16', 5),
(36, 'aiml', '2024-04-20 07:56:16', '2024-04-20 07:56:16', 6),
(37, 'cs', '2024-04-20 07:56:16', '2024-04-20 07:56:16', 7),
(38, 'cs', '2024-04-20 07:56:16', '2024-04-20 07:56:16', 8),
(39, 'cs', '2024-04-20 07:56:16', '2024-04-20 07:56:16', 9),
(40, 'ra', '2024-04-20 07:56:16', '2024-04-20 07:56:16', 7),
(41, 'ra', '2024-04-20 07:56:16', '2024-04-20 07:56:16', 8),
(42, 'ra', '2024-04-20 07:56:16', '2024-04-20 07:56:16', 9),
(43, 'civil', '2024-04-20 07:56:16', '2024-04-20 07:56:16', 7),
(44, 'civil', '2024-04-20 07:56:16', '2024-04-20 07:56:16', 8),
(45, 'civil', '2024-04-20 07:56:16', '2024-04-20 07:56:16', 9),
(46, 'mech', '2024-04-20 07:56:16', '2024-04-20 07:56:16', 7),
(47, 'mech', '2024-04-20 07:56:16', '2024-04-20 07:56:16', 8),
(48, 'mech', '2024-04-20 07:56:16', '2024-04-20 07:56:16', 9),
(49, 'entc', '2024-04-20 07:56:16', '2024-04-20 07:56:16', 7),
(50, 'entc', '2024-04-20 07:56:16', '2024-04-20 07:56:16', 8),
(51, 'entc', '2024-04-20 07:56:16', '2024-04-20 07:56:16', 9),
(52, 'aiml', '2024-04-20 07:56:16', '2024-04-20 07:56:16', 7),
(53, 'aiml', '2024-04-20 07:56:16', '2024-04-20 07:56:16', 8),
(54, 'aiml', '2024-04-20 07:56:16', '2024-04-20 07:56:16', 9),
(55, 'cs', '2024-04-20 07:56:16', '2024-04-20 07:56:16', 10),
(56, 'cs', '2024-04-20 07:56:16', '2024-04-20 07:56:16', 11),
(57, 'cs', '2024-04-20 07:56:16', '2024-04-20 07:56:16', 12),
(58, 'ra', '2024-04-20 07:56:16', '2024-04-20 07:56:16', 10),
(59, 'ra', '2024-04-20 07:56:16', '2024-04-20 07:56:16', 11),
(60, 'ra', '2024-04-20 07:56:16', '2024-04-20 07:56:16', 12),
(61, 'civil', '2024-04-20 07:56:16', '2024-04-20 07:56:16', 10),
(62, 'civil', '2024-04-20 07:56:16', '2024-04-20 07:56:16', 11),
(63, 'civil', '2024-04-20 07:56:16', '2024-04-20 07:56:16', 12),
(64, 'mech', '2024-04-20 07:56:16', '2024-04-20 07:56:16', 10),
(65, 'mech', '2024-04-20 07:56:16', '2024-04-20 07:56:16', 11),
(66, 'mech', '2024-04-20 07:56:16', '2024-04-20 07:56:16', 12),
(67, 'entc', '2024-04-20 07:56:16', '2024-04-20 07:56:16', 10),
(68, 'entc', '2024-04-20 07:56:16', '2024-04-20 07:56:16', 11),
(69, 'entc', '2024-04-20 07:56:16', '2024-04-20 07:56:16', 12),
(70, 'aiml', '2024-04-20 07:56:16', '2024-04-20 07:56:16', 10),
(71, 'aiml', '2024-04-20 07:56:16', '2024-04-20 07:56:16', 11),
(72, 'aiml', '2024-04-20 07:56:16', '2024-04-20 07:56:16', 12);

-- --------------------------------------------------------

--
-- Table structure for table `division`
--

CREATE TABLE `division` (
  `id` int(10) UNSIGNED NOT NULL,
  `divisionName` varchar(255) DEFAULT NULL,
  `createdAt` datetime DEFAULT NULL,
  `updatedAt` datetime DEFAULT NULL,
  `DepartmentId` int(10) UNSIGNED NOT NULL
) ENGINE=InnoDB DEFAULT CHARSET=utf8mb4 COLLATE=utf8mb4_general_ci;

--
-- Dumping data for table `division`
--

INSERT INTO `division` (`id`, `divisionName`, `createdAt`, `updatedAt`, `DepartmentId`) VALUES
(1, 'A', '2024-04-20 07:56:16', '2024-04-20 07:56:16', 1),
(2, 'A', '2024-04-20 07:56:16', '2024-04-20 07:56:16', 2),
(3, 'A', '2024-04-20 07:56:16', '2024-04-20 07:56:16', 3),
(4, 'B', '2024-04-20 07:56:16', '2024-04-20 07:56:16', 1),
(5, 'B', '2024-04-20 07:56:16', '2024-04-20 07:56:16', 2),
(6, 'B', '2024-04-20 07:56:16', '2024-04-20 07:56:16', 3),
(7, 'C', '2024-04-20 07:56:16', '2024-04-20 07:56:16', 1),
(8, 'C', '2024-04-20 07:56:16', '2024-04-20 07:56:16', 2),
(9, 'C', '2024-04-20 07:56:16', '2024-04-20 07:56:16', 3),
(10, 'A', '2024-04-20 07:56:16', '2024-04-20 07:56:16', 4),
(11, 'A', '2024-04-20 07:56:16', '2024-04-20 07:56:16', 5),
(12, 'A', '2024-04-20 07:56:16', '2024-04-20 07:56:16', 6),
(13, 'B', '2024-04-20 07:56:16', '2024-04-20 07:56:16', 4),
(14, 'B', '2024-04-20 07:56:16', '2024-04-20 07:56:16', 5),
(15, 'B', '2024-04-20 07:56:16', '2024-04-20 07:56:16', 6),
(16, 'C', '2024-04-20 07:56:16', '2024-04-20 07:56:16', 4),
(17, 'C', '2024-04-20 07:56:16', '2024-04-20 07:56:16', 5),
(18, 'C', '2024-04-20 07:56:16', '2024-04-20 07:56:16', 6),
(19, 'A', '2024-04-20 07:56:16', '2024-04-20 07:56:16', 7),
(20, 'A', '2024-04-20 07:56:16', '2024-04-20 07:56:16', 8),
(21, 'A', '2024-04-20 07:56:16', '2024-04-20 07:56:16', 9),
(22, 'B', '2024-04-20 07:56:16', '2024-04-20 07:56:16', 7),
(23, 'B', '2024-04-20 07:56:16', '2024-04-20 07:56:16', 8),
(24, 'B', '2024-04-20 07:56:16', '2024-04-20 07:56:16', 9),
(25, 'C', '2024-04-20 07:56:16', '2024-04-20 07:56:16', 7),
(26, 'C', '2024-04-20 07:56:16', '2024-04-20 07:56:16', 8),
(27, 'C', '2024-04-20 07:56:16', '2024-04-20 07:56:16', 9),
(28, 'A', '2024-04-20 07:56:16', '2024-04-20 07:56:16', 10),
(29, 'A', '2024-04-20 07:56:16', '2024-04-20 07:56:16', 11),
(30, 'A', '2024-04-20 07:56:16', '2024-04-20 07:56:16', 12),
(31, 'B', '2024-04-20 07:56:16', '2024-04-20 07:56:16', 10),
(32, 'B', '2024-04-20 07:56:16', '2024-04-20 07:56:16', 11),
(33, 'B', '2024-04-20 07:56:16', '2024-04-20 07:56:16', 12),
(34, 'C', '2024-04-20 07:56:16', '2024-04-20 07:56:16', 10),
(35, 'C', '2024-04-20 07:56:16', '2024-04-20 07:56:16', 11),
(36, 'C', '2024-04-20 07:56:16', '2024-04-20 07:56:16', 12),
(37, 'A', '2024-04-20 07:56:16', '2024-04-20 07:56:16', 13),
(38, 'A', '2024-04-20 07:56:16', '2024-04-20 07:56:16', 14),
(39, 'A', '2024-04-20 07:56:16', '2024-04-20 07:56:16', 15),
(40, 'B', '2024-04-20 07:56:16', '2024-04-20 07:56:16', 13),
(41, 'B', '2024-04-20 07:56:16', '2024-04-20 07:56:16', 14),
(42, 'B', '2024-04-20 07:56:16', '2024-04-20 07:56:16', 15),
(43, 'C', '2024-04-20 07:56:16', '2024-04-20 07:56:16', 13),
(44, 'C', '2024-04-20 07:56:16', '2024-04-20 07:56:16', 14),
(45, 'C', '2024-04-20 07:56:16', '2024-04-20 07:56:16', 15),
(46, 'A', '2024-04-20 07:56:16', '2024-04-20 07:56:16', 16),
(47, 'A', '2024-04-20 07:56:16', '2024-04-20 07:56:16', 17),
(48, 'A', '2024-04-20 07:56:16', '2024-04-20 07:56:16', 18),
(49, 'B', '2024-04-20 07:56:16', '2024-04-20 07:56:16', 16),
(50, 'B', '2024-04-20 07:56:16', '2024-04-20 07:56:16', 17),
(51, 'B', '2024-04-20 07:56:16', '2024-04-20 07:56:16', 18),
(52, 'C', '2024-04-20 07:56:16', '2024-04-20 07:56:16', 16),
(53, 'C', '2024-04-20 07:56:16', '2024-04-20 07:56:16', 17),
(54, 'C', '2024-04-20 07:56:16', '2024-04-20 07:56:16', 18),
(55, 'A', '2024-04-20 07:56:16', '2024-04-20 07:56:16', 19),
(56, 'A', '2024-04-20 07:56:16', '2024-04-20 07:56:16', 20),
(57, 'A', '2024-04-20 07:56:16', '2024-04-20 07:56:16', 21),
(58, 'B', '2024-04-20 07:56:16', '2024-04-20 07:56:16', 19),
(59, 'B', '2024-04-20 07:56:16', '2024-04-20 07:56:16', 20),
(60, 'B', '2024-04-20 07:56:16', '2024-04-20 07:56:16', 21),
(61, 'C', '2024-04-20 07:56:16', '2024-04-20 07:56:16', 19),
(62, 'C', '2024-04-20 07:56:16', '2024-04-20 07:56:16', 20),
(63, 'C', '2024-04-20 07:56:16', '2024-04-20 07:56:16', 21),
(64, 'A', '2024-04-20 07:56:16', '2024-04-20 07:56:16', 22),
(65, 'A', '2024-04-20 07:56:16', '2024-04-20 07:56:16', 23),
(66, 'A', '2024-04-20 07:56:16', '2024-04-20 07:56:16', 24),
(67, 'B', '2024-04-20 07:56:16', '2024-04-20 07:56:16', 22),
(68, 'B', '2024-04-20 07:56:16', '2024-04-20 07:56:16', 23),
(69, 'B', '2024-04-20 07:56:16', '2024-04-20 07:56:16', 24),
(70, 'C', '2024-04-20 07:56:16', '2024-04-20 07:56:16', 22),
(71, 'C', '2024-04-20 07:56:16', '2024-04-20 07:56:16', 23),
(72, 'C', '2024-04-20 07:56:16', '2024-04-20 07:56:16', 24),
(73, 'A', '2024-04-20 07:56:16', '2024-04-20 07:56:16', 25),
(74, 'A', '2024-04-20 07:56:16', '2024-04-20 07:56:16', 26),
(75, 'A', '2024-04-20 07:56:16', '2024-04-20 07:56:16', 27),
(76, 'B', '2024-04-20 07:56:16', '2024-04-20 07:56:16', 25),
(77, 'B', '2024-04-20 07:56:16', '2024-04-20 07:56:16', 26),
(78, 'B', '2024-04-20 07:56:16', '2024-04-20 07:56:16', 27),
(79, 'C', '2024-04-20 07:56:16', '2024-04-20 07:56:16', 25),
(80, 'C', '2024-04-20 07:56:16', '2024-04-20 07:56:16', 26),
(81, 'C', '2024-04-20 07:56:16', '2024-04-20 07:56:16', 27),
(82, 'A', '2024-04-20 07:56:16', '2024-04-20 07:56:16', 28),
(83, 'A', '2024-04-20 07:56:16', '2024-04-20 07:56:16', 29),
(84, 'A', '2024-04-20 07:56:16', '2024-04-20 07:56:16', 30),
(85, 'B', '2024-04-20 07:56:16', '2024-04-20 07:56:16', 28),
(86, 'B', '2024-04-20 07:56:16', '2024-04-20 07:56:16', 29),
(87, 'B', '2024-04-20 07:56:16', '2024-04-20 07:56:16', 30),
(88, 'C', '2024-04-20 07:56:16', '2024-04-20 07:56:16', 28),
(89, 'C', '2024-04-20 07:56:16', '2024-04-20 07:56:16', 29),
(90, 'C', '2024-04-20 07:56:16', '2024-04-20 07:56:16', 30),
(91, 'A', '2024-04-20 07:56:16', '2024-04-20 07:56:16', 31),
(92, 'A', '2024-04-20 07:56:16', '2024-04-20 07:56:16', 32),
(93, 'A', '2024-04-20 07:56:16', '2024-04-20 07:56:16', 33),
(94, 'B', '2024-04-20 07:56:16', '2024-04-20 07:56:16', 31),
(95, 'B', '2024-04-20 07:56:16', '2024-04-20 07:56:16', 32),
(96, 'B', '2024-04-20 07:56:16', '2024-04-20 07:56:16', 33),
(97, 'C', '2024-04-20 07:56:16', '2024-04-20 07:56:16', 31),
(98, 'C', '2024-04-20 07:56:16', '2024-04-20 07:56:16', 32),
(99, 'C', '2024-04-20 07:56:16', '2024-04-20 07:56:16', 33),
(100, 'A', '2024-04-20 07:56:16', '2024-04-20 07:56:16', 34),
(101, 'A', '2024-04-20 07:56:16', '2024-04-20 07:56:16', 35),
(102, 'A', '2024-04-20 07:56:16', '2024-04-20 07:56:16', 36),
(103, 'B', '2024-04-20 07:56:16', '2024-04-20 07:56:16', 34),
(104, 'B', '2024-04-20 07:56:16', '2024-04-20 07:56:16', 35),
(105, 'B', '2024-04-20 07:56:16', '2024-04-20 07:56:16', 36),
(106, 'C', '2024-04-20 07:56:16', '2024-04-20 07:56:16', 34),
(107, 'C', '2024-04-20 07:56:16', '2024-04-20 07:56:16', 35),
(108, 'C', '2024-04-20 07:56:16', '2024-04-20 07:56:16', 36),
(109, 'A', '2024-04-20 07:56:16', '2024-04-20 07:56:16', 37),
(110, 'A', '2024-04-20 07:56:16', '2024-04-20 07:56:16', 38),
(111, 'A', '2024-04-20 07:56:16', '2024-04-20 07:56:16', 39),
(112, 'B', '2024-04-20 07:56:16', '2024-04-20 07:56:16', 37),
(113, 'B', '2024-04-20 07:56:16', '2024-04-20 07:56:16', 38),
(114, 'B', '2024-04-20 07:56:16', '2024-04-20 07:56:16', 39),
(115, 'C', '2024-04-20 07:56:16', '2024-04-20 07:56:16', 37),
(116, 'C', '2024-04-20 07:56:16', '2024-04-20 07:56:16', 38),
(117, 'C', '2024-04-20 07:56:16', '2024-04-20 07:56:16', 39),
(118, 'A', '2024-04-20 07:56:16', '2024-04-20 07:56:16', 40),
(119, 'A', '2024-04-20 07:56:16', '2024-04-20 07:56:16', 41),
(120, 'A', '2024-04-20 07:56:16', '2024-04-20 07:56:16', 42),
(121, 'B', '2024-04-20 07:56:16', '2024-04-20 07:56:16', 40),
(122, 'B', '2024-04-20 07:56:16', '2024-04-20 07:56:16', 41),
(123, 'B', '2024-04-20 07:56:16', '2024-04-20 07:56:16', 42),
(124, 'C', '2024-04-20 07:56:16', '2024-04-20 07:56:16', 40),
(125, 'C', '2024-04-20 07:56:16', '2024-04-20 07:56:16', 41),
(126, 'C', '2024-04-20 07:56:16', '2024-04-20 07:56:16', 42),
(127, 'A', '2024-04-20 07:56:16', '2024-04-20 07:56:16', 43),
(128, 'A', '2024-04-20 07:56:16', '2024-04-20 07:56:16', 44),
(129, 'A', '2024-04-20 07:56:16', '2024-04-20 07:56:16', 45),
(130, 'B', '2024-04-20 07:56:16', '2024-04-20 07:56:16', 43),
(131, 'B', '2024-04-20 07:56:16', '2024-04-20 07:56:16', 44),
(132, 'B', '2024-04-20 07:56:16', '2024-04-20 07:56:16', 45),
(133, 'C', '2024-04-20 07:56:16', '2024-04-20 07:56:16', 43),
(134, 'C', '2024-04-20 07:56:16', '2024-04-20 07:56:16', 44),
(135, 'C', '2024-04-20 07:56:16', '2024-04-20 07:56:16', 45),
(136, 'A', '2024-04-20 07:56:16', '2024-04-20 07:56:16', 46),
(137, 'A', '2024-04-20 07:56:16', '2024-04-20 07:56:16', 47),
(138, 'A', '2024-04-20 07:56:16', '2024-04-20 07:56:16', 48),
(139, 'B', '2024-04-20 07:56:16', '2024-04-20 07:56:16', 46),
(140, 'B', '2024-04-20 07:56:16', '2024-04-20 07:56:16', 47),
(141, 'B', '2024-04-20 07:56:16', '2024-04-20 07:56:16', 48),
(142, 'C', '2024-04-20 07:56:16', '2024-04-20 07:56:16', 46),
(143, 'C', '2024-04-20 07:56:16', '2024-04-20 07:56:16', 47),
(144, 'C', '2024-04-20 07:56:16', '2024-04-20 07:56:16', 48),
(145, 'A', '2024-04-20 07:56:16', '2024-04-20 07:56:16', 49),
(146, 'A', '2024-04-20 07:56:16', '2024-04-20 07:56:16', 50),
(147, 'A', '2024-04-20 07:56:16', '2024-04-20 07:56:16', 51),
(148, 'B', '2024-04-20 07:56:16', '2024-04-20 07:56:16', 49),
(149, 'B', '2024-04-20 07:56:16', '2024-04-20 07:56:16', 50),
(150, 'B', '2024-04-20 07:56:16', '2024-04-20 07:56:16', 51),
(151, 'C', '2024-04-20 07:56:16', '2024-04-20 07:56:16', 49),
(152, 'C', '2024-04-20 07:56:16', '2024-04-20 07:56:16', 50),
(153, 'C', '2024-04-20 07:56:16', '2024-04-20 07:56:16', 51),
(154, 'A', '2024-04-20 07:56:16', '2024-04-20 07:56:16', 52),
(155, 'A', '2024-04-20 07:56:16', '2024-04-20 07:56:16', 53),
(156, 'A', '2024-04-20 07:56:16', '2024-04-20 07:56:16', 54),
(157, 'B', '2024-04-20 07:56:16', '2024-04-20 07:56:16', 52),
(158, 'B', '2024-04-20 07:56:16', '2024-04-20 07:56:16', 53),
(159, 'B', '2024-04-20 07:56:16', '2024-04-20 07:56:16', 54),
(160, 'C', '2024-04-20 07:56:16', '2024-04-20 07:56:16', 52),
(161, 'C', '2024-04-20 07:56:16', '2024-04-20 07:56:16', 53),
(162, 'C', '2024-04-20 07:56:16', '2024-04-20 07:56:16', 54),
(163, 'A', '2024-04-20 07:56:16', '2024-04-20 07:56:16', 55),
(164, 'A', '2024-04-20 07:56:16', '2024-04-20 07:56:16', 56),
(165, 'A', '2024-04-20 07:56:16', '2024-04-20 07:56:16', 57),
(166, 'B', '2024-04-20 07:56:16', '2024-04-20 07:56:16', 55),
(167, 'B', '2024-04-20 07:56:16', '2024-04-20 07:56:16', 56),
(168, 'B', '2024-04-20 07:56:16', '2024-04-20 07:56:16', 57),
(169, 'C', '2024-04-20 07:56:16', '2024-04-20 07:56:16', 55),
(170, 'C', '2024-04-20 07:56:16', '2024-04-20 07:56:16', 56),
(171, 'C', '2024-04-20 07:56:16', '2024-04-20 07:56:16', 57),
(172, 'A', '2024-04-20 07:56:16', '2024-04-20 07:56:16', 58),
(173, 'A', '2024-04-20 07:56:16', '2024-04-20 07:56:16', 59),
(174, 'A', '2024-04-20 07:56:16', '2024-04-20 07:56:16', 60),
(175, 'B', '2024-04-20 07:56:16', '2024-04-20 07:56:16', 58),
(176, 'B', '2024-04-20 07:56:16', '2024-04-20 07:56:16', 59),
(177, 'B', '2024-04-20 07:56:16', '2024-04-20 07:56:16', 60),
(178, 'C', '2024-04-20 07:56:16', '2024-04-20 07:56:16', 58),
(179, 'C', '2024-04-20 07:56:16', '2024-04-20 07:56:16', 59),
(180, 'C', '2024-04-20 07:56:16', '2024-04-20 07:56:16', 60),
(181, 'A', '2024-04-20 07:56:16', '2024-04-20 07:56:16', 61),
(182, 'A', '2024-04-20 07:56:16', '2024-04-20 07:56:16', 62),
(183, 'A', '2024-04-20 07:56:16', '2024-04-20 07:56:16', 63),
(184, 'B', '2024-04-20 07:56:16', '2024-04-20 07:56:16', 61),
(185, 'B', '2024-04-20 07:56:16', '2024-04-20 07:56:16', 62),
(186, 'B', '2024-04-20 07:56:16', '2024-04-20 07:56:16', 63),
(187, 'C', '2024-04-20 07:56:16', '2024-04-20 07:56:16', 61),
(188, 'C', '2024-04-20 07:56:16', '2024-04-20 07:56:16', 62),
(189, 'C', '2024-04-20 07:56:16', '2024-04-20 07:56:16', 63),
(190, 'A', '2024-04-20 07:56:16', '2024-04-20 07:56:16', 64),
(191, 'A', '2024-04-20 07:56:16', '2024-04-20 07:56:16', 65),
(192, 'A', '2024-04-20 07:56:16', '2024-04-20 07:56:16', 66),
(193, 'B', '2024-04-20 07:56:16', '2024-04-20 07:56:16', 64),
(194, 'B', '2024-04-20 07:56:16', '2024-04-20 07:56:16', 65),
(195, 'B', '2024-04-20 07:56:16', '2024-04-20 07:56:16', 66),
(196, 'C', '2024-04-20 07:56:16', '2024-04-20 07:56:16', 64),
(197, 'C', '2024-04-20 07:56:16', '2024-04-20 07:56:16', 65),
(198, 'C', '2024-04-20 07:56:16', '2024-04-20 07:56:16', 66),
(199, 'A', '2024-04-20 07:56:16', '2024-04-20 07:56:16', 67),
(200, 'A', '2024-04-20 07:56:16', '2024-04-20 07:56:16', 68),
(201, 'A', '2024-04-20 07:56:16', '2024-04-20 07:56:16', 69),
(202, 'B', '2024-04-20 07:56:16', '2024-04-20 07:56:16', 67),
(203, 'B', '2024-04-20 07:56:16', '2024-04-20 07:56:16', 68),
(204, 'B', '2024-04-20 07:56:16', '2024-04-20 07:56:16', 69),
(205, 'C', '2024-04-20 07:56:16', '2024-04-20 07:56:16', 67),
(206, 'C', '2024-04-20 07:56:16', '2024-04-20 07:56:16', 68),
(207, 'C', '2024-04-20 07:56:16', '2024-04-20 07:56:16', 69),
(208, 'A', '2024-04-20 07:56:16', '2024-04-20 07:56:16', 70),
(209, 'A', '2024-04-20 07:56:16', '2024-04-20 07:56:16', 71),
(210, 'A', '2024-04-20 07:56:16', '2024-04-20 07:56:16', 72),
(211, 'B', '2024-04-20 07:56:16', '2024-04-20 07:56:16', 70),
(212, 'B', '2024-04-20 07:56:16', '2024-04-20 07:56:16', 71),
(213, 'B', '2024-04-20 07:56:16', '2024-04-20 07:56:16', 72),
(214, 'C', '2024-04-20 07:56:16', '2024-04-20 07:56:16', 70),
(215, 'C', '2024-04-20 07:56:16', '2024-04-20 07:56:16', 71),
(216, 'C', '2024-04-20 07:56:16', '2024-04-20 07:56:16', 72);

-- --------------------------------------------------------

--
-- Table structure for table `group`
--

CREATE TABLE `group` (
  `id` int(10) UNSIGNED NOT NULL,
  `groupName` varchar(255) DEFAULT NULL,
  `allowSimultaneous` tinyint(1) DEFAULT NULL,
  `createdAt` datetime DEFAULT NULL,
  `updatedAt` datetime DEFAULT NULL,
  `AcademicYearId` int(10) UNSIGNED NOT NULL
) ENGINE=InnoDB DEFAULT CHARSET=utf8mb4 COLLATE=utf8mb4_general_ci;

--
-- Dumping data for table `group`
--

INSERT INTO `group` (`id`, `groupName`, `allowSimultaneous`, `createdAt`, `updatedAt`, `AcademicYearId`) VALUES
(1, 'core', 0, '2024-04-20 07:56:17', '2024-04-20 07:56:17', 1),
(2, 'elective', 1, '2024-04-20 07:56:17', '2024-04-20 07:56:17', 1),
(3, 'core', 0, '2024-04-20 07:56:17', '2024-04-20 07:56:17', 2),
(4, 'elective', 1, '2024-04-20 07:56:17', '2024-04-20 07:56:17', 2),
(5, 'core', 0, '2024-04-20 07:56:17', '2024-04-20 07:56:17', 3),
(6, 'elective', 1, '2024-04-20 07:56:17', '2024-04-20 07:56:17', 3),
(7, 'core', 0, '2024-04-20 07:56:17', '2024-04-20 07:56:17', 4),
(8, 'elective', 1, '2024-04-20 07:56:17', '2024-04-20 07:56:17', 4);

-- --------------------------------------------------------

--
-- Table structure for table `slot`
--

CREATE TABLE `slot` (
  `id` int(10) UNSIGNED NOT NULL,
  `day` int(10) UNSIGNED DEFAULT NULL,
  `number` int(10) UNSIGNED DEFAULT NULL,
  `createdAt` datetime DEFAULT NULL,
  `updatedAt` datetime DEFAULT NULL,
  `AcademicYearId` int(10) UNSIGNED NOT NULL
) ENGINE=InnoDB DEFAULT CHARSET=utf8mb4 COLLATE=utf8mb4_general_ci;

--
-- Dumping data for table `slot`
--

INSERT INTO `slot` (`id`, `day`, `number`, `createdAt`, `updatedAt`, `AcademicYearId`) VALUES
(1, 1, 1, '2024-04-20 07:56:16', '2024-04-20 07:56:16', 1),
(2, 2, 2, '2024-04-20 07:56:16', '2024-04-20 07:56:16', 1),
(3, 3, 3, '2024-04-20 07:56:16', '2024-04-20 07:56:16', 1),
(4, 4, 4, '2024-04-20 07:56:16', '2024-04-20 07:56:16', 1),
(5, 5, 5, '2024-04-20 07:56:16', '2024-04-20 07:56:16', 1),
(6, 1, 8, '2024-04-20 07:56:16', '2024-04-20 07:56:16', 1),
(7, 2, 1, '2024-04-20 07:56:16', '2024-04-20 07:56:16', 1),
(8, 3, 2, '2024-04-20 07:56:16', '2024-04-20 07:56:16', 1),
(9, 4, 3, '2024-04-20 07:56:16', '2024-04-20 07:56:16', 1),
(10, 5, 4, '2024-04-20 07:56:16', '2024-04-20 07:56:16', 1),
(11, 1, 7, '2024-04-20 07:56:16', '2024-04-20 07:56:16', 1),
(12, 2, 8, '2024-04-20 07:56:16', '2024-04-20 07:56:16', 1),
(13, 3, 1, '2024-04-20 07:56:16', '2024-04-20 07:56:16', 1),
(14, 4, 2, '2024-04-20 07:56:16', '2024-04-20 07:56:16', 1),
(15, 5, 3, '2024-04-20 07:56:16', '2024-04-20 07:56:16', 1),
(16, 1, 6, '2024-04-20 07:56:16', '2024-04-20 07:56:16', 1),
(17, 2, 7, '2024-04-20 07:56:16', '2024-04-20 07:56:16', 1),
(18, 3, 8, '2024-04-20 07:56:16', '2024-04-20 07:56:16', 1),
(19, 4, 1, '2024-04-20 07:56:16', '2024-04-20 07:56:16', 1),
(20, 5, 2, '2024-04-20 07:56:16', '2024-04-20 07:56:16', 1),
(21, 1, 5, '2024-04-20 07:56:16', '2024-04-20 07:56:16', 1),
(22, 2, 6, '2024-04-20 07:56:16', '2024-04-20 07:56:16', 1),
(23, 3, 7, '2024-04-20 07:56:16', '2024-04-20 07:56:16', 1),
(24, 4, 8, '2024-04-20 07:56:16', '2024-04-20 07:56:16', 1),
(25, 5, 1, '2024-04-20 07:56:16', '2024-04-20 07:56:16', 1),
(26, 1, 4, '2024-04-20 07:56:16', '2024-04-20 07:56:16', 1),
(27, 2, 5, '2024-04-20 07:56:16', '2024-04-20 07:56:16', 1),
(28, 3, 6, '2024-04-20 07:56:16', '2024-04-20 07:56:16', 1),
(29, 4, 7, '2024-04-20 07:56:16', '2024-04-20 07:56:16', 1),
(30, 5, 8, '2024-04-20 07:56:16', '2024-04-20 07:56:16', 1),
(31, 1, 3, '2024-04-20 07:56:16', '2024-04-20 07:56:16', 1),
(32, 2, 4, '2024-04-20 07:56:16', '2024-04-20 07:56:16', 1),
(33, 3, 5, '2024-04-20 07:56:16', '2024-04-20 07:56:16', 1),
(34, 4, 6, '2024-04-20 07:56:16', '2024-04-20 07:56:16', 1),
(35, 5, 7, '2024-04-20 07:56:16', '2024-04-20 07:56:16', 1),
(36, 1, 2, '2024-04-20 07:56:16', '2024-04-20 07:56:16', 1),
(37, 2, 3, '2024-04-20 07:56:16', '2024-04-20 07:56:16', 1),
(38, 3, 4, '2024-04-20 07:56:16', '2024-04-20 07:56:16', 1),
(39, 4, 5, '2024-04-20 07:56:16', '2024-04-20 07:56:16', 1),
(40, 5, 6, '2024-04-20 07:56:16', '2024-04-20 07:56:16', 1),
(41, 1, 1, '2024-04-20 07:56:16', '2024-04-20 07:56:16', 2),
(42, 2, 2, '2024-04-20 07:56:16', '2024-04-20 07:56:16', 2),
(43, 3, 3, '2024-04-20 07:56:16', '2024-04-20 07:56:16', 2),
(44, 4, 4, '2024-04-20 07:56:16', '2024-04-20 07:56:16', 2),
(45, 5, 5, '2024-04-20 07:56:16', '2024-04-20 07:56:16', 2),
(46, 1, 8, '2024-04-20 07:56:16', '2024-04-20 07:56:16', 2),
(47, 2, 1, '2024-04-20 07:56:16', '2024-04-20 07:56:16', 2),
(48, 3, 2, '2024-04-20 07:56:16', '2024-04-20 07:56:16', 2),
(49, 4, 3, '2024-04-20 07:56:16', '2024-04-20 07:56:16', 2),
(50, 5, 4, '2024-04-20 07:56:16', '2024-04-20 07:56:16', 2),
(51, 1, 7, '2024-04-20 07:56:16', '2024-04-20 07:56:16', 2),
(52, 2, 8, '2024-04-20 07:56:16', '2024-04-20 07:56:16', 2),
(53, 3, 1, '2024-04-20 07:56:16', '2024-04-20 07:56:16', 2),
(54, 4, 2, '2024-04-20 07:56:16', '2024-04-20 07:56:16', 2),
(55, 5, 3, '2024-04-20 07:56:16', '2024-04-20 07:56:16', 2),
(56, 1, 6, '2024-04-20 07:56:16', '2024-04-20 07:56:16', 2),
(57, 2, 7, '2024-04-20 07:56:16', '2024-04-20 07:56:16', 2),
(58, 3, 8, '2024-04-20 07:56:16', '2024-04-20 07:56:16', 2),
(59, 4, 1, '2024-04-20 07:56:16', '2024-04-20 07:56:16', 2),
(60, 5, 2, '2024-04-20 07:56:16', '2024-04-20 07:56:16', 2),
(61, 1, 5, '2024-04-20 07:56:16', '2024-04-20 07:56:16', 2),
(62, 2, 6, '2024-04-20 07:56:16', '2024-04-20 07:56:16', 2),
(63, 3, 7, '2024-04-20 07:56:16', '2024-04-20 07:56:16', 2),
(64, 4, 8, '2024-04-20 07:56:16', '2024-04-20 07:56:16', 2),
(65, 5, 1, '2024-04-20 07:56:16', '2024-04-20 07:56:16', 2),
(66, 1, 4, '2024-04-20 07:56:16', '2024-04-20 07:56:16', 2),
(67, 2, 5, '2024-04-20 07:56:16', '2024-04-20 07:56:16', 2),
(68, 3, 6, '2024-04-20 07:56:16', '2024-04-20 07:56:16', 2),
(69, 4, 7, '2024-04-20 07:56:16', '2024-04-20 07:56:16', 2),
(70, 5, 8, '2024-04-20 07:56:16', '2024-04-20 07:56:16', 2),
(71, 1, 3, '2024-04-20 07:56:16', '2024-04-20 07:56:16', 2),
(72, 2, 4, '2024-04-20 07:56:16', '2024-04-20 07:56:16', 2),
(73, 3, 5, '2024-04-20 07:56:16', '2024-04-20 07:56:16', 2),
(74, 4, 6, '2024-04-20 07:56:16', '2024-04-20 07:56:16', 2),
(75, 5, 7, '2024-04-20 07:56:16', '2024-04-20 07:56:16', 2),
(76, 1, 2, '2024-04-20 07:56:16', '2024-04-20 07:56:16', 2),
(77, 2, 3, '2024-04-20 07:56:16', '2024-04-20 07:56:16', 2),
(78, 3, 4, '2024-04-20 07:56:16', '2024-04-20 07:56:16', 2),
(79, 4, 5, '2024-04-20 07:56:16', '2024-04-20 07:56:16', 2),
(80, 5, 6, '2024-04-20 07:56:16', '2024-04-20 07:56:16', 2),
(81, 1, 1, '2024-04-20 07:56:16', '2024-04-20 07:56:16', 3),
(82, 2, 2, '2024-04-20 07:56:16', '2024-04-20 07:56:16', 3),
(83, 3, 3, '2024-04-20 07:56:16', '2024-04-20 07:56:16', 3),
(84, 4, 4, '2024-04-20 07:56:16', '2024-04-20 07:56:16', 3),
(85, 5, 5, '2024-04-20 07:56:16', '2024-04-20 07:56:16', 3),
(86, 1, 8, '2024-04-20 07:56:16', '2024-04-20 07:56:16', 3),
(87, 2, 1, '2024-04-20 07:56:16', '2024-04-20 07:56:16', 3),
(88, 3, 2, '2024-04-20 07:56:16', '2024-04-20 07:56:16', 3),
(89, 4, 3, '2024-04-20 07:56:16', '2024-04-20 07:56:16', 3),
(90, 5, 4, '2024-04-20 07:56:16', '2024-04-20 07:56:16', 3),
(91, 1, 7, '2024-04-20 07:56:16', '2024-04-20 07:56:16', 3),
(92, 2, 8, '2024-04-20 07:56:16', '2024-04-20 07:56:16', 3),
(93, 3, 1, '2024-04-20 07:56:16', '2024-04-20 07:56:16', 3),
(94, 4, 2, '2024-04-20 07:56:16', '2024-04-20 07:56:16', 3),
(95, 5, 3, '2024-04-20 07:56:16', '2024-04-20 07:56:16', 3),
(96, 1, 6, '2024-04-20 07:56:16', '2024-04-20 07:56:16', 3),
(97, 2, 7, '2024-04-20 07:56:16', '2024-04-20 07:56:16', 3),
(98, 3, 8, '2024-04-20 07:56:16', '2024-04-20 07:56:16', 3),
(99, 4, 1, '2024-04-20 07:56:16', '2024-04-20 07:56:16', 3),
(100, 5, 2, '2024-04-20 07:56:16', '2024-04-20 07:56:16', 3),
(101, 1, 5, '2024-04-20 07:56:16', '2024-04-20 07:56:16', 3),
(102, 2, 6, '2024-04-20 07:56:16', '2024-04-20 07:56:16', 3),
(103, 3, 7, '2024-04-20 07:56:16', '2024-04-20 07:56:16', 3),
(104, 4, 8, '2024-04-20 07:56:16', '2024-04-20 07:56:16', 3),
(105, 5, 1, '2024-04-20 07:56:16', '2024-04-20 07:56:16', 3),
(106, 1, 4, '2024-04-20 07:56:16', '2024-04-20 07:56:16', 3),
(107, 2, 5, '2024-04-20 07:56:16', '2024-04-20 07:56:16', 3),
(108, 3, 6, '2024-04-20 07:56:16', '2024-04-20 07:56:16', 3),
(109, 4, 7, '2024-04-20 07:56:16', '2024-04-20 07:56:16', 3),
(110, 5, 8, '2024-04-20 07:56:16', '2024-04-20 07:56:16', 3),
(111, 1, 3, '2024-04-20 07:56:16', '2024-04-20 07:56:16', 3),
(112, 2, 4, '2024-04-20 07:56:16', '2024-04-20 07:56:16', 3),
(113, 3, 5, '2024-04-20 07:56:16', '2024-04-20 07:56:16', 3),
(114, 4, 6, '2024-04-20 07:56:16', '2024-04-20 07:56:16', 3),
(115, 5, 7, '2024-04-20 07:56:16', '2024-04-20 07:56:16', 3),
(116, 1, 2, '2024-04-20 07:56:16', '2024-04-20 07:56:16', 3),
(117, 2, 3, '2024-04-20 07:56:16', '2024-04-20 07:56:16', 3),
(118, 3, 4, '2024-04-20 07:56:16', '2024-04-20 07:56:16', 3),
(119, 4, 5, '2024-04-20 07:56:16', '2024-04-20 07:56:16', 3),
(120, 5, 6, '2024-04-20 07:56:16', '2024-04-20 07:56:16', 3),
(121, 1, 1, '2024-04-20 07:56:17', '2024-04-20 07:56:17', 4),
(122, 2, 2, '2024-04-20 07:56:17', '2024-04-20 07:56:17', 4),
(123, 3, 3, '2024-04-20 07:56:17', '2024-04-20 07:56:17', 4),
(124, 4, 4, '2024-04-20 07:56:17', '2024-04-20 07:56:17', 4),
(125, 5, 5, '2024-04-20 07:56:17', '2024-04-20 07:56:17', 4),
(126, 1, 8, '2024-04-20 07:56:17', '2024-04-20 07:56:17', 4),
(127, 2, 1, '2024-04-20 07:56:17', '2024-04-20 07:56:17', 4),
(128, 3, 2, '2024-04-20 07:56:17', '2024-04-20 07:56:17', 4),
(129, 4, 3, '2024-04-20 07:56:17', '2024-04-20 07:56:17', 4),
(130, 5, 4, '2024-04-20 07:56:17', '2024-04-20 07:56:17', 4),
(131, 1, 7, '2024-04-20 07:56:17', '2024-04-20 07:56:17', 4),
(132, 2, 8, '2024-04-20 07:56:17', '2024-04-20 07:56:17', 4),
(133, 3, 1, '2024-04-20 07:56:17', '2024-04-20 07:56:17', 4),
(134, 4, 2, '2024-04-20 07:56:17', '2024-04-20 07:56:17', 4),
(135, 5, 3, '2024-04-20 07:56:17', '2024-04-20 07:56:17', 4),
(136, 1, 6, '2024-04-20 07:56:17', '2024-04-20 07:56:17', 4),
(137, 2, 7, '2024-04-20 07:56:17', '2024-04-20 07:56:17', 4),
(138, 3, 8, '2024-04-20 07:56:17', '2024-04-20 07:56:17', 4),
(139, 4, 1, '2024-04-20 07:56:17', '2024-04-20 07:56:17', 4),
(140, 5, 2, '2024-04-20 07:56:17', '2024-04-20 07:56:17', 4),
(141, 1, 5, '2024-04-20 07:56:17', '2024-04-20 07:56:17', 4),
(142, 2, 6, '2024-04-20 07:56:17', '2024-04-20 07:56:17', 4),
(143, 3, 7, '2024-04-20 07:56:17', '2024-04-20 07:56:17', 4),
(144, 4, 8, '2024-04-20 07:56:17', '2024-04-20 07:56:17', 4),
(145, 5, 1, '2024-04-20 07:56:17', '2024-04-20 07:56:17', 4),
(146, 1, 4, '2024-04-20 07:56:17', '2024-04-20 07:56:17', 4),
(147, 2, 5, '2024-04-20 07:56:17', '2024-04-20 07:56:17', 4),
(148, 3, 6, '2024-04-20 07:56:17', '2024-04-20 07:56:17', 4),
(149, 4, 7, '2024-04-20 07:56:17', '2024-04-20 07:56:17', 4),
(150, 5, 8, '2024-04-20 07:56:17', '2024-04-20 07:56:17', 4),
(151, 1, 3, '2024-04-20 07:56:17', '2024-04-20 07:56:17', 4),
(152, 2, 4, '2024-04-20 07:56:17', '2024-04-20 07:56:17', 4),
(153, 3, 5, '2024-04-20 07:56:17', '2024-04-20 07:56:17', 4),
(154, 4, 6, '2024-04-20 07:56:17', '2024-04-20 07:56:17', 4),
(155, 5, 7, '2024-04-20 07:56:17', '2024-04-20 07:56:17', 4),
(156, 1, 2, '2024-04-20 07:56:17', '2024-04-20 07:56:17', 4),
(157, 2, 3, '2024-04-20 07:56:17', '2024-04-20 07:56:17', 4),
(158, 3, 4, '2024-04-20 07:56:17', '2024-04-20 07:56:17', 4),
(159, 4, 5, '2024-04-20 07:56:17', '2024-04-20 07:56:17', 4),
(160, 5, 6, '2024-04-20 07:56:17', '2024-04-20 07:56:17', 4);

-- --------------------------------------------------------

--
-- Table structure for table `slotdataclasses`
--

CREATE TABLE `slotdataclasses` (
  `id` int(10) UNSIGNED NOT NULL,
  `createdAt` datetime DEFAULT NULL,
  `updatedAt` datetime DEFAULT NULL,
  `SlotDataId` int(10) UNSIGNED NOT NULL,
  `ClassroomId` int(10) UNSIGNED NOT NULL
) ENGINE=InnoDB DEFAULT CHARSET=utf8mb4 COLLATE=utf8mb4_general_ci;

--
-- Dumping data for table `slotdataclasses`
--

INSERT INTO `slotdataclasses` (`id`, `createdAt`, `updatedAt`, `SlotDataId`, `ClassroomId`) VALUES
(280, NULL, NULL, 264, 44),
(281, NULL, NULL, 265, 44),
(282, NULL, NULL, 266, 65),
(283, NULL, NULL, 267, 65),
(284, NULL, NULL, 268, 50),
(285, NULL, NULL, 269, 50),
(286, NULL, NULL, 270, 38),
(287, NULL, NULL, 271, 38),
(288, NULL, NULL, 272, 37),
(289, NULL, NULL, 273, 37),
(290, NULL, NULL, 274, 39),
(291, NULL, NULL, 275, 39),
(292, NULL, NULL, 276, 37),
(293, NULL, NULL, 277, 37),
(294, NULL, NULL, 278, 38),
(295, NULL, NULL, 279, 38),
(296, NULL, NULL, 280, 58),
(297, NULL, NULL, 281, 58),
(298, NULL, NULL, 282, 61),
(299, NULL, NULL, 283, 61),
(300, NULL, NULL, 284, 43),
(301, NULL, NULL, 285, 43),
(302, NULL, NULL, 286, 64),
(303, NULL, NULL, 287, 64),
(304, NULL, NULL, 288, 42),
(305, NULL, NULL, 289, 42),
(306, NULL, NULL, 290, 47),
(307, NULL, NULL, 291, 47),
(308, NULL, NULL, 292, 62),
(309, NULL, NULL, 293, 62),
(310, NULL, NULL, 294, 42),
(311, NULL, NULL, 295, 42),
(312, NULL, NULL, 296, 56),
(313, NULL, NULL, 297, 56),
(314, NULL, NULL, 298, 44),
(315, NULL, NULL, 299, 44),
(316, NULL, NULL, 300, 56),
(317, NULL, NULL, 301, 56),
(318, NULL, NULL, 302, 59),
(319, NULL, NULL, 303, 59),
(320, NULL, NULL, 304, 49),
(321, NULL, NULL, 305, 49),
(322, NULL, NULL, 306, 70),
(323, NULL, NULL, 307, 70),
(324, NULL, NULL, 308, 60),
(325, NULL, NULL, 309, 60),
(326, NULL, NULL, 310, 61),
(327, NULL, NULL, 311, 61),
(328, NULL, NULL, 312, 57),
(329, NULL, NULL, 313, 57),
(330, NULL, NULL, 314, 54),
(331, NULL, NULL, 315, 54),
(332, NULL, NULL, 316, 63),
(333, NULL, NULL, 317, 63),
(334, NULL, NULL, 318, 69),
(335, NULL, NULL, 319, 69),
(336, NULL, NULL, 320, 38),
(337, NULL, NULL, 321, 38),
(338, NULL, NULL, 322, 67),
(339, NULL, NULL, 323, 67),
(340, NULL, NULL, 324, 45),
(341, NULL, NULL, 325, 45),
(342, NULL, NULL, 326, 49),
(343, NULL, NULL, 327, 49),
(344, NULL, NULL, 328, 52),
(345, NULL, NULL, 329, 52),
(346, NULL, NULL, 330, 53),
(347, NULL, NULL, 331, 53),
(348, NULL, NULL, 332, 60),
(349, NULL, NULL, 333, 60),
(350, NULL, NULL, 334, 82),
(351, NULL, NULL, 335, 69),
(352, NULL, NULL, 336, 69),
(353, NULL, NULL, 337, 61),
(354, NULL, NULL, 338, 61),
(355, NULL, NULL, 339, 65),
(356, NULL, NULL, 340, 65),
(357, NULL, NULL, 341, 60),
(358, NULL, NULL, 342, 60),
(359, NULL, NULL, 343, 43),
(360, NULL, NULL, 344, 43),
(361, NULL, NULL, 345, 13),
(362, NULL, NULL, 346, 68),
(363, NULL, NULL, 347, 68),
(364, NULL, NULL, 348, 25),
(365, NULL, NULL, 349, 33),
(366, NULL, NULL, 350, 21),
(367, NULL, NULL, 351, 78),
(368, NULL, NULL, 352, 45),
(369, NULL, NULL, 353, 45),
(370, NULL, NULL, 354, 47),
(371, NULL, NULL, 355, 47),
(372, NULL, NULL, 356, 61),
(373, NULL, NULL, 357, 61),
(374, NULL, NULL, 358, 47),
(375, NULL, NULL, 359, 47),
(376, NULL, NULL, 360, 69),
(377, NULL, NULL, 361, 69),
(378, NULL, NULL, 362, 20),
(379, NULL, NULL, 363, 60),
(380, NULL, NULL, 364, 60),
(381, NULL, NULL, 365, 83),
(382, NULL, NULL, 366, 43),
(383, NULL, NULL, 367, 43),
(384, NULL, NULL, 368, 63),
(385, NULL, NULL, 369, 63),
(386, NULL, NULL, 370, 18),
(387, NULL, NULL, 371, 37),
(388, NULL, NULL, 372, 37),
(389, NULL, NULL, 373, 8),
(390, NULL, NULL, 374, 51),
(391, NULL, NULL, 375, 51),
(392, NULL, NULL, 376, 69),
(393, NULL, NULL, 377, 69),
(394, NULL, NULL, 378, 63),
(395, NULL, NULL, 379, 63),
(396, NULL, NULL, 380, 54),
(397, NULL, NULL, 381, 54),
(398, NULL, NULL, 382, 40),
(399, NULL, NULL, 383, 40),
(400, NULL, NULL, 384, 69),
(401, NULL, NULL, 385, 69),
(402, NULL, NULL, 386, 39),
(403, NULL, NULL, 387, 39),
(404, NULL, NULL, 388, 61),
(405, NULL, NULL, 389, 61),
(406, NULL, NULL, 390, 58),
(407, NULL, NULL, 391, 58),
(408, NULL, NULL, 392, 60),
(409, NULL, NULL, 393, 60),
(410, NULL, NULL, 394, 15),
(411, NULL, NULL, 395, 41),
(412, NULL, NULL, 396, 41),
(413, NULL, NULL, 397, 28),
(414, NULL, NULL, 398, 5),
(415, NULL, NULL, 399, 23),
(416, NULL, NULL, 400, 10),
(417, NULL, NULL, 401, 13),
(418, NULL, NULL, 402, 62),
(419, NULL, NULL, 403, 62),
(420, NULL, NULL, 404, 24),
(421, NULL, NULL, 405, 5),
(422, NULL, NULL, 406, 86),
(423, NULL, NULL, 407, 47),
(424, NULL, NULL, 408, 47),
(425, NULL, NULL, 409, 50),
(426, NULL, NULL, 410, 50),
(427, NULL, NULL, 411, 38),
(428, NULL, NULL, 412, 38),
(429, NULL, NULL, 413, 46),
(430, NULL, NULL, 414, 46),
(431, NULL, NULL, 415, 57),
(432, NULL, NULL, 416, 57),
(433, NULL, NULL, 417, 75),
(434, NULL, NULL, 418, 33),
(435, NULL, NULL, 419, 5),
(436, NULL, NULL, 420, 85),
(437, NULL, NULL, 421, 83),
(438, NULL, NULL, 422, 74),
(439, NULL, NULL, 423, 35),
(440, NULL, NULL, 424, 13),
(441, NULL, NULL, 425, 77),
(442, NULL, NULL, 426, 86),
(443, NULL, NULL, 427, 78),
(444, NULL, NULL, 428, 54),
(445, NULL, NULL, 429, 54),
(446, NULL, NULL, 430, 10),
(447, NULL, NULL, 431, 72),
(448, NULL, NULL, 432, 76),
(449, NULL, NULL, 433, 80),
(450, NULL, NULL, 434, 79),
(451, NULL, NULL, 435, 75),
(452, NULL, NULL, 436, 66),
(453, NULL, NULL, 437, 66),
(454, NULL, NULL, 438, 25),
(455, NULL, NULL, 439, 6),
(456, NULL, NULL, 440, 75),
(457, NULL, NULL, 441, 32),
(458, NULL, NULL, 442, 28),
(459, NULL, NULL, 443, 45),
(460, NULL, NULL, 444, 45),
(461, NULL, NULL, 445, 42),
(462, NULL, NULL, 446, 42),
(463, NULL, NULL, 447, 1),
(464, NULL, NULL, 448, 35),
(465, NULL, NULL, 449, 72),
(466, NULL, NULL, 450, 30),
(467, NULL, NULL, 451, 15),
(468, NULL, NULL, 452, 84),
(469, NULL, NULL, 453, 33),
(470, NULL, NULL, 454, 55),
(471, NULL, NULL, 455, 55),
(472, NULL, NULL, 456, 86),
(473, NULL, NULL, 457, 19),
(474, NULL, NULL, 458, 84),
(475, NULL, NULL, 459, 26),
(476, NULL, NULL, 460, 82),
(477, NULL, NULL, 461, 39),
(478, NULL, NULL, 462, 39),
(479, NULL, NULL, 463, 74),
(480, NULL, NULL, 464, 55),
(481, NULL, NULL, 465, 55),
(482, NULL, NULL, 466, 59),
(483, NULL, NULL, 467, 59),
(484, NULL, NULL, 468, 23),
(485, NULL, NULL, 469, 32),
(486, NULL, NULL, 470, 46),
(487, NULL, NULL, 471, 46),
(488, NULL, NULL, 472, 72),
(489, NULL, NULL, 473, 74),
(490, NULL, NULL, 474, 30),
(491, NULL, NULL, 475, 2),
(492, NULL, NULL, 476, 30),
(493, NULL, NULL, 477, 21),
(494, NULL, NULL, 478, 39),
(495, NULL, NULL, 479, 39),
(496, NULL, NULL, 480, 2),
(497, NULL, NULL, 481, 77),
(498, NULL, NULL, 482, 33),
(499, NULL, NULL, 483, 29),
(500, NULL, NULL, 484, 86),
(501, NULL, NULL, 485, 37),
(502, NULL, NULL, 486, 37),
(503, NULL, NULL, 487, 33),
(504, NULL, NULL, 488, 74),
(505, NULL, NULL, 489, 15),
(506, NULL, NULL, 490, 3),
(507, NULL, NULL, 491, 29),
(508, NULL, NULL, 492, 38),
(509, NULL, NULL, 493, 38),
(510, NULL, NULL, 494, 86),
(511, NULL, NULL, 495, 11),
(512, NULL, NULL, 496, 1),
(513, NULL, NULL, 497, 31),
(514, NULL, NULL, 498, 16),
(515, NULL, NULL, 499, 10),
(516, NULL, NULL, 500, 45),
(517, NULL, NULL, 501, 45),
(518, NULL, NULL, 502, 9),
(519, NULL, NULL, 503, 74),
(520, NULL, NULL, 504, 29),
(521, NULL, NULL, 505, 4),
(522, NULL, NULL, 506, 30),
(523, NULL, NULL, 507, 76),
(524, NULL, NULL, 508, 27),
(525, NULL, NULL, 509, 1),
(526, NULL, NULL, 510, 19),
(527, NULL, NULL, 511, 10),
(528, NULL, NULL, 512, 58),
(529, NULL, NULL, 513, 58),
(530, NULL, NULL, 514, 15),
(531, NULL, NULL, 515, 22),
(532, NULL, NULL, 516, 27),
(533, NULL, NULL, 517, 4),
(534, NULL, NULL, 518, 77),
(535, NULL, NULL, 519, 13),
(536, NULL, NULL, 520, 65),
(537, NULL, NULL, 521, 65),
(538, NULL, NULL, 522, 42),
(539, NULL, NULL, 523, 42),
(540, NULL, NULL, 524, 49),
(541, NULL, NULL, 525, 49),
(542, NULL, NULL, 526, 72),
(543, NULL, NULL, 527, 66),
(544, NULL, NULL, 528, 66),
(545, NULL, NULL, 529, 50),
(546, NULL, NULL, 530, 50),
(547, NULL, NULL, 531, 32),
(548, NULL, NULL, 532, 66),
(549, NULL, NULL, 533, 66),
(550, NULL, NULL, 534, 18),
(551, NULL, NULL, 535, 11),
(552, NULL, NULL, 536, 10),
(553, NULL, NULL, 537, 51),
(554, NULL, NULL, 538, 51),
(555, NULL, NULL, 539, 68),
(556, NULL, NULL, 540, 68),
(557, NULL, NULL, 541, 70),
(558, NULL, NULL, 542, 70),
(559, NULL, NULL, 543, 32),
(560, NULL, NULL, 544, 40),
(561, NULL, NULL, 545, 40),
(562, NULL, NULL, 546, 52),
(563, NULL, NULL, 547, 52),
(564, NULL, NULL, 548, 48),
(565, NULL, NULL, 549, 48),
(566, NULL, NULL, 550, 6),
(567, NULL, NULL, 551, 61),
(568, NULL, NULL, 552, 61),
(569, NULL, NULL, 553, 33),
(570, NULL, NULL, 554, 83),
(571, NULL, NULL, 555, 12),
(572, NULL, NULL, 556, 67),
(573, NULL, NULL, 557, 67),
(574, NULL, NULL, 558, 35),
(575, NULL, NULL, 559, 24),
(576, NULL, NULL, 560, 75),
(577, NULL, NULL, 561, 74),
(578, NULL, NULL, 562, 79),
(579, NULL, NULL, 563, 29),
(580, NULL, NULL, 564, 3),
(581, NULL, NULL, 565, 35),
(582, NULL, NULL, 566, 19),
(583, NULL, NULL, 567, 81),
(584, NULL, NULL, 568, 86),
(585, NULL, NULL, 569, 28),
(586, NULL, NULL, 570, 7),
(587, NULL, NULL, 571, 21),
(588, NULL, NULL, 572, 36),
(589, NULL, NULL, 573, 79),
(590, NULL, NULL, 574, 38),
(591, NULL, NULL, 575, 38),
(592, NULL, NULL, 576, 14),
(593, NULL, NULL, 577, 18),
(594, NULL, NULL, 578, 83),
(595, NULL, NULL, 579, 68),
(596, NULL, NULL, 580, 68),
(597, NULL, NULL, 581, 56),
(598, NULL, NULL, 582, 56),
(599, NULL, NULL, 583, 30),
(600, NULL, NULL, 584, 15),
(601, NULL, NULL, 585, 26),
(602, NULL, NULL, 586, 46),
(603, NULL, NULL, 587, 46),
(604, NULL, NULL, 588, 80),
(605, NULL, NULL, 589, 31),
(606, NULL, NULL, 590, 30),
(607, NULL, NULL, 591, 17),
(608, NULL, NULL, 592, 17),
(609, NULL, NULL, 593, 57),
(610, NULL, NULL, 594, 57),
(611, NULL, NULL, 595, 7),
(612, NULL, NULL, 596, 7),
(613, NULL, NULL, 597, 44),
(614, NULL, NULL, 598, 44),
(615, NULL, NULL, 599, 55),
(616, NULL, NULL, 600, 55),
(617, NULL, NULL, 601, 4),
(618, NULL, NULL, 602, 78),
(619, NULL, NULL, 603, 14),
(620, NULL, NULL, 604, 8),
(621, NULL, NULL, 605, 20),
(622, NULL, NULL, 606, 20),
(623, NULL, NULL, 607, 2),
(624, NULL, NULL, 608, 59),
(625, NULL, NULL, 609, 59),
(626, NULL, NULL, 610, 30),
(627, NULL, NULL, 611, 85),
(628, NULL, NULL, 612, 26),
(629, NULL, NULL, 613, 79),
(630, NULL, NULL, 614, 3),
(631, NULL, NULL, 615, 28),
(632, NULL, NULL, 616, 18),
(633, NULL, NULL, 617, 23),
(634, NULL, NULL, 618, 33),
(635, NULL, NULL, 619, 5),
(636, NULL, NULL, 620, 77),
(637, NULL, NULL, 621, 11),
(638, NULL, NULL, 622, 10),
(639, NULL, NULL, 623, 8),
(640, NULL, NULL, 624, 50),
(641, NULL, NULL, 625, 50),
(642, NULL, NULL, 626, 86),
(643, NULL, NULL, 627, 78),
(644, NULL, NULL, 628, 18),
(645, NULL, NULL, 629, 82),
(646, NULL, NULL, 630, 56),
(647, NULL, NULL, 631, 56),
(648, NULL, NULL, 632, 24),
(649, NULL, NULL, 633, 46),
(650, NULL, NULL, 634, 46),
(651, NULL, NULL, 635, 76),
(652, NULL, NULL, 636, 77),
(653, NULL, NULL, 637, 19),
(654, NULL, NULL, 638, 74),
(655, NULL, NULL, 639, 56),
(656, NULL, NULL, 640, 56),
(657, NULL, NULL, 641, 16),
(658, NULL, NULL, 642, 75),
(659, NULL, NULL, 643, 30),
(660, NULL, NULL, 644, 20),
(661, NULL, NULL, 645, 6),
(662, NULL, NULL, 646, 41),
(663, NULL, NULL, 647, 41),
(664, NULL, NULL, 648, 60),
(665, NULL, NULL, 649, 60),
(666, NULL, NULL, 650, 79),
(667, NULL, NULL, 651, 1),
(668, NULL, NULL, 652, 20),
(669, NULL, NULL, 653, 33),
(670, NULL, NULL, 654, 18),
(671, NULL, NULL, 655, 28),
(672, NULL, NULL, 656, 45),
(673, NULL, NULL, 657, 45),
(674, NULL, NULL, 658, 5),
(675, NULL, NULL, 659, 66),
(676, NULL, NULL, 660, 66),
(677, NULL, NULL, 661, 11),
(678, NULL, NULL, 662, 10),
(679, NULL, NULL, 663, 2),
(680, NULL, NULL, 664, 39),
(681, NULL, NULL, 665, 39),
(682, NULL, NULL, 666, 80),
(683, NULL, NULL, 667, 30),
(684, NULL, NULL, 668, 7),
(685, NULL, NULL, 669, 66),
(686, NULL, NULL, 670, 66),
(687, NULL, NULL, 671, 2),
(688, NULL, NULL, 672, 41),
(689, NULL, NULL, 673, 41),
(690, NULL, NULL, 674, 14),
(691, NULL, NULL, 675, 71),
(692, NULL, NULL, 676, 83),
(693, NULL, NULL, 677, 73),
(694, NULL, NULL, 678, 78),
(695, NULL, NULL, 679, 28),
(696, NULL, NULL, 680, 80),
(697, NULL, NULL, 681, 28),
(698, NULL, NULL, 682, 30),
(699, NULL, NULL, 683, 57),
(700, NULL, NULL, 684, 57),
(701, NULL, NULL, 685, 76),
(702, NULL, NULL, 686, 76),
(703, NULL, NULL, 687, 86),
(704, NULL, NULL, 688, 28),
(705, NULL, NULL, 689, 26),
(706, NULL, NULL, 690, 46),
(707, NULL, NULL, 691, 46),
(708, NULL, NULL, 692, 6),
(709, NULL, NULL, 693, 41),
(710, NULL, NULL, 694, 41),
(711, NULL, NULL, 695, 35),
(712, NULL, NULL, 696, 22),
(713, NULL, NULL, 697, 33),
(714, NULL, NULL, 698, 20),
(715, NULL, NULL, 699, 15),
(716, NULL, NULL, 700, 80),
(717, NULL, NULL, 701, 73),
(718, NULL, NULL, 702, 36),
(719, NULL, NULL, 703, 6),
(720, NULL, NULL, 704, 82),
(721, NULL, NULL, 705, 65),
(722, NULL, NULL, 706, 65),
(723, NULL, NULL, 707, 7),
(724, NULL, NULL, 708, 85),
(725, NULL, NULL, 709, 85),
(726, NULL, NULL, 710, 84),
(727, NULL, NULL, 711, 63),
(728, NULL, NULL, 712, 63),
(729, NULL, NULL, 713, 73),
(730, NULL, NULL, 714, 79),
(731, NULL, NULL, 715, 12),
(732, NULL, NULL, 716, 16),
(733, NULL, NULL, 717, 38),
(734, NULL, NULL, 718, 38),
(735, NULL, NULL, 719, 5),
(736, NULL, NULL, 720, 72),
(737, NULL, NULL, 721, 29),
(738, NULL, NULL, 722, 32),
(739, NULL, NULL, 723, 78),
(740, NULL, NULL, 724, 32),
(741, NULL, NULL, 725, 49),
(742, NULL, NULL, 726, 49),
(743, NULL, NULL, 727, 62),
(744, NULL, NULL, 728, 62),
(745, NULL, NULL, 729, 66),
(746, NULL, NULL, 730, 66),
(747, NULL, NULL, 731, 16),
(748, NULL, NULL, 732, 65),
(749, NULL, NULL, 733, 65),
(750, NULL, NULL, 734, 2),
(751, NULL, NULL, 735, 29),
(752, NULL, NULL, 736, 61),
(753, NULL, NULL, 737, 61),
(754, NULL, NULL, 738, 69),
(755, NULL, NULL, 739, 69),
(756, NULL, NULL, 740, 20),
(757, NULL, NULL, 741, 25),
(758, NULL, NULL, 742, 81),
(759, NULL, NULL, 743, 77),
(760, NULL, NULL, 744, 21),
(761, NULL, NULL, 745, 65),
(762, NULL, NULL, 746, 65),
(763, NULL, NULL, 747, 71),
(764, NULL, NULL, 748, 77),
(765, NULL, NULL, 749, 13),
(766, NULL, NULL, 750, 33),
(767, NULL, NULL, 751, 82),
(768, NULL, NULL, 752, 85),
(769, NULL, NULL, 753, 71),
(770, NULL, NULL, 754, 44),
(771, NULL, NULL, 755, 44),
(772, NULL, NULL, 756, 2),
(773, NULL, NULL, 757, 5),
(774, NULL, NULL, 758, 24),
(775, NULL, NULL, 759, 27),
(776, NULL, NULL, 760, 11),
(777, NULL, NULL, 761, 22),
(778, NULL, NULL, 762, 58),
(779, NULL, NULL, 763, 58),
(780, NULL, NULL, 764, 18),
(781, NULL, NULL, 765, 4),
(782, NULL, NULL, 766, 70),
(783, NULL, NULL, 767, 70),
(784, NULL, NULL, 768, 30),
(785, NULL, NULL, 769, 71),
(786, NULL, NULL, 770, 17),
(787, NULL, NULL, 771, 17),
(788, NULL, NULL, 772, 17),
(789, NULL, NULL, 773, 66),
(790, NULL, NULL, 774, 66),
(791, NULL, NULL, 775, 62),
(792, NULL, NULL, 776, 62),
(793, NULL, NULL, 777, 26),
(794, NULL, NULL, 778, 78),
(795, NULL, NULL, 779, 8),
(796, NULL, NULL, 780, 20),
(797, NULL, NULL, 781, 48),
(798, NULL, NULL, 782, 48),
(799, NULL, NULL, 783, 19),
(800, NULL, NULL, 784, 5),
(801, NULL, NULL, 785, 24),
(802, NULL, NULL, 786, 3),
(803, NULL, NULL, 787, 31),
(804, NULL, NULL, 788, 33),
(805, NULL, NULL, 789, 8),
(806, NULL, NULL, 790, 85),
(807, NULL, NULL, 791, 13),
(808, NULL, NULL, 792, 70),
(809, NULL, NULL, 793, 70),
(810, NULL, NULL, 794, 74),
(811, NULL, NULL, 795, 18),
(812, NULL, NULL, 796, 73),
(813, NULL, NULL, 797, 84),
(814, NULL, NULL, 798, 35),
(815, NULL, NULL, 799, 31),
(816, NULL, NULL, 800, 3),
(817, NULL, NULL, 801, 33),
(818, NULL, NULL, 802, 72),
(819, NULL, NULL, 803, 7),
(820, NULL, NULL, 804, 81),
(821, NULL, NULL, 805, 12),
(822, NULL, NULL, 806, 3),
(823, NULL, NULL, 807, 6),
(824, NULL, NULL, 808, 6),
(825, NULL, NULL, 809, 8),
(826, NULL, NULL, 810, 55),
(827, NULL, NULL, 811, 55),
(828, NULL, NULL, 812, 75),
(829, NULL, NULL, 813, 65),
(830, NULL, NULL, 814, 65),
(831, NULL, NULL, 815, 82),
(832, NULL, NULL, 816, 79),
(833, NULL, NULL, 817, 13),
(834, NULL, NULL, 818, 75),
(835, NULL, NULL, 819, 29),
(836, NULL, NULL, 820, 50),
(837, NULL, NULL, 821, 50),
(838, NULL, NULL, 822, 78),
(839, NULL, NULL, 823, 11),
(840, NULL, NULL, 824, 55),
(841, NULL, NULL, 825, 55),
(842, NULL, NULL, 826, 81),
(843, NULL, NULL, 827, 36),
(844, NULL, NULL, 828, 81),
(845, NULL, NULL, 829, 69),
(846, NULL, NULL, 830, 69),
(847, NULL, NULL, 831, 9),
(848, NULL, NULL, 832, 81),
(849, NULL, NULL, 833, 12),
(850, NULL, NULL, 834, 86),
(851, NULL, NULL, 835, 71),
(852, NULL, NULL, 836, 75),
(853, NULL, NULL, 837, 39),
(854, NULL, NULL, 838, 39),
(855, NULL, NULL, 839, 17),
(856, NULL, NULL, 840, 66),
(857, NULL, NULL, 841, 66),
(858, NULL, NULL, 842, 12),
(859, NULL, NULL, 843, 58),
(860, NULL, NULL, 844, 58),
(861, NULL, NULL, 845, 26),
(862, NULL, NULL, 846, 5),
(863, NULL, NULL, 847, 12),
(864, NULL, NULL, 848, 21),
(865, NULL, NULL, 849, 3),
(866, NULL, NULL, 850, 22),
(867, NULL, NULL, 851, 80),
(868, NULL, NULL, 852, 72),
(869, NULL, NULL, 853, 73),
(870, NULL, NULL, 854, 27),
(871, NULL, NULL, 855, 82),
(872, NULL, NULL, 856, 10),
(873, NULL, NULL, 857, 21),
(874, NULL, NULL, 858, 46),
(875, NULL, NULL, 859, 46),
(876, NULL, NULL, 860, 10),
(877, NULL, NULL, 861, 76),
(878, NULL, NULL, 862, 25),
(879, NULL, NULL, 863, 18),
(880, NULL, NULL, 864, 13),
(881, NULL, NULL, 865, 5),
(882, NULL, NULL, 866, 13),
(883, NULL, NULL, 867, 3),
(884, NULL, NULL, 868, 15),
(885, NULL, NULL, 869, 11),
(886, NULL, NULL, 870, 60),
(887, NULL, NULL, 871, 60),
(888, NULL, NULL, 872, 1),
(889, NULL, NULL, 873, 31),
(890, NULL, NULL, 874, 62),
(891, NULL, NULL, 875, 62),
(892, NULL, NULL, 876, 2),
(893, NULL, NULL, 877, 64),
(894, NULL, NULL, 878, 64),
(895, NULL, NULL, 879, 22),
(896, NULL, NULL, 880, 31),
(897, NULL, NULL, 881, 15),
(898, NULL, NULL, 882, 34),
(899, NULL, NULL, 883, 14),
(900, NULL, NULL, 884, 37),
(901, NULL, NULL, 885, 37),
(902, NULL, NULL, 886, 46),
(903, NULL, NULL, 887, 46),
(904, NULL, NULL, 888, 36),
(905, NULL, NULL, 889, 43),
(906, NULL, NULL, 890, 43),
(907, NULL, NULL, 891, 71),
(908, NULL, NULL, 892, 45),
(909, NULL, NULL, 893, 45),
(910, NULL, NULL, 894, 22),
(911, NULL, NULL, 895, 18),
(912, NULL, NULL, 896, 19),
(913, NULL, NULL, 897, 7),
(914, NULL, NULL, 898, 54),
(915, NULL, NULL, 899, 54),
(916, NULL, NULL, 900, 86),
(917, NULL, NULL, 901, 11),
(918, NULL, NULL, 902, 8),
(919, NULL, NULL, 903, 13),
(920, NULL, NULL, 904, 22),
(921, NULL, NULL, 905, 4),
(922, NULL, NULL, 906, 7),
(923, NULL, NULL, 907, 38),
(924, NULL, NULL, 908, 38),
(925, NULL, NULL, 909, 5),
(926, NULL, NULL, 910, 31),
(927, NULL, NULL, 911, 34),
(928, NULL, NULL, 912, 14),
(929, NULL, NULL, 913, 82),
(930, NULL, NULL, 914, 73),
(931, NULL, NULL, 915, 46),
(932, NULL, NULL, 916, 46),
(933, NULL, NULL, 917, 31),
(934, NULL, NULL, 918, 18),
(935, NULL, NULL, 919, 74),
(936, NULL, NULL, 920, 35),
(937, NULL, NULL, 921, 64),
(938, NULL, NULL, 922, 64),
(939, NULL, NULL, 923, 19),
(940, NULL, NULL, 924, 21),
(941, NULL, NULL, 925, 36),
(942, NULL, NULL, 926, 15),
(943, NULL, NULL, 927, 79),
(944, NULL, NULL, 928, 56),
(945, NULL, NULL, 929, 56),
(946, NULL, NULL, 930, 12),
(947, NULL, NULL, 931, 51),
(948, NULL, NULL, 932, 51),
(949, NULL, NULL, 933, 2),
(950, NULL, NULL, 934, 25),
(951, NULL, NULL, 935, 6),
(952, NULL, NULL, 936, 29),
(953, NULL, NULL, 937, 20),
(954, NULL, NULL, 938, 30),
(955, NULL, NULL, 939, 48),
(956, NULL, NULL, 940, 48),
(957, NULL, NULL, 941, 7),
(958, NULL, NULL, 942, 32),
(959, NULL, NULL, 943, 29),
(960, NULL, NULL, 944, 74),
(961, NULL, NULL, 945, 6),
(962, NULL, NULL, 946, 23),
(963, NULL, NULL, 947, 64),
(964, NULL, NULL, 948, 64),
(965, NULL, NULL, 949, 32),
(966, NULL, NULL, 950, 17),
(967, NULL, NULL, 951, 34),
(968, NULL, NULL, 952, 28),
(969, NULL, NULL, 953, 76),
(970, NULL, NULL, 954, 48),
(971, NULL, NULL, 955, 48),
(972, NULL, NULL, 956, 1),
(973, NULL, NULL, 957, 75),
(974, NULL, NULL, 958, 29),
(975, NULL, NULL, 959, 16),
(976, NULL, NULL, 960, 27),
(977, NULL, NULL, 961, 33),
(978, NULL, NULL, 962, 78),
(979, NULL, NULL, 963, 78),
(980, NULL, NULL, 964, 81),
(981, NULL, NULL, 965, 33),
(982, NULL, NULL, 966, 1),
(983, NULL, NULL, 967, 26),
(984, NULL, NULL, 968, 4),
(985, NULL, NULL, 969, 7),
(986, NULL, NULL, 970, 37),
(987, NULL, NULL, 971, 37),
(988, NULL, NULL, 972, 53),
(989, NULL, NULL, 973, 53),
(990, NULL, NULL, 974, 5),
(991, NULL, NULL, 975, 52),
(992, NULL, NULL, 976, 52),
(993, NULL, NULL, 977, 27),
(994, NULL, NULL, 978, 78),
(995, NULL, NULL, 979, 48),
(996, NULL, NULL, 980, 48),
(997, NULL, NULL, 981, 29),
(998, NULL, NULL, 982, 19),
(999, NULL, NULL, 983, 7),
(1000, NULL, NULL, 984, 75),
(1001, NULL, NULL, 985, 73),
(1002, NULL, NULL, 986, 18),
(1003, NULL, NULL, 987, 10),
(1004, NULL, NULL, 988, 49),
(1005, NULL, NULL, 989, 49),
(1006, NULL, NULL, 990, 36),
(1007, NULL, NULL, 991, 71),
(1008, NULL, NULL, 992, 55),
(1009, NULL, NULL, 993, 55),
(1010, NULL, NULL, 994, 13),
(1011, NULL, NULL, 995, 17),
(1012, NULL, NULL, 996, 53),
(1013, NULL, NULL, 997, 53),
(1014, NULL, NULL, 998, 7),
(1015, NULL, NULL, 999, 3),
(1016, NULL, NULL, 1000, 5),
(1017, NULL, NULL, 1001, 13),
(1018, NULL, NULL, 1002, 71),
(1019, NULL, NULL, 1003, 28),
(1020, NULL, NULL, 1004, 56),
(1021, NULL, NULL, 1005, 56),
(1022, NULL, NULL, 1006, 37),
(1023, NULL, NULL, 1007, 37),
(1024, NULL, NULL, 1008, 23),
(1025, NULL, NULL, 1009, 2),
(1026, NULL, NULL, 1010, 79),
(1027, NULL, NULL, 1011, 21),
(1028, NULL, NULL, 1012, 29),
(1029, NULL, NULL, 1013, 62),
(1030, NULL, NULL, 1014, 62),
(1031, NULL, NULL, 1015, 23),
(1032, NULL, NULL, 1016, 33),
(1033, NULL, NULL, 1017, 36),
(1034, NULL, NULL, 1018, 75),
(1035, NULL, NULL, 1019, 9),
(1036, NULL, NULL, 1020, 16),
(1037, NULL, NULL, 1021, 14),
(1038, NULL, NULL, 1022, 19),
(1039, NULL, NULL, 1023, 33),
(1040, NULL, NULL, 1024, 59),
(1041, NULL, NULL, 1025, 59),
(1042, NULL, NULL, 1026, 20),
(1043, NULL, NULL, 1027, 82),
(1044, NULL, NULL, 1028, 35),
(1045, NULL, NULL, 1029, 14),
(1046, NULL, NULL, 1030, 31),
(1047, NULL, NULL, 1031, 4),
(1048, NULL, NULL, 1032, 72),
(1049, NULL, NULL, 1033, 4),
(1050, NULL, NULL, 1034, 15),
(1051, NULL, NULL, 1035, 36),
(1052, NULL, NULL, 1036, 5),
(1053, NULL, NULL, 1037, 86),
(1054, NULL, NULL, 1038, 57),
(1055, NULL, NULL, 1039, 57),
(1056, NULL, NULL, 1040, 28),
(1057, NULL, NULL, 1041, 9),
(1058, NULL, NULL, 1042, 13),
(1059, NULL, NULL, 1043, 36),
(1060, NULL, NULL, 1044, 52),
(1061, NULL, NULL, 1045, 52),
(1062, NULL, NULL, 1046, 10),
(1063, NULL, NULL, 1047, 74),
(1064, NULL, NULL, 1048, 39),
(1065, NULL, NULL, 1049, 39),
(1066, NULL, NULL, 1050, 67),
(1067, NULL, NULL, 1051, 67),
(1068, NULL, NULL, 1052, 19),
(1069, NULL, NULL, 1053, 10),
(1070, NULL, NULL, 1054, 13),
(1071, NULL, NULL, 1055, 3),
(1072, NULL, NULL, 1056, 30),
(1073, NULL, NULL, 1057, 3),
(1074, NULL, NULL, 1058, 1),
(1075, NULL, NULL, 1059, 43),
(1076, NULL, NULL, 1060, 43),
(1077, NULL, NULL, 1061, 11),
(1078, NULL, NULL, 1062, 59),
(1079, NULL, NULL, 1063, 59),
(1080, NULL, NULL, 1064, 77),
(1081, NULL, NULL, 1065, 24),
(1082, NULL, NULL, 1066, 1),
(1083, NULL, NULL, 1067, 16),
(1084, NULL, NULL, 1068, 21),
(1085, NULL, NULL, 1069, 56),
(1086, NULL, NULL, 1070, 56),
(1087, NULL, NULL, 1071, 23),
(1088, NULL, NULL, 1072, 34),
(1089, NULL, NULL, 1073, 20),
(1090, NULL, NULL, 1074, 40),
(1091, NULL, NULL, 1075, 40),
(1092, NULL, NULL, 1076, 20),
(1093, NULL, NULL, 1077, 38),
(1094, NULL, NULL, 1078, 38),
(1095, NULL, NULL, 1079, 73),
(1096, NULL, NULL, 1080, 81),
(1097, NULL, NULL, 1081, 16),
(1098, NULL, NULL, 1082, 17),
(1099, NULL, NULL, 1083, 77),
(1100, NULL, NULL, 1084, 7),
(1101, NULL, NULL, 1085, 17),
(1102, NULL, NULL, 1086, 28),
(1103, NULL, NULL, 1087, 9),
(1104, NULL, NULL, 1088, 1),
(1105, NULL, NULL, 1089, 59),
(1106, NULL, NULL, 1090, 59),
(1107, NULL, NULL, 1091, 6),
(1108, NULL, NULL, 1092, 30),
(1109, NULL, NULL, 1093, 11),
(1110, NULL, NULL, 1094, 83);

-- --------------------------------------------------------

--
-- Table structure for table `slotdatas`
--

CREATE TABLE `slotdatas` (
  `id` int(10) UNSIGNED NOT NULL,
  `createdAt` datetime DEFAULT NULL,
  `updatedAt` datetime DEFAULT NULL,
  `SlotId` int(10) UNSIGNED NOT NULL,
  `TeacherId` int(10) UNSIGNED DEFAULT NULL,
  `SubjectId` int(10) UNSIGNED DEFAULT NULL
) ENGINE=InnoDB DEFAULT CHARSET=utf8mb4 COLLATE=utf8mb4_general_ci;

--
-- Dumping data for table `slotdatas`
--

INSERT INTO `slotdatas` (`id`, `createdAt`, `updatedAt`, `SlotId`, `TeacherId`, `SubjectId`) VALUES
(264, NULL, NULL, 7, 43, 47),
(265, NULL, NULL, 2, 43, 47),
(266, NULL, NULL, 7, 43, 214),
(267, NULL, NULL, 2, 43, 214),
(268, NULL, NULL, 37, 167, 246),
(269, NULL, NULL, 32, 167, 246),
(270, NULL, NULL, 17, 43, 47),
(271, NULL, NULL, 12, 43, 47),
(272, NULL, NULL, 39, 43, 47),
(273, NULL, NULL, 34, 43, 47),
(274, NULL, NULL, 9, 167, 246),
(275, NULL, NULL, 4, 167, 246),
(276, NULL, NULL, 15, 43, 47),
(277, NULL, NULL, 10, 43, 47),
(278, NULL, NULL, 21, 43, 47),
(279, NULL, NULL, 16, 43, 47),
(280, NULL, NULL, 28, 43, 47),
(281, NULL, NULL, 23, 43, 47),
(282, NULL, NULL, 27, 43, 47),
(283, NULL, NULL, 22, 43, 47),
(284, NULL, NULL, 13, 164, 239),
(285, NULL, NULL, 8, 164, 239),
(286, NULL, NULL, 39, 165, 241),
(287, NULL, NULL, 34, 165, 241),
(288, NULL, NULL, 13, 165, 241),
(289, NULL, NULL, 8, 165, 241),
(290, NULL, NULL, 3, 166, 243),
(291, NULL, NULL, 38, 166, 243),
(292, NULL, NULL, 28, 166, 243),
(293, NULL, NULL, 23, 166, 243),
(294, NULL, NULL, 17, 56, 220),
(295, NULL, NULL, 12, 56, 220),
(296, NULL, NULL, 39, 167, 246),
(297, NULL, NULL, 34, 167, 246),
(298, NULL, NULL, 3, 167, 246),
(299, NULL, NULL, 38, 167, 246),
(300, NULL, NULL, 1, 167, 246),
(301, NULL, NULL, 36, 167, 246),
(302, NULL, NULL, 16, 56, 220),
(303, NULL, NULL, 11, 56, 220),
(304, NULL, NULL, 5, 43, 214),
(305, NULL, NULL, 40, 43, 214),
(306, NULL, NULL, 35, 56, 220),
(307, NULL, NULL, 30, 56, 220),
(308, NULL, NULL, 17, 46, 51),
(309, NULL, NULL, 12, 46, 51),
(310, NULL, NULL, 25, 56, 218),
(311, NULL, NULL, 20, 56, 218),
(312, NULL, NULL, 13, 43, 214),
(313, NULL, NULL, 8, 43, 214),
(314, NULL, NULL, 37, 172, 251),
(315, NULL, NULL, 32, 172, 251),
(316, NULL, NULL, 40, 47, 53),
(317, NULL, NULL, 35, 47, 53),
(318, NULL, NULL, 15, 165, 241),
(319, NULL, NULL, 10, 165, 241),
(320, NULL, NULL, 15, 167, 246),
(321, NULL, NULL, 10, 167, 246),
(322, NULL, NULL, 37, 43, 47),
(323, NULL, NULL, 32, 43, 47),
(324, NULL, NULL, 15, 166, 243),
(325, NULL, NULL, 10, 166, 243),
(326, NULL, NULL, 4, 56, 220),
(327, NULL, NULL, 39, 56, 220),
(328, NULL, NULL, 34, 176, 253),
(329, NULL, NULL, 29, 176, 253),
(330, NULL, NULL, 29, 56, 220),
(331, NULL, NULL, 24, 56, 220),
(332, NULL, NULL, 37, 165, 241),
(333, NULL, NULL, 32, 165, 241),
(334, NULL, NULL, 30, 43, 213),
(335, NULL, NULL, 5, 56, 218),
(336, NULL, NULL, 40, 56, 218),
(337, NULL, NULL, 34, 180, 255),
(338, NULL, NULL, 29, 180, 255),
(339, NULL, NULL, 23, 165, 241),
(340, NULL, NULL, 18, 165, 241),
(341, NULL, NULL, 39, 164, 239),
(342, NULL, NULL, 34, 164, 239),
(343, NULL, NULL, 23, 167, 246),
(344, NULL, NULL, 18, 167, 246),
(345, NULL, NULL, 36, 166, 242),
(346, NULL, NULL, 27, 167, 246),
(347, NULL, NULL, 22, 167, 246),
(348, NULL, NULL, 33, 66, 77),
(349, NULL, NULL, 6, 43, 46),
(350, NULL, NULL, 34, 21, 9),
(351, NULL, NULL, 7, 164, 238),
(352, NULL, NULL, 22, 177, 253),
(353, NULL, NULL, 17, 177, 253),
(354, NULL, NULL, 21, 46, 51),
(355, NULL, NULL, 16, 46, 51),
(356, NULL, NULL, 5, 165, 241),
(357, NULL, NULL, 40, 165, 241),
(358, NULL, NULL, 23, 175, 253),
(359, NULL, NULL, 18, 175, 253),
(360, NULL, NULL, 28, 56, 220),
(361, NULL, NULL, 23, 56, 220),
(362, NULL, NULL, 34, 66, 77),
(363, NULL, NULL, 31, 56, 218),
(364, NULL, NULL, 26, 56, 218),
(365, NULL, NULL, 32, 66, 77),
(366, NULL, NULL, 37, 179, 255),
(367, NULL, NULL, 32, 179, 255),
(368, NULL, NULL, 37, 164, 239),
(369, NULL, NULL, 32, 164, 239),
(370, NULL, NULL, 21, 165, 240),
(371, NULL, NULL, 16, 57, 69),
(372, NULL, NULL, 11, 57, 69),
(373, NULL, NULL, 16, 176, 252),
(374, NULL, NULL, 5, 166, 243),
(375, NULL, NULL, 40, 166, 243),
(376, NULL, NULL, 27, 66, 78),
(377, NULL, NULL, 22, 66, 78),
(378, NULL, NULL, 19, 47, 53),
(379, NULL, NULL, 14, 47, 53),
(380, NULL, NULL, 19, 43, 47),
(381, NULL, NULL, 14, 43, 47),
(382, NULL, NULL, 27, 172, 251),
(383, NULL, NULL, 22, 172, 251),
(384, NULL, NULL, 14, 177, 253),
(385, NULL, NULL, 9, 177, 253),
(386, NULL, NULL, 19, 165, 241),
(387, NULL, NULL, 14, 165, 241),
(388, NULL, NULL, 28, 62, 74),
(389, NULL, NULL, 23, 62, 74),
(390, NULL, NULL, 37, 173, 251),
(391, NULL, NULL, 32, 173, 251),
(392, NULL, NULL, 40, 46, 51),
(393, NULL, NULL, 35, 46, 51),
(394, NULL, NULL, 22, 48, 54),
(395, NULL, NULL, 4, 154, 214),
(396, NULL, NULL, 39, 154, 214),
(397, NULL, NULL, 27, 166, 242),
(398, NULL, NULL, 39, 184, 261),
(399, NULL, NULL, 16, 166, 242),
(400, NULL, NULL, 37, 166, 242),
(401, NULL, NULL, 40, 26, 75),
(402, NULL, NULL, 14, 179, 255),
(403, NULL, NULL, 9, 179, 255),
(404, NULL, NULL, 3, 154, 213),
(405, NULL, NULL, 22, 41, 45),
(406, NULL, NULL, 32, 166, 242),
(407, NULL, NULL, 17, 47, 53),
(408, NULL, NULL, 12, 47, 53),
(409, NULL, NULL, 34, 140, 216),
(410, NULL, NULL, 29, 140, 216),
(411, NULL, NULL, 33, 58, 69),
(412, NULL, NULL, 28, 58, 69),
(413, NULL, NULL, 5, 164, 239),
(414, NULL, NULL, 40, 164, 239),
(415, NULL, NULL, 9, 166, 243),
(416, NULL, NULL, 4, 166, 243),
(417, NULL, NULL, 31, 26, 75),
(418, NULL, NULL, 9, 57, 68),
(419, NULL, NULL, 2, 45, 49),
(420, NULL, NULL, 32, 60, 71),
(421, NULL, NULL, 3, 21, 9),
(422, NULL, NULL, 33, 43, 46),
(423, NULL, NULL, 29, 167, 245),
(424, NULL, NULL, 14, 175, 252),
(425, NULL, NULL, 30, 167, 245),
(426, NULL, NULL, 18, 156, 223),
(427, NULL, NULL, 19, 21, 9),
(428, NULL, NULL, 9, 164, 239),
(429, NULL, NULL, 4, 164, 239),
(430, NULL, NULL, 30, 184, 261),
(431, NULL, NULL, 9, 156, 223),
(432, NULL, NULL, 1, 165, 240),
(433, NULL, NULL, 33, 165, 240),
(434, NULL, NULL, 17, 3, 3),
(435, NULL, NULL, 15, 59, 70),
(436, NULL, NULL, 17, 165, 241),
(437, NULL, NULL, 12, 165, 241),
(438, NULL, NULL, 27, 26, 75),
(439, NULL, NULL, 3, 183, 258),
(440, NULL, NULL, 22, 181, 256),
(441, NULL, NULL, 13, 47, 52),
(442, NULL, NULL, 11, 165, 240),
(443, NULL, NULL, 7, 179, 255),
(444, NULL, NULL, 2, 179, 255),
(445, NULL, NULL, 29, 43, 214),
(446, NULL, NULL, 24, 43, 214),
(447, NULL, NULL, 28, 165, 240),
(448, NULL, NULL, 4, 43, 213),
(449, NULL, NULL, 4, 65, 76),
(450, NULL, NULL, 23, 2, 1),
(451, NULL, NULL, 33, 62, 73),
(452, NULL, NULL, 4, 163, 237),
(453, NULL, NULL, 29, 160, 260),
(454, NULL, NULL, 3, 67, 78),
(455, NULL, NULL, 38, 67, 78),
(456, NULL, NULL, 7, 182, 257),
(457, NULL, NULL, 3, 43, 46),
(458, NULL, NULL, 20, 43, 46),
(459, NULL, NULL, 31, 166, 242),
(460, NULL, NULL, 31, 181, 256),
(461, NULL, NULL, 28, 47, 53),
(462, NULL, NULL, 23, 47, 53),
(463, NULL, NULL, 4, 183, 259),
(464, NULL, NULL, 39, 63, 74),
(465, NULL, NULL, 34, 63, 74),
(466, NULL, NULL, 7, 141, 216),
(467, NULL, NULL, 2, 141, 216),
(468, NULL, NULL, 27, 45, 49),
(469, NULL, NULL, 23, 26, 75),
(470, NULL, NULL, 13, 56, 220),
(471, NULL, NULL, 8, 56, 220),
(472, NULL, NULL, 10, 1, 1),
(473, NULL, NULL, 19, 178, 254),
(474, NULL, NULL, 31, 140, 212),
(475, NULL, NULL, 17, 183, 259),
(476, NULL, NULL, 2, 140, 212),
(477, NULL, NULL, 38, 183, 258),
(478, NULL, NULL, 13, 66, 78),
(479, NULL, NULL, 8, 66, 78),
(480, NULL, NULL, 33, 155, 222),
(481, NULL, NULL, 9, 9, 4),
(482, NULL, NULL, 27, 21, 9),
(483, NULL, NULL, 16, 68, 79),
(484, NULL, NULL, 9, 50, 56),
(485, NULL, NULL, 14, 176, 253),
(486, NULL, NULL, 9, 176, 253),
(487, NULL, NULL, 22, 57, 68),
(488, NULL, NULL, 10, 46, 50),
(489, NULL, NULL, 21, 44, 48),
(490, NULL, NULL, 9, 181, 256),
(491, NULL, NULL, 2, 175, 252),
(492, NULL, NULL, 3, 66, 78),
(493, NULL, NULL, 38, 66, 78),
(494, NULL, NULL, 40, 155, 222),
(495, NULL, NULL, 5, 5, 3),
(496, NULL, NULL, 15, 3, 3),
(497, NULL, NULL, 15, 179, 254),
(498, NULL, NULL, 21, 154, 213),
(499, NULL, NULL, 33, 2, 244),
(500, NULL, NULL, 3, 60, 72),
(501, NULL, NULL, 38, 60, 72),
(502, NULL, NULL, 30, 170, 249),
(503, NULL, NULL, 40, 2, 244),
(504, NULL, NULL, 22, 59, 70),
(505, NULL, NULL, 9, 69, 80),
(506, NULL, NULL, 32, 72, 221),
(507, NULL, NULL, 14, 9, 4),
(508, NULL, NULL, 4, 9, 4),
(509, NULL, NULL, 7, 26, 75),
(510, NULL, NULL, 15, 60, 71),
(511, NULL, NULL, 16, 171, 250),
(512, NULL, NULL, 38, 56, 220),
(513, NULL, NULL, 33, 56, 220),
(514, NULL, NULL, 31, 69, 80),
(515, NULL, NULL, 37, 18, 6),
(516, NULL, NULL, 11, 147, 217),
(517, NULL, NULL, 26, 47, 52),
(518, NULL, NULL, 19, 65, 76),
(519, NULL, NULL, 7, 147, 217),
(520, NULL, NULL, 19, 166, 243),
(521, NULL, NULL, 14, 166, 243),
(522, NULL, NULL, 27, 175, 253),
(523, NULL, NULL, 22, 175, 253),
(524, NULL, NULL, 29, 147, 218),
(525, NULL, NULL, 24, 147, 218),
(526, NULL, NULL, 2, 68, 79),
(527, NULL, NULL, 19, 61, 72),
(528, NULL, NULL, 14, 61, 72),
(529, NULL, NULL, 36, 147, 218),
(530, NULL, NULL, 31, 147, 218),
(531, NULL, NULL, 38, 5, 3),
(532, NULL, NULL, 35, 60, 72),
(533, NULL, NULL, 30, 60, 72),
(534, NULL, NULL, 25, 165, 240),
(535, NULL, NULL, 34, 169, 248),
(536, NULL, NULL, 13, 184, 261),
(537, NULL, NULL, 3, 57, 69),
(538, NULL, NULL, 38, 57, 69),
(539, NULL, NULL, 3, 176, 253),
(540, NULL, NULL, 38, 176, 253),
(541, NULL, NULL, 7, 64, 74),
(542, NULL, NULL, 2, 64, 74),
(543, NULL, NULL, 21, 72, 221),
(544, NULL, NULL, 19, 56, 218),
(545, NULL, NULL, 14, 56, 218),
(546, NULL, NULL, 7, 173, 251),
(547, NULL, NULL, 2, 173, 251),
(548, NULL, NULL, 21, 19, 7),
(549, NULL, NULL, 16, 19, 7),
(550, NULL, NULL, 28, 183, 258),
(551, NULL, NULL, 1, 180, 255),
(552, NULL, NULL, 36, 180, 255),
(553, NULL, NULL, 38, 20, 8),
(554, NULL, NULL, 38, 68, 79),
(555, NULL, NULL, 10, 18, 6),
(556, NULL, NULL, 3, 165, 241),
(557, NULL, NULL, 38, 165, 241),
(558, NULL, NULL, 38, 46, 50),
(559, NULL, NULL, 27, 72, 221),
(560, NULL, NULL, 8, 147, 217),
(561, NULL, NULL, 13, 61, 71),
(562, NULL, NULL, 14, 72, 221),
(563, NULL, NULL, 27, 1, 2),
(564, NULL, NULL, 15, 1, 2),
(565, NULL, NULL, 17, 170, 249),
(566, NULL, NULL, 40, 72, 221),
(567, NULL, NULL, 26, 164, 238),
(568, NULL, NULL, 13, 140, 212),
(569, NULL, NULL, 17, 20, 8),
(570, NULL, NULL, 27, 62, 73),
(571, NULL, NULL, 14, 68, 79),
(572, NULL, NULL, 29, 45, 49),
(573, NULL, NULL, 35, 167, 245),
(574, NULL, NULL, 5, 19, 7),
(575, NULL, NULL, 40, 19, 7),
(576, NULL, NULL, 35, 89, 259),
(577, NULL, NULL, 19, 160, 260),
(578, NULL, NULL, 5, 44, 48),
(579, NULL, NULL, 17, 164, 239),
(580, NULL, NULL, 12, 164, 239),
(581, NULL, NULL, 16, 140, 216),
(582, NULL, NULL, 11, 140, 216),
(583, NULL, NULL, 22, 155, 222),
(584, NULL, NULL, 16, 184, 261),
(585, NULL, NULL, 2, 147, 217),
(586, NULL, NULL, 7, 62, 74),
(587, NULL, NULL, 2, 62, 74),
(588, NULL, NULL, 21, 183, 259),
(589, NULL, NULL, 18, 42, 45),
(590, NULL, NULL, 34, 185, 262),
(591, NULL, NULL, 25, 26, 75),
(592, NULL, NULL, 33, 185, 262),
(593, NULL, NULL, 20, 140, 216),
(594, NULL, NULL, 15, 140, 216),
(595, NULL, NULL, 26, 183, 258),
(596, NULL, NULL, 15, 65, 76),
(597, NULL, NULL, 19, 46, 51),
(598, NULL, NULL, 14, 46, 51),
(599, NULL, NULL, 9, 62, 74),
(600, NULL, NULL, 4, 62, 74),
(601, NULL, NULL, 10, 60, 71),
(602, NULL, NULL, 5, 57, 68),
(603, NULL, NULL, 14, 59, 70),
(604, NULL, NULL, 8, 175, 252),
(605, NULL, NULL, 26, 43, 46),
(606, NULL, NULL, 18, 166, 242),
(607, NULL, NULL, 36, 141, 215),
(608, NULL, NULL, 19, 60, 72),
(609, NULL, NULL, 14, 60, 72),
(610, NULL, NULL, 6, 181, 256),
(611, NULL, NULL, 26, 69, 80),
(612, NULL, NULL, 30, 155, 222),
(613, NULL, NULL, 31, 167, 245),
(614, NULL, NULL, 33, 184, 261),
(615, NULL, NULL, 36, 182, 257),
(616, NULL, NULL, 3, 182, 257),
(617, NULL, NULL, 8, 185, 262),
(618, NULL, NULL, 23, 156, 223),
(619, NULL, NULL, 15, 164, 238),
(620, NULL, NULL, 2, 49, 55),
(621, NULL, NULL, 17, 155, 222),
(622, NULL, NULL, 9, 48, 54),
(623, NULL, NULL, 10, 174, 252),
(624, NULL, NULL, 26, 175, 253),
(625, NULL, NULL, 21, 175, 253),
(626, NULL, NULL, 31, 43, 46),
(627, NULL, NULL, 3, 65, 76),
(628, NULL, NULL, 7, 163, 237),
(629, NULL, NULL, 5, 183, 258),
(630, NULL, NULL, 29, 164, 239),
(631, NULL, NULL, 24, 164, 239),
(632, NULL, NULL, 16, 55, 219),
(633, NULL, NULL, 26, 147, 218),
(634, NULL, NULL, 21, 147, 218),
(635, NULL, NULL, 35, 170, 249),
(636, NULL, NULL, 40, 44, 48),
(637, NULL, NULL, 37, 171, 250),
(638, NULL, NULL, 18, 66, 77),
(639, NULL, NULL, 26, 180, 255),
(640, NULL, NULL, 21, 180, 255),
(641, NULL, NULL, 32, 183, 258),
(642, NULL, NULL, 14, 184, 261),
(643, NULL, NULL, 35, 43, 46),
(644, NULL, NULL, 11, 185, 262),
(645, NULL, NULL, 25, 69, 80),
(646, NULL, NULL, 16, 15, 5),
(647, NULL, NULL, 11, 15, 5),
(648, NULL, NULL, 7, 61, 72),
(649, NULL, NULL, 2, 61, 72),
(650, NULL, NULL, 20, 164, 238),
(651, NULL, NULL, 9, 182, 257),
(652, NULL, NULL, 22, 21, 9),
(653, NULL, NULL, 12, 147, 217),
(654, NULL, NULL, 5, 47, 52),
(655, NULL, NULL, 13, 141, 215),
(656, NULL, NULL, 31, 141, 216),
(657, NULL, NULL, 26, 141, 216),
(658, NULL, NULL, 32, 69, 80),
(659, NULL, NULL, 3, 173, 251),
(660, NULL, NULL, 38, 173, 251),
(661, NULL, NULL, 18, 59, 70),
(662, NULL, NULL, 10, 140, 212),
(663, NULL, NULL, 27, 181, 256),
(664, NULL, NULL, 11, 164, 239),
(665, NULL, NULL, 6, 164, 239),
(666, NULL, NULL, 30, 59, 70),
(667, NULL, NULL, 7, 45, 49),
(668, NULL, NULL, 30, 6, 3),
(669, NULL, NULL, 1, 56, 220),
(670, NULL, NULL, 36, 56, 220),
(671, NULL, NULL, 21, 168, 247),
(672, NULL, NULL, 15, 47, 53),
(673, NULL, NULL, 10, 47, 53),
(674, NULL, NULL, 33, 49, 55),
(675, NULL, NULL, 36, 1, 1),
(676, NULL, NULL, 7, 69, 80),
(677, NULL, NULL, 20, 156, 223),
(678, NULL, NULL, 21, 68, 79),
(679, NULL, NULL, 39, 171, 250),
(680, NULL, NULL, 12, 62, 73),
(681, NULL, NULL, 15, 2, 244),
(682, NULL, NULL, 33, 168, 247),
(683, NULL, NULL, 40, 57, 69),
(684, NULL, NULL, 35, 57, 69),
(685, NULL, NULL, 21, 59, 70),
(686, NULL, NULL, 39, 183, 258),
(687, NULL, NULL, 22, 165, 240),
(688, NULL, NULL, 28, 169, 248),
(689, NULL, NULL, 32, 48, 54),
(690, NULL, NULL, 19, 57, 69),
(691, NULL, NULL, 14, 57, 69),
(692, NULL, NULL, 34, 46, 50),
(693, NULL, NULL, 7, 56, 218),
(694, NULL, NULL, 2, 56, 218),
(695, NULL, NULL, 2, 2, 244),
(696, NULL, NULL, 26, 167, 245),
(697, NULL, NULL, 31, 185, 262),
(698, NULL, NULL, 12, 160, 260),
(699, NULL, NULL, 20, 59, 70),
(700, NULL, NULL, 40, 168, 247),
(701, NULL, NULL, 6, 184, 261),
(702, NULL, NULL, 26, 169, 248),
(703, NULL, NULL, 40, 179, 254),
(704, NULL, NULL, 7, 6, 3),
(705, NULL, NULL, 26, 172, 251),
(706, NULL, NULL, 21, 172, 251),
(707, NULL, NULL, 35, 26, 75),
(708, NULL, NULL, 11, 180, 254),
(709, NULL, NULL, 10, 171, 250),
(710, NULL, NULL, 11, 68, 79),
(711, NULL, NULL, 16, 64, 74),
(712, NULL, NULL, 11, 64, 74),
(713, NULL, NULL, 10, 48, 54),
(714, NULL, NULL, 27, 17, 6),
(715, NULL, NULL, 29, 26, 75),
(716, NULL, NULL, 17, 21, 9),
(717, NULL, NULL, 27, 164, 239),
(718, NULL, NULL, 22, 164, 239),
(719, NULL, NULL, 5, 2, 244),
(720, NULL, NULL, 3, 16, 6),
(721, NULL, NULL, 4, 49, 55),
(722, NULL, NULL, 36, 156, 223),
(723, NULL, NULL, 35, 140, 212),
(724, NULL, NULL, 18, 45, 49),
(725, NULL, NULL, 21, 47, 53),
(726, NULL, NULL, 16, 47, 53),
(727, NULL, NULL, 4, 13, 5),
(728, NULL, NULL, 39, 13, 5),
(729, NULL, NULL, 25, 46, 51),
(730, NULL, NULL, 20, 46, 51),
(731, NULL, NULL, 16, 141, 215),
(732, NULL, NULL, 25, 47, 53),
(733, NULL, NULL, 20, 47, 53),
(734, NULL, NULL, 37, 1, 1),
(735, NULL, NULL, 37, 170, 249),
(736, NULL, NULL, 21, 18, 7),
(737, NULL, NULL, 16, 18, 7),
(738, NULL, NULL, 21, 16, 7),
(739, NULL, NULL, 16, 16, 7),
(740, NULL, NULL, 32, 163, 237),
(741, NULL, NULL, 16, 20, 8),
(742, NULL, NULL, 6, 44, 48),
(743, NULL, NULL, 33, 1, 1),
(744, NULL, NULL, 15, 46, 50),
(745, NULL, NULL, 17, 167, 246),
(746, NULL, NULL, 12, 167, 246),
(747, NULL, NULL, 25, 164, 238),
(748, NULL, NULL, 5, 58, 68),
(749, NULL, NULL, 27, 44, 48),
(750, NULL, NULL, 20, 2, 2),
(751, NULL, NULL, 15, 89, 259),
(752, NULL, NULL, 8, 1, 2),
(753, NULL, NULL, 10, 169, 248),
(754, NULL, NULL, 29, 166, 243),
(755, NULL, NULL, 24, 166, 243),
(756, NULL, NULL, 14, 164, 238),
(757, NULL, NULL, 23, 181, 256),
(758, NULL, NULL, 36, 65, 76),
(759, NULL, NULL, 30, 1, 2),
(760, NULL, NULL, 14, 41, 45),
(761, NULL, NULL, 39, 141, 215),
(762, NULL, NULL, 40, 61, 72),
(763, NULL, NULL, 35, 61, 72),
(764, NULL, NULL, 1, 46, 50),
(765, NULL, NULL, 21, 66, 77),
(766, NULL, NULL, 31, 12, 5),
(767, NULL, NULL, 26, 12, 5),
(768, NULL, NULL, 28, 50, 56),
(769, NULL, NULL, 26, 50, 56),
(770, NULL, NULL, 24, 182, 257),
(771, NULL, NULL, 14, 16, 6),
(772, NULL, NULL, 38, 154, 213),
(773, NULL, NULL, 34, 57, 69),
(774, NULL, NULL, 29, 57, 69),
(775, NULL, NULL, 40, 10, 5),
(776, NULL, NULL, 35, 10, 5),
(777, NULL, NULL, 5, 41, 45),
(778, NULL, NULL, 2, 4, 3),
(779, NULL, NULL, 9, 4, 3),
(780, NULL, NULL, 35, 160, 260),
(781, NULL, NULL, 27, 46, 51),
(782, NULL, NULL, 22, 46, 51),
(783, NULL, NULL, 30, 49, 55),
(784, NULL, NULL, 3, 72, 221),
(785, NULL, NULL, 4, 68, 79),
(786, NULL, NULL, 28, 156, 223),
(787, NULL, NULL, 25, 66, 77),
(788, NULL, NULL, 13, 181, 256),
(789, NULL, NULL, 37, 55, 219),
(790, NULL, NULL, 16, 49, 55),
(791, NULL, NULL, 1, 62, 73),
(792, NULL, NULL, 1, 10, 5),
(793, NULL, NULL, 36, 10, 5),
(794, NULL, NULL, 21, 5, 3),
(795, NULL, NULL, 37, 61, 71),
(796, NULL, NULL, 27, 147, 217),
(797, NULL, NULL, 18, 140, 212),
(798, NULL, NULL, 25, 140, 212),
(799, NULL, NULL, 8, 61, 71),
(800, NULL, NULL, 39, 46, 50),
(801, NULL, NULL, 34, 62, 73),
(802, NULL, NULL, 8, 7, 4),
(803, NULL, NULL, 34, 72, 221),
(804, NULL, NULL, 20, 62, 73),
(805, NULL, NULL, 7, 176, 252),
(806, NULL, NULL, 2, 180, 254),
(807, NULL, NULL, 32, 44, 48),
(808, NULL, NULL, 23, 182, 257),
(809, NULL, NULL, 29, 60, 71),
(810, NULL, NULL, 28, 154, 214),
(811, NULL, NULL, 23, 154, 214),
(812, NULL, NULL, 28, 178, 254),
(813, NULL, NULL, 5, 7, 5),
(814, NULL, NULL, 40, 7, 5),
(815, NULL, NULL, 21, 167, 245),
(816, NULL, NULL, 9, 8, 4),
(817, NULL, NULL, 32, 6, 3),
(818, NULL, NULL, 37, 147, 217),
(819, NULL, NULL, 5, 65, 76),
(820, NULL, NULL, 25, 179, 255),
(821, NULL, NULL, 20, 179, 255),
(822, NULL, NULL, 1, 140, 212),
(823, NULL, NULL, 36, 49, 55),
(824, NULL, NULL, 37, 46, 51),
(825, NULL, NULL, 32, 46, 51),
(826, NULL, NULL, 8, 89, 259),
(827, NULL, NULL, 9, 55, 219),
(828, NULL, NULL, 19, 41, 45),
(829, NULL, NULL, 3, 61, 72),
(830, NULL, NULL, 38, 61, 72),
(831, NULL, NULL, 38, 2, 244),
(832, NULL, NULL, 9, 46, 50),
(833, NULL, NULL, 5, 170, 249),
(834, NULL, NULL, 14, 1, 2),
(835, NULL, NULL, 12, 185, 262),
(836, NULL, NULL, 6, 141, 215),
(837, NULL, NULL, 17, 179, 255),
(838, NULL, NULL, 12, 179, 255),
(839, NULL, NULL, 21, 1, 2),
(840, NULL, NULL, 27, 47, 53),
(841, NULL, NULL, 22, 47, 53),
(842, NULL, NULL, 15, 156, 223),
(843, NULL, NULL, 22, 67, 78),
(844, NULL, NULL, 17, 67, 78),
(845, NULL, NULL, 11, 43, 213),
(846, NULL, NULL, 25, 167, 245),
(847, NULL, NULL, 12, 58, 68),
(848, NULL, NULL, 4, 48, 54),
(849, NULL, NULL, 14, 48, 54),
(850, NULL, NULL, 2, 20, 8),
(851, NULL, NULL, 20, 160, 260),
(852, NULL, NULL, 22, 2, 244),
(853, NULL, NULL, 38, 48, 54),
(854, NULL, NULL, 33, 20, 8),
(855, NULL, NULL, 22, 154, 213),
(856, NULL, NULL, 22, 1, 1),
(857, NULL, NULL, 2, 59, 70),
(858, NULL, NULL, 29, 46, 51),
(859, NULL, NULL, 24, 46, 51),
(860, NULL, NULL, 36, 171, 250),
(861, NULL, NULL, 29, 20, 8),
(862, NULL, NULL, 18, 2, 1),
(863, NULL, NULL, 23, 168, 247),
(864, NULL, NULL, 26, 3, 3),
(865, NULL, NULL, 1, 184, 261),
(866, NULL, NULL, 39, 62, 73),
(867, NULL, NULL, 30, 69, 80),
(868, NULL, NULL, 29, 165, 240),
(869, NULL, NULL, 6, 60, 71),
(870, NULL, NULL, 25, 18, 7),
(871, NULL, NULL, 20, 18, 7),
(872, NULL, NULL, 23, 50, 56),
(873, NULL, NULL, 26, 57, 68),
(874, NULL, NULL, 13, 46, 51),
(875, NULL, NULL, 8, 46, 51),
(876, NULL, NULL, 29, 49, 55),
(877, NULL, NULL, 19, 147, 218),
(878, NULL, NULL, 14, 147, 218),
(879, NULL, NULL, 32, 8, 4),
(880, NULL, NULL, 24, 62, 73),
(881, NULL, NULL, 10, 72, 221),
(882, NULL, NULL, 27, 171, 250),
(883, NULL, NULL, 10, 184, 261),
(884, NULL, NULL, 17, 60, 72),
(885, NULL, NULL, 12, 60, 72),
(886, NULL, NULL, 1, 154, 214),
(887, NULL, NULL, 36, 154, 214),
(888, NULL, NULL, 6, 47, 52),
(889, NULL, NULL, 25, 19, 7),
(890, NULL, NULL, 20, 19, 7),
(891, NULL, NULL, 8, 42, 45),
(892, NULL, NULL, 33, 67, 78),
(893, NULL, NULL, 28, 67, 78),
(894, NULL, NULL, 30, 174, 252),
(895, NULL, NULL, 39, 147, 217),
(896, NULL, NULL, 35, 2, 244),
(897, NULL, NULL, 24, 183, 258),
(898, NULL, NULL, 1, 173, 251),
(899, NULL, NULL, 36, 173, 251),
(900, NULL, NULL, 27, 170, 249),
(901, NULL, NULL, 3, 2, 244),
(902, NULL, NULL, 6, 169, 248),
(903, NULL, NULL, 13, 2, 2),
(904, NULL, NULL, 13, 160, 260),
(905, NULL, NULL, 24, 165, 240),
(906, NULL, NULL, 5, 155, 222),
(907, NULL, NULL, 13, 154, 214),
(908, NULL, NULL, 8, 154, 214),
(909, NULL, NULL, 33, 55, 219),
(910, NULL, NULL, 10, 141, 215),
(911, NULL, NULL, 11, 44, 48),
(912, NULL, NULL, 25, 45, 49),
(913, NULL, NULL, 36, 66, 77),
(914, NULL, NULL, 11, 49, 55),
(915, NULL, NULL, 15, 14, 5),
(916, NULL, NULL, 10, 14, 5),
(917, NULL, NULL, 36, 41, 45),
(918, NULL, NULL, 4, 174, 252),
(919, NULL, NULL, 8, 45, 49),
(920, NULL, NULL, 28, 2, 2),
(921, NULL, NULL, 33, 60, 72),
(922, NULL, NULL, 28, 60, 72),
(923, NULL, NULL, 1, 65, 76),
(924, NULL, NULL, 10, 66, 77),
(925, NULL, NULL, 10, 168, 247),
(926, NULL, NULL, 17, 26, 75),
(927, NULL, NULL, 13, 65, 76),
(928, NULL, NULL, 13, 58, 69),
(929, NULL, NULL, 8, 58, 69),
(930, NULL, NULL, 11, 1, 1),
(931, NULL, NULL, 23, 180, 255),
(932, NULL, NULL, 18, 180, 255),
(933, NULL, NULL, 4, 147, 217),
(934, NULL, NULL, 11, 7, 4),
(935, NULL, NULL, 22, 141, 215),
(936, NULL, NULL, 31, 47, 52),
(937, NULL, NULL, 3, 17, 6),
(938, NULL, NULL, 25, 89, 259),
(939, NULL, NULL, 29, 58, 69),
(940, NULL, NULL, 24, 58, 69),
(941, NULL, NULL, 11, 163, 237),
(942, NULL, NULL, 34, 171, 250),
(943, NULL, NULL, 32, 16, 6),
(944, NULL, NULL, 20, 69, 80),
(945, NULL, NULL, 33, 171, 250),
(946, NULL, NULL, 2, 170, 249),
(947, NULL, NULL, 5, 11, 5),
(948, NULL, NULL, 40, 11, 5),
(949, NULL, NULL, 20, 21, 9),
(950, NULL, NULL, 8, 60, 71),
(951, NULL, NULL, 18, 185, 262),
(952, NULL, NULL, 35, 18, 6),
(953, NULL, NULL, 30, 20, 8),
(954, NULL, NULL, 25, 154, 214),
(955, NULL, NULL, 20, 154, 214),
(956, NULL, NULL, 27, 55, 219),
(957, NULL, NULL, 23, 8, 4),
(958, NULL, NULL, 23, 46, 50),
(959, NULL, NULL, 7, 155, 222),
(960, NULL, NULL, 34, 155, 222),
(961, NULL, NULL, 7, 168, 247),
(962, NULL, NULL, 16, 48, 54),
(963, NULL, NULL, 37, 154, 213),
(964, NULL, NULL, 23, 69, 80),
(965, NULL, NULL, 36, 58, 68),
(966, NULL, NULL, 29, 2, 1),
(967, NULL, NULL, 37, 47, 52),
(968, NULL, NULL, 30, 41, 45),
(969, NULL, NULL, 37, 65, 76),
(970, NULL, NULL, 23, 172, 251),
(971, NULL, NULL, 18, 172, 251),
(972, NULL, NULL, 13, 63, 74),
(973, NULL, NULL, 8, 63, 74),
(974, NULL, NULL, 7, 21, 9),
(975, NULL, NULL, 1, 177, 253),
(976, NULL, NULL, 36, 177, 253),
(977, NULL, NULL, 3, 48, 54),
(978, NULL, NULL, 17, 154, 213),
(979, NULL, NULL, 13, 166, 243),
(980, NULL, NULL, 8, 166, 243),
(981, NULL, NULL, 7, 20, 8),
(982, NULL, NULL, 24, 167, 245),
(983, NULL, NULL, 3, 47, 52),
(984, NULL, NULL, 39, 66, 77),
(985, NULL, NULL, 9, 170, 249),
(986, NULL, NULL, 28, 57, 68),
(987, NULL, NULL, 32, 55, 219),
(988, NULL, NULL, 17, 66, 78),
(989, NULL, NULL, 12, 66, 78),
(990, NULL, NULL, 18, 164, 238),
(991, NULL, NULL, 24, 55, 219),
(992, NULL, NULL, 11, 63, 74),
(993, NULL, NULL, 6, 63, 74),
(994, NULL, NULL, 38, 4, 3),
(995, NULL, NULL, 7, 50, 56),
(996, NULL, NULL, 39, 166, 243),
(997, NULL, NULL, 34, 166, 243),
(998, NULL, NULL, 19, 164, 238),
(999, NULL, NULL, 16, 163, 237),
(1000, NULL, NULL, 17, 176, 252),
(1001, NULL, NULL, 15, 182, 257),
(1002, NULL, NULL, 15, 50, 56),
(1003, NULL, NULL, 33, 47, 52),
(1004, NULL, NULL, 33, 7, 5),
(1005, NULL, NULL, 28, 7, 5),
(1006, NULL, NULL, 40, 58, 69),
(1007, NULL, NULL, 35, 58, 69),
(1008, NULL, NULL, 4, 44, 48),
(1009, NULL, NULL, 11, 179, 254),
(1010, NULL, NULL, 32, 156, 223),
(1011, NULL, NULL, 22, 180, 254),
(1012, NULL, NULL, 36, 168, 247),
(1013, NULL, NULL, 38, 140, 216),
(1014, NULL, NULL, 33, 140, 216),
(1015, NULL, NULL, 6, 182, 257),
(1016, NULL, NULL, 1, 50, 56),
(1017, NULL, NULL, 40, 160, 260),
(1018, NULL, NULL, 30, 42, 45),
(1019, NULL, NULL, 8, 168, 247),
(1020, NULL, NULL, 31, 171, 250),
(1021, NULL, NULL, 26, 185, 262),
(1022, NULL, NULL, 12, 163, 237),
(1023, NULL, NULL, 14, 140, 212),
(1024, NULL, NULL, 17, 172, 251),
(1025, NULL, NULL, 12, 172, 251),
(1026, NULL, NULL, 21, 89, 259),
(1027, NULL, NULL, 18, 57, 68),
(1028, NULL, NULL, 34, 50, 56),
(1029, NULL, NULL, 38, 169, 248),
(1030, NULL, NULL, 17, 49, 55),
(1031, NULL, NULL, 37, 68, 79),
(1032, NULL, NULL, 14, 167, 245),
(1033, NULL, NULL, 40, 183, 258),
(1034, NULL, NULL, 2, 166, 242),
(1035, NULL, NULL, 3, 155, 222),
(1036, NULL, NULL, 8, 169, 248),
(1037, NULL, NULL, 29, 55, 219),
(1038, NULL, NULL, 29, 47, 53),
(1039, NULL, NULL, 24, 47, 53),
(1040, NULL, NULL, 25, 181, 256),
(1041, NULL, NULL, 10, 62, 73),
(1042, NULL, NULL, 31, 164, 238),
(1043, NULL, NULL, 28, 141, 215),
(1044, NULL, NULL, 28, 16, 7),
(1045, NULL, NULL, 23, 16, 7),
(1046, NULL, NULL, 8, 55, 219),
(1047, NULL, NULL, 12, 50, 56),
(1048, NULL, NULL, 40, 64, 74),
(1049, NULL, NULL, 35, 64, 74),
(1050, NULL, NULL, 29, 141, 216),
(1051, NULL, NULL, 24, 141, 216),
(1052, NULL, NULL, 38, 43, 46),
(1053, NULL, NULL, 26, 20, 8),
(1054, NULL, NULL, 2, 17, 6),
(1055, NULL, NULL, 21, 45, 49),
(1056, NULL, NULL, 11, 47, 52),
(1057, NULL, NULL, 1, 166, 242),
(1058, NULL, NULL, 20, 168, 247),
(1059, NULL, NULL, 40, 16, 7),
(1060, NULL, NULL, 35, 16, 7),
(1061, NULL, NULL, 8, 21, 9),
(1062, NULL, NULL, 28, 18, 7),
(1063, NULL, NULL, 23, 18, 7),
(1064, NULL, NULL, 35, 44, 48),
(1065, NULL, NULL, 5, 160, 260),
(1066, NULL, NULL, 22, 7, 4),
(1067, NULL, NULL, 4, 181, 256),
(1068, NULL, NULL, 9, 163, 237),
(1069, NULL, NULL, 17, 141, 216),
(1070, NULL, NULL, 12, 141, 216),
(1071, NULL, NULL, 38, 156, 223),
(1072, NULL, NULL, 38, 160, 260),
(1073, NULL, NULL, 20, 178, 254),
(1074, NULL, NULL, 28, 66, 78),
(1075, NULL, NULL, 23, 66, 78),
(1076, NULL, NULL, 13, 45, 49),
(1077, NULL, NULL, 39, 67, 78),
(1078, NULL, NULL, 34, 67, 78),
(1079, NULL, NULL, 39, 163, 237),
(1080, NULL, NULL, 35, 185, 262),
(1081, NULL, NULL, 3, 170, 249),
(1082, NULL, NULL, 23, 141, 215),
(1083, NULL, NULL, 28, 46, 50),
(1084, NULL, NULL, 20, 163, 237),
(1085, NULL, NULL, 30, 169, 248),
(1086, NULL, NULL, 1, 68, 79),
(1087, NULL, NULL, 16, 169, 248),
(1088, NULL, NULL, 26, 59, 70),
(1089, NULL, NULL, 5, 141, 216),
(1090, NULL, NULL, 40, 141, 216),
(1091, NULL, NULL, 35, 72, 221),
(1092, NULL, NULL, 5, 182, 257),
(1093, NULL, NULL, 37, 89, 259),
(1094, NULL, NULL, 18, 43, 46);

-- --------------------------------------------------------

--
-- Table structure for table `slotdatasubdivisions`
--

CREATE TABLE `slotdatasubdivisions` (
  `id` int(10) UNSIGNED NOT NULL,
  `createdAt` datetime DEFAULT NULL,
  `updatedAt` datetime DEFAULT NULL,
  `SlotDataId` int(10) UNSIGNED NOT NULL,
  `SubdivisionId` int(10) UNSIGNED NOT NULL
) ENGINE=InnoDB DEFAULT CHARSET=utf8mb4 COLLATE=utf8mb4_general_ci;

--
-- Dumping data for table `slotdatasubdivisions`
--

INSERT INTO `slotdatasubdivisions` (`id`, `createdAt`, `updatedAt`, `SlotDataId`, `SubdivisionId`) VALUES
(524, NULL, NULL, 264, 59),
(525, NULL, NULL, 265, 59),
(526, NULL, NULL, 266, 86),
(527, NULL, NULL, 267, 86),
(528, NULL, NULL, 268, 42),
(529, NULL, NULL, 269, 42),
(530, NULL, NULL, 270, 58),
(531, NULL, NULL, 271, 58),
(532, NULL, NULL, 272, 68),
(533, NULL, NULL, 273, 68),
(534, NULL, NULL, 274, 31),
(535, NULL, NULL, 275, 31),
(536, NULL, NULL, 276, 77),
(537, NULL, NULL, 277, 77),
(538, NULL, NULL, 278, 67),
(539, NULL, NULL, 279, 67),
(540, NULL, NULL, 280, 60),
(541, NULL, NULL, 281, 60),
(542, NULL, NULL, 282, 78),
(543, NULL, NULL, 283, 78),
(544, NULL, NULL, 284, 41),
(545, NULL, NULL, 285, 41),
(546, NULL, NULL, 286, 32),
(547, NULL, NULL, 287, 32),
(548, NULL, NULL, 288, 40),
(549, NULL, NULL, 289, 40),
(550, NULL, NULL, 290, 49),
(551, NULL, NULL, 291, 49),
(552, NULL, NULL, 292, 31),
(553, NULL, NULL, 293, 31),
(554, NULL, NULL, 294, 94),
(555, NULL, NULL, 295, 94),
(556, NULL, NULL, 296, 40),
(557, NULL, NULL, 297, 40),
(558, NULL, NULL, 298, 50),
(559, NULL, NULL, 299, 50),
(560, NULL, NULL, 300, 33),
(561, NULL, NULL, 301, 33),
(562, NULL, NULL, 302, 87),
(563, NULL, NULL, 303, 87),
(564, NULL, NULL, 304, 104),
(565, NULL, NULL, 305, 104),
(566, NULL, NULL, 306, 103),
(567, NULL, NULL, 307, 103),
(568, NULL, NULL, 308, 59),
(569, NULL, NULL, 309, 59),
(570, NULL, NULL, 310, 87),
(571, NULL, NULL, 311, 87),
(572, NULL, NULL, 312, 94),
(573, NULL, NULL, 313, 94),
(574, NULL, NULL, 314, 157),
(575, NULL, NULL, 315, 157),
(576, NULL, NULL, 316, 59),
(577, NULL, NULL, 317, 59),
(578, NULL, NULL, 318, 42),
(579, NULL, NULL, 319, 42),
(580, NULL, NULL, 320, 41),
(581, NULL, NULL, 321, 41),
(582, NULL, NULL, 322, 76),
(583, NULL, NULL, 323, 76),
(584, NULL, NULL, 324, 40),
(585, NULL, NULL, 325, 40),
(586, NULL, NULL, 326, 104),
(587, NULL, NULL, 327, 104),
(588, NULL, NULL, 328, 141),
(589, NULL, NULL, 329, 141),
(590, NULL, NULL, 330, 105),
(591, NULL, NULL, 331, 105),
(592, NULL, NULL, 332, 41),
(593, NULL, NULL, 333, 41),
(594, NULL, NULL, 334, 94),
(595, NULL, NULL, 334, 95),
(596, NULL, NULL, 334, 96),
(597, NULL, NULL, 335, 103),
(598, NULL, NULL, 336, 103),
(599, NULL, NULL, 337, 140),
(600, NULL, NULL, 338, 140),
(601, NULL, NULL, 339, 33),
(602, NULL, NULL, 340, 33),
(603, NULL, NULL, 341, 31),
(604, NULL, NULL, 342, 31),
(605, NULL, NULL, 343, 32),
(606, NULL, NULL, 344, 32),
(607, NULL, NULL, 345, 49),
(608, NULL, NULL, 345, 50),
(609, NULL, NULL, 345, 51),
(610, NULL, NULL, 346, 49),
(611, NULL, NULL, 347, 49),
(612, NULL, NULL, 348, 112),
(613, NULL, NULL, 348, 113),
(614, NULL, NULL, 348, 114),
(615, NULL, NULL, 349, 58),
(616, NULL, NULL, 349, 59),
(617, NULL, NULL, 349, 60),
(618, NULL, NULL, 350, 13),
(619, NULL, NULL, 350, 14),
(620, NULL, NULL, 350, 15),
(621, NULL, NULL, 351, 49),
(622, NULL, NULL, 351, 50),
(623, NULL, NULL, 351, 51),
(624, NULL, NULL, 352, 140),
(625, NULL, NULL, 353, 140),
(626, NULL, NULL, 354, 68),
(627, NULL, NULL, 355, 68),
(628, NULL, NULL, 356, 31),
(629, NULL, NULL, 357, 31),
(630, NULL, NULL, 358, 148),
(631, NULL, NULL, 359, 148),
(632, NULL, NULL, 360, 86),
(633, NULL, NULL, 361, 86),
(634, NULL, NULL, 362, 112),
(635, NULL, NULL, 362, 113),
(636, NULL, NULL, 362, 114),
(637, NULL, NULL, 363, 105),
(638, NULL, NULL, 364, 105),
(639, NULL, NULL, 365, 130),
(640, NULL, NULL, 365, 131),
(641, NULL, NULL, 365, 132),
(642, NULL, NULL, 366, 159),
(643, NULL, NULL, 367, 159),
(644, NULL, NULL, 368, 40),
(645, NULL, NULL, 369, 40),
(646, NULL, NULL, 370, 49),
(647, NULL, NULL, 370, 50),
(648, NULL, NULL, 370, 51),
(649, NULL, NULL, 371, 130),
(650, NULL, NULL, 372, 130),
(651, NULL, NULL, 373, 157),
(652, NULL, NULL, 373, 158),
(653, NULL, NULL, 373, 159),
(654, NULL, NULL, 374, 32),
(655, NULL, NULL, 375, 32),
(656, NULL, NULL, 376, 122),
(657, NULL, NULL, 377, 122),
(658, NULL, NULL, 378, 68),
(659, NULL, NULL, 379, 68),
(660, NULL, NULL, 380, 69),
(661, NULL, NULL, 381, 69),
(662, NULL, NULL, 382, 141),
(663, NULL, NULL, 383, 141),
(664, NULL, NULL, 384, 158),
(665, NULL, NULL, 385, 158),
(666, NULL, NULL, 386, 49),
(667, NULL, NULL, 387, 49),
(668, NULL, NULL, 388, 131),
(669, NULL, NULL, 389, 131),
(670, NULL, NULL, 390, 158),
(671, NULL, NULL, 391, 158),
(672, NULL, NULL, 392, 58),
(673, NULL, NULL, 393, 58),
(674, NULL, NULL, 394, 67),
(675, NULL, NULL, 394, 68),
(676, NULL, NULL, 394, 69),
(677, NULL, NULL, 395, 105),
(678, NULL, NULL, 396, 105),
(679, NULL, NULL, 397, 31),
(680, NULL, NULL, 397, 32),
(681, NULL, NULL, 397, 33),
(682, NULL, NULL, 398, 157),
(683, NULL, NULL, 398, 158),
(684, NULL, NULL, 398, 159),
(685, NULL, NULL, 399, 40),
(686, NULL, NULL, 399, 41),
(687, NULL, NULL, 399, 42),
(688, NULL, NULL, 400, 31),
(689, NULL, NULL, 400, 32),
(690, NULL, NULL, 400, 33),
(691, NULL, NULL, 401, 130),
(692, NULL, NULL, 401, 131),
(693, NULL, NULL, 401, 132),
(694, NULL, NULL, 402, 157),
(695, NULL, NULL, 403, 157),
(696, NULL, NULL, 404, 103),
(697, NULL, NULL, 404, 104),
(698, NULL, NULL, 404, 105),
(699, NULL, NULL, 405, 58),
(700, NULL, NULL, 405, 59),
(701, NULL, NULL, 405, 60),
(702, NULL, NULL, 406, 49),
(703, NULL, NULL, 406, 50),
(704, NULL, NULL, 406, 51),
(705, NULL, NULL, 407, 60),
(706, NULL, NULL, 408, 60),
(707, NULL, NULL, 409, 94),
(708, NULL, NULL, 410, 94),
(709, NULL, NULL, 411, 123),
(710, NULL, NULL, 412, 123),
(711, NULL, NULL, 413, 33),
(712, NULL, NULL, 414, 33),
(713, NULL, NULL, 415, 33),
(714, NULL, NULL, 416, 33),
(715, NULL, NULL, 417, 112),
(716, NULL, NULL, 417, 113),
(717, NULL, NULL, 417, 114),
(718, NULL, NULL, 418, 130),
(719, NULL, NULL, 418, 131),
(720, NULL, NULL, 418, 132),
(721, NULL, NULL, 419, 67),
(722, NULL, NULL, 419, 68),
(723, NULL, NULL, 419, 69),
(724, NULL, NULL, 420, 112),
(725, NULL, NULL, 420, 113),
(726, NULL, NULL, 420, 114),
(727, NULL, NULL, 421, 4),
(728, NULL, NULL, 421, 5),
(729, NULL, NULL, 421, 6),
(730, NULL, NULL, 422, 67),
(731, NULL, NULL, 422, 68),
(732, NULL, NULL, 422, 69),
(733, NULL, NULL, 423, 31),
(734, NULL, NULL, 423, 32),
(735, NULL, NULL, 423, 33),
(736, NULL, NULL, 424, 148),
(737, NULL, NULL, 424, 149),
(738, NULL, NULL, 424, 150),
(739, NULL, NULL, 425, 49),
(740, NULL, NULL, 425, 50),
(741, NULL, NULL, 425, 51),
(742, NULL, NULL, 426, 103),
(743, NULL, NULL, 426, 104),
(744, NULL, NULL, 426, 105),
(745, NULL, NULL, 427, 4),
(746, NULL, NULL, 427, 5),
(747, NULL, NULL, 427, 6),
(748, NULL, NULL, 428, 32),
(749, NULL, NULL, 429, 32),
(750, NULL, NULL, 430, 148),
(751, NULL, NULL, 430, 149),
(752, NULL, NULL, 430, 150),
(753, NULL, NULL, 431, 85),
(754, NULL, NULL, 431, 86),
(755, NULL, NULL, 431, 87),
(756, NULL, NULL, 432, 49),
(757, NULL, NULL, 432, 50),
(758, NULL, NULL, 432, 51),
(759, NULL, NULL, 433, 40),
(760, NULL, NULL, 433, 41),
(761, NULL, NULL, 433, 42),
(762, NULL, NULL, 434, 4),
(763, NULL, NULL, 434, 5),
(764, NULL, NULL, 434, 6),
(765, NULL, NULL, 435, 121),
(766, NULL, NULL, 435, 122),
(767, NULL, NULL, 435, 123),
(768, NULL, NULL, 436, 50),
(769, NULL, NULL, 437, 50),
(770, NULL, NULL, 438, 112),
(771, NULL, NULL, 438, 113),
(772, NULL, NULL, 438, 114),
(773, NULL, NULL, 439, 139),
(774, NULL, NULL, 439, 140),
(775, NULL, NULL, 439, 141),
(776, NULL, NULL, 440, 148),
(777, NULL, NULL, 440, 149),
(778, NULL, NULL, 440, 150),
(779, NULL, NULL, 441, 76),
(780, NULL, NULL, 441, 77),
(781, NULL, NULL, 441, 78),
(782, NULL, NULL, 442, 31),
(783, NULL, NULL, 442, 32),
(784, NULL, NULL, 442, 33),
(785, NULL, NULL, 443, 139),
(786, NULL, NULL, 444, 139),
(787, NULL, NULL, 445, 96),
(788, NULL, NULL, 446, 96),
(789, NULL, NULL, 447, 49),
(790, NULL, NULL, 447, 50),
(791, NULL, NULL, 447, 51),
(792, NULL, NULL, 448, 94),
(793, NULL, NULL, 448, 95),
(794, NULL, NULL, 448, 96),
(795, NULL, NULL, 449, 121),
(796, NULL, NULL, 449, 122),
(797, NULL, NULL, 449, 123),
(798, NULL, NULL, 450, 13),
(799, NULL, NULL, 450, 14),
(800, NULL, NULL, 450, 15),
(801, NULL, NULL, 451, 130),
(802, NULL, NULL, 451, 131),
(803, NULL, NULL, 451, 132),
(804, NULL, NULL, 452, 49),
(805, NULL, NULL, 452, 50),
(806, NULL, NULL, 452, 51),
(807, NULL, NULL, 453, 157),
(808, NULL, NULL, 453, 158),
(809, NULL, NULL, 453, 159),
(810, NULL, NULL, 454, 113),
(811, NULL, NULL, 455, 113),
(812, NULL, NULL, 456, 148),
(813, NULL, NULL, 456, 149),
(814, NULL, NULL, 456, 150),
(815, NULL, NULL, 457, 58),
(816, NULL, NULL, 457, 59),
(817, NULL, NULL, 457, 60),
(818, NULL, NULL, 458, 58),
(819, NULL, NULL, 458, 59),
(820, NULL, NULL, 458, 60),
(821, NULL, NULL, 459, 31),
(822, NULL, NULL, 459, 32),
(823, NULL, NULL, 459, 33),
(824, NULL, NULL, 460, 148),
(825, NULL, NULL, 460, 149),
(826, NULL, NULL, 460, 150),
(827, NULL, NULL, 461, 58),
(828, NULL, NULL, 462, 58),
(829, NULL, NULL, 463, 148),
(830, NULL, NULL, 463, 149),
(831, NULL, NULL, 463, 150),
(832, NULL, NULL, 464, 130),
(833, NULL, NULL, 465, 130),
(834, NULL, NULL, 466, 87),
(835, NULL, NULL, 467, 87),
(836, NULL, NULL, 468, 67),
(837, NULL, NULL, 468, 68),
(838, NULL, NULL, 468, 69),
(839, NULL, NULL, 469, 121),
(840, NULL, NULL, 469, 122),
(841, NULL, NULL, 469, 123),
(842, NULL, NULL, 470, 96),
(843, NULL, NULL, 471, 96),
(844, NULL, NULL, 472, 22),
(845, NULL, NULL, 472, 23),
(846, NULL, NULL, 472, 24),
(847, NULL, NULL, 473, 139),
(848, NULL, NULL, 473, 140),
(849, NULL, NULL, 473, 141),
(850, NULL, NULL, 474, 94),
(851, NULL, NULL, 474, 95),
(852, NULL, NULL, 474, 96),
(853, NULL, NULL, 475, 148),
(854, NULL, NULL, 475, 149),
(855, NULL, NULL, 475, 150),
(856, NULL, NULL, 476, 103),
(857, NULL, NULL, 476, 104),
(858, NULL, NULL, 476, 105),
(859, NULL, NULL, 477, 139),
(860, NULL, NULL, 477, 140),
(861, NULL, NULL, 477, 141),
(862, NULL, NULL, 478, 114),
(863, NULL, NULL, 479, 114),
(864, NULL, NULL, 480, 103),
(865, NULL, NULL, 480, 104),
(866, NULL, NULL, 480, 105),
(867, NULL, NULL, 481, 4),
(868, NULL, NULL, 481, 5),
(869, NULL, NULL, 481, 6),
(870, NULL, NULL, 482, 13),
(871, NULL, NULL, 482, 14),
(872, NULL, NULL, 482, 15),
(873, NULL, NULL, 483, 112),
(874, NULL, NULL, 483, 113),
(875, NULL, NULL, 483, 114),
(876, NULL, NULL, 484, 58),
(877, NULL, NULL, 484, 59),
(878, NULL, NULL, 484, 60),
(879, NULL, NULL, 485, 159),
(880, NULL, NULL, 486, 159),
(881, NULL, NULL, 487, 130),
(882, NULL, NULL, 487, 131),
(883, NULL, NULL, 487, 132),
(884, NULL, NULL, 488, 67),
(885, NULL, NULL, 488, 68),
(886, NULL, NULL, 488, 69),
(887, NULL, NULL, 489, 58),
(888, NULL, NULL, 489, 59),
(889, NULL, NULL, 489, 60),
(890, NULL, NULL, 490, 139),
(891, NULL, NULL, 490, 140),
(892, NULL, NULL, 490, 141),
(893, NULL, NULL, 491, 148),
(894, NULL, NULL, 491, 149),
(895, NULL, NULL, 491, 150),
(896, NULL, NULL, 492, 112),
(897, NULL, NULL, 493, 112),
(898, NULL, NULL, 494, 94),
(899, NULL, NULL, 494, 95),
(900, NULL, NULL, 494, 96),
(901, NULL, NULL, 495, 22),
(902, NULL, NULL, 495, 23),
(903, NULL, NULL, 495, 24),
(904, NULL, NULL, 496, 4),
(905, NULL, NULL, 496, 5),
(906, NULL, NULL, 496, 6),
(907, NULL, NULL, 497, 148),
(908, NULL, NULL, 497, 149),
(909, NULL, NULL, 497, 150),
(910, NULL, NULL, 498, 85),
(911, NULL, NULL, 498, 86),
(912, NULL, NULL, 498, 87),
(913, NULL, NULL, 499, 49),
(914, NULL, NULL, 499, 50),
(915, NULL, NULL, 499, 51),
(916, NULL, NULL, 500, 132),
(917, NULL, NULL, 501, 132),
(918, NULL, NULL, 502, 31),
(919, NULL, NULL, 502, 32),
(920, NULL, NULL, 502, 33),
(921, NULL, NULL, 503, 49),
(922, NULL, NULL, 503, 50),
(923, NULL, NULL, 503, 51),
(924, NULL, NULL, 504, 112),
(925, NULL, NULL, 504, 113),
(926, NULL, NULL, 504, 114),
(927, NULL, NULL, 505, 121),
(928, NULL, NULL, 505, 122),
(929, NULL, NULL, 505, 123),
(930, NULL, NULL, 506, 94),
(931, NULL, NULL, 506, 95),
(932, NULL, NULL, 506, 96),
(933, NULL, NULL, 507, 4),
(934, NULL, NULL, 507, 5),
(935, NULL, NULL, 507, 6),
(936, NULL, NULL, 508, 4),
(937, NULL, NULL, 508, 5),
(938, NULL, NULL, 508, 6),
(939, NULL, NULL, 509, 130),
(940, NULL, NULL, 509, 131),
(941, NULL, NULL, 509, 132),
(942, NULL, NULL, 510, 130),
(943, NULL, NULL, 510, 131),
(944, NULL, NULL, 510, 132),
(945, NULL, NULL, 511, 148),
(946, NULL, NULL, 511, 149),
(947, NULL, NULL, 511, 150),
(948, NULL, NULL, 512, 95),
(949, NULL, NULL, 513, 95),
(950, NULL, NULL, 514, 130),
(951, NULL, NULL, 514, 131),
(952, NULL, NULL, 514, 132),
(953, NULL, NULL, 515, 4),
(954, NULL, NULL, 515, 5),
(955, NULL, NULL, 515, 6),
(956, NULL, NULL, 516, 103),
(957, NULL, NULL, 516, 104),
(958, NULL, NULL, 516, 105),
(959, NULL, NULL, 517, 67),
(960, NULL, NULL, 517, 68),
(961, NULL, NULL, 517, 69),
(962, NULL, NULL, 518, 121),
(963, NULL, NULL, 518, 122),
(964, NULL, NULL, 518, 123),
(965, NULL, NULL, 519, 103),
(966, NULL, NULL, 519, 104),
(967, NULL, NULL, 519, 105),
(968, NULL, NULL, 520, 50),
(969, NULL, NULL, 521, 50),
(970, NULL, NULL, 522, 139),
(971, NULL, NULL, 523, 139),
(972, NULL, NULL, 524, 104),
(973, NULL, NULL, 525, 104),
(974, NULL, NULL, 526, 130),
(975, NULL, NULL, 526, 131),
(976, NULL, NULL, 526, 132),
(977, NULL, NULL, 527, 113),
(978, NULL, NULL, 528, 113),
(979, NULL, NULL, 529, 86),
(980, NULL, NULL, 530, 86),
(981, NULL, NULL, 531, 22),
(982, NULL, NULL, 531, 23),
(983, NULL, NULL, 531, 24),
(984, NULL, NULL, 532, 112),
(985, NULL, NULL, 533, 112),
(986, NULL, NULL, 534, 31),
(987, NULL, NULL, 534, 32),
(988, NULL, NULL, 534, 33),
(989, NULL, NULL, 535, 49),
(990, NULL, NULL, 535, 50),
(991, NULL, NULL, 535, 51),
(992, NULL, NULL, 536, 148),
(993, NULL, NULL, 536, 149),
(994, NULL, NULL, 536, 150),
(995, NULL, NULL, 537, 114),
(996, NULL, NULL, 538, 114),
(997, NULL, NULL, 539, 150),
(998, NULL, NULL, 540, 150),
(999, NULL, NULL, 541, 123),
(1000, NULL, NULL, 542, 123),
(1001, NULL, NULL, 543, 103),
(1002, NULL, NULL, 543, 104),
(1003, NULL, NULL, 543, 105),
(1004, NULL, NULL, 544, 95),
(1005, NULL, NULL, 545, 95),
(1006, NULL, NULL, 546, 140),
(1007, NULL, NULL, 547, 140),
(1008, NULL, NULL, 548, 14),
(1009, NULL, NULL, 549, 14),
(1010, NULL, NULL, 550, 148),
(1011, NULL, NULL, 550, 149),
(1012, NULL, NULL, 550, 150),
(1013, NULL, NULL, 551, 148),
(1014, NULL, NULL, 552, 148),
(1015, NULL, NULL, 553, 4),
(1016, NULL, NULL, 553, 5),
(1017, NULL, NULL, 553, 6),
(1018, NULL, NULL, 554, 121),
(1019, NULL, NULL, 554, 122),
(1020, NULL, NULL, 554, 123),
(1021, NULL, NULL, 555, 4),
(1022, NULL, NULL, 555, 5),
(1023, NULL, NULL, 555, 6),
(1024, NULL, NULL, 556, 51),
(1025, NULL, NULL, 557, 51),
(1026, NULL, NULL, 558, 58),
(1027, NULL, NULL, 558, 59),
(1028, NULL, NULL, 558, 60),
(1029, NULL, NULL, 559, 103),
(1030, NULL, NULL, 559, 104),
(1031, NULL, NULL, 559, 105),
(1032, NULL, NULL, 560, 85),
(1033, NULL, NULL, 560, 86),
(1034, NULL, NULL, 560, 87),
(1035, NULL, NULL, 561, 121),
(1036, NULL, NULL, 561, 122),
(1037, NULL, NULL, 561, 123),
(1038, NULL, NULL, 562, 103),
(1039, NULL, NULL, 562, 104),
(1040, NULL, NULL, 562, 105),
(1041, NULL, NULL, 563, 4),
(1042, NULL, NULL, 563, 5),
(1043, NULL, NULL, 563, 6),
(1044, NULL, NULL, 564, 22),
(1045, NULL, NULL, 564, 23),
(1046, NULL, NULL, 564, 24),
(1047, NULL, NULL, 565, 31),
(1048, NULL, NULL, 565, 32),
(1049, NULL, NULL, 565, 33),
(1050, NULL, NULL, 566, 85),
(1051, NULL, NULL, 566, 86),
(1052, NULL, NULL, 566, 87),
(1053, NULL, NULL, 567, 31),
(1054, NULL, NULL, 567, 32),
(1055, NULL, NULL, 567, 33),
(1056, NULL, NULL, 568, 85),
(1057, NULL, NULL, 568, 86),
(1058, NULL, NULL, 568, 87),
(1059, NULL, NULL, 569, 22),
(1060, NULL, NULL, 569, 23),
(1061, NULL, NULL, 569, 24),
(1062, NULL, NULL, 570, 130),
(1063, NULL, NULL, 570, 131),
(1064, NULL, NULL, 570, 132),
(1065, NULL, NULL, 571, 121),
(1066, NULL, NULL, 571, 122),
(1067, NULL, NULL, 571, 123),
(1068, NULL, NULL, 572, 58),
(1069, NULL, NULL, 572, 59),
(1070, NULL, NULL, 572, 60),
(1071, NULL, NULL, 573, 49),
(1072, NULL, NULL, 573, 50),
(1073, NULL, NULL, 573, 51),
(1074, NULL, NULL, 574, 5),
(1075, NULL, NULL, 575, 5),
(1076, NULL, NULL, 576, 157),
(1077, NULL, NULL, 576, 158),
(1078, NULL, NULL, 576, 159),
(1079, NULL, NULL, 577, 148),
(1080, NULL, NULL, 577, 149),
(1081, NULL, NULL, 577, 150),
(1082, NULL, NULL, 578, 76),
(1083, NULL, NULL, 578, 77),
(1084, NULL, NULL, 578, 78),
(1085, NULL, NULL, 579, 42),
(1086, NULL, NULL, 580, 42),
(1087, NULL, NULL, 581, 86),
(1088, NULL, NULL, 582, 86),
(1089, NULL, NULL, 583, 94),
(1090, NULL, NULL, 583, 95),
(1091, NULL, NULL, 583, 96),
(1092, NULL, NULL, 584, 139),
(1093, NULL, NULL, 584, 140),
(1094, NULL, NULL, 584, 141),
(1095, NULL, NULL, 585, 94),
(1096, NULL, NULL, 585, 95),
(1097, NULL, NULL, 585, 96),
(1098, NULL, NULL, 586, 122),
(1099, NULL, NULL, 587, 122),
(1100, NULL, NULL, 588, 148),
(1101, NULL, NULL, 588, 149),
(1102, NULL, NULL, 588, 150),
(1103, NULL, NULL, 589, 67),
(1104, NULL, NULL, 589, 68),
(1105, NULL, NULL, 589, 69),
(1106, NULL, NULL, 590, 148),
(1107, NULL, NULL, 590, 149),
(1108, NULL, NULL, 590, 150),
(1109, NULL, NULL, 591, 121),
(1110, NULL, NULL, 591, 122),
(1111, NULL, NULL, 591, 123),
(1112, NULL, NULL, 592, 157),
(1113, NULL, NULL, 592, 158),
(1114, NULL, NULL, 592, 159),
(1115, NULL, NULL, 593, 104),
(1116, NULL, NULL, 594, 104),
(1117, NULL, NULL, 595, 139),
(1118, NULL, NULL, 595, 140),
(1119, NULL, NULL, 595, 141),
(1120, NULL, NULL, 596, 112),
(1121, NULL, NULL, 596, 113),
(1122, NULL, NULL, 596, 114),
(1123, NULL, NULL, 597, 67),
(1124, NULL, NULL, 598, 67),
(1125, NULL, NULL, 599, 113),
(1126, NULL, NULL, 600, 113),
(1127, NULL, NULL, 601, 112),
(1128, NULL, NULL, 601, 113),
(1129, NULL, NULL, 601, 114),
(1130, NULL, NULL, 602, 130),
(1131, NULL, NULL, 602, 131),
(1132, NULL, NULL, 602, 132),
(1133, NULL, NULL, 603, 130),
(1134, NULL, NULL, 603, 131),
(1135, NULL, NULL, 603, 132),
(1136, NULL, NULL, 604, 148),
(1137, NULL, NULL, 604, 149),
(1138, NULL, NULL, 604, 150),
(1139, NULL, NULL, 605, 76),
(1140, NULL, NULL, 605, 77),
(1141, NULL, NULL, 605, 78),
(1142, NULL, NULL, 606, 40),
(1143, NULL, NULL, 606, 41),
(1144, NULL, NULL, 606, 42),
(1145, NULL, NULL, 607, 94),
(1146, NULL, NULL, 607, 95),
(1147, NULL, NULL, 607, 96),
(1148, NULL, NULL, 608, 114),
(1149, NULL, NULL, 609, 114),
(1150, NULL, NULL, 610, 139),
(1151, NULL, NULL, 610, 140),
(1152, NULL, NULL, 610, 141),
(1153, NULL, NULL, 611, 130),
(1154, NULL, NULL, 611, 131),
(1155, NULL, NULL, 611, 132),
(1156, NULL, NULL, 612, 85),
(1157, NULL, NULL, 612, 86),
(1158, NULL, NULL, 612, 87),
(1159, NULL, NULL, 613, 49),
(1160, NULL, NULL, 613, 50),
(1161, NULL, NULL, 613, 51),
(1162, NULL, NULL, 614, 148),
(1163, NULL, NULL, 614, 149),
(1164, NULL, NULL, 614, 150),
(1165, NULL, NULL, 615, 157),
(1166, NULL, NULL, 615, 158),
(1167, NULL, NULL, 615, 159),
(1168, NULL, NULL, 616, 157),
(1169, NULL, NULL, 616, 158),
(1170, NULL, NULL, 616, 159),
(1171, NULL, NULL, 617, 139),
(1172, NULL, NULL, 617, 140),
(1173, NULL, NULL, 617, 141),
(1174, NULL, NULL, 618, 103),
(1175, NULL, NULL, 618, 104),
(1176, NULL, NULL, 618, 105),
(1177, NULL, NULL, 619, 31),
(1178, NULL, NULL, 619, 32),
(1179, NULL, NULL, 619, 33),
(1180, NULL, NULL, 620, 76),
(1181, NULL, NULL, 620, 77),
(1182, NULL, NULL, 620, 78),
(1183, NULL, NULL, 621, 103),
(1184, NULL, NULL, 621, 104),
(1185, NULL, NULL, 621, 105),
(1186, NULL, NULL, 622, 67),
(1187, NULL, NULL, 622, 68),
(1188, NULL, NULL, 622, 69),
(1189, NULL, NULL, 623, 139),
(1190, NULL, NULL, 623, 140),
(1191, NULL, NULL, 623, 141),
(1192, NULL, NULL, 624, 157),
(1193, NULL, NULL, 625, 157),
(1194, NULL, NULL, 626, 76),
(1195, NULL, NULL, 626, 77),
(1196, NULL, NULL, 626, 78),
(1197, NULL, NULL, 627, 121),
(1198, NULL, NULL, 627, 122),
(1199, NULL, NULL, 627, 123),
(1200, NULL, NULL, 628, 31),
(1201, NULL, NULL, 628, 32),
(1202, NULL, NULL, 628, 33),
(1203, NULL, NULL, 629, 157),
(1204, NULL, NULL, 629, 158),
(1205, NULL, NULL, 629, 159),
(1206, NULL, NULL, 630, 49),
(1207, NULL, NULL, 631, 49),
(1208, NULL, NULL, 632, 94),
(1209, NULL, NULL, 632, 95),
(1210, NULL, NULL, 632, 96),
(1211, NULL, NULL, 633, 96),
(1212, NULL, NULL, 634, 96),
(1213, NULL, NULL, 635, 31),
(1214, NULL, NULL, 635, 32),
(1215, NULL, NULL, 635, 33),
(1216, NULL, NULL, 636, 67),
(1217, NULL, NULL, 636, 68),
(1218, NULL, NULL, 636, 69),
(1219, NULL, NULL, 637, 148),
(1220, NULL, NULL, 637, 149),
(1221, NULL, NULL, 637, 150),
(1222, NULL, NULL, 638, 121),
(1223, NULL, NULL, 638, 122),
(1224, NULL, NULL, 638, 123),
(1225, NULL, NULL, 639, 158),
(1226, NULL, NULL, 640, 158),
(1227, NULL, NULL, 641, 148),
(1228, NULL, NULL, 641, 149),
(1229, NULL, NULL, 641, 150),
(1230, NULL, NULL, 642, 139),
(1231, NULL, NULL, 642, 140),
(1232, NULL, NULL, 642, 141),
(1233, NULL, NULL, 643, 67),
(1234, NULL, NULL, 643, 68),
(1235, NULL, NULL, 643, 69),
(1236, NULL, NULL, 644, 139),
(1237, NULL, NULL, 644, 140),
(1238, NULL, NULL, 644, 141),
(1239, NULL, NULL, 645, 112),
(1240, NULL, NULL, 645, 113),
(1241, NULL, NULL, 645, 114),
(1242, NULL, NULL, 646, 22),
(1243, NULL, NULL, 647, 22),
(1244, NULL, NULL, 648, 121),
(1245, NULL, NULL, 649, 121),
(1246, NULL, NULL, 650, 31),
(1247, NULL, NULL, 650, 32),
(1248, NULL, NULL, 650, 33),
(1249, NULL, NULL, 651, 148),
(1250, NULL, NULL, 651, 149),
(1251, NULL, NULL, 651, 150),
(1252, NULL, NULL, 652, 22),
(1253, NULL, NULL, 652, 23),
(1254, NULL, NULL, 652, 24),
(1255, NULL, NULL, 653, 103),
(1256, NULL, NULL, 653, 104),
(1257, NULL, NULL, 653, 105),
(1258, NULL, NULL, 654, 67),
(1259, NULL, NULL, 654, 68),
(1260, NULL, NULL, 654, 69),
(1261, NULL, NULL, 655, 103),
(1262, NULL, NULL, 655, 104),
(1263, NULL, NULL, 655, 105),
(1264, NULL, NULL, 656, 85),
(1265, NULL, NULL, 657, 85),
(1266, NULL, NULL, 658, 121),
(1267, NULL, NULL, 658, 122),
(1268, NULL, NULL, 658, 123),
(1269, NULL, NULL, 659, 148),
(1270, NULL, NULL, 660, 148),
(1271, NULL, NULL, 661, 130),
(1272, NULL, NULL, 661, 131),
(1273, NULL, NULL, 661, 132),
(1274, NULL, NULL, 662, 103),
(1275, NULL, NULL, 662, 104),
(1276, NULL, NULL, 662, 105),
(1277, NULL, NULL, 663, 148),
(1278, NULL, NULL, 663, 149),
(1279, NULL, NULL, 663, 150),
(1280, NULL, NULL, 664, 50),
(1281, NULL, NULL, 665, 50),
(1282, NULL, NULL, 666, 130),
(1283, NULL, NULL, 666, 131),
(1284, NULL, NULL, 666, 132),
(1285, NULL, NULL, 667, 76),
(1286, NULL, NULL, 667, 77),
(1287, NULL, NULL, 667, 78),
(1288, NULL, NULL, 668, 4),
(1289, NULL, NULL, 668, 5),
(1290, NULL, NULL, 668, 6),
(1291, NULL, NULL, 669, 85),
(1292, NULL, NULL, 670, 85),
(1293, NULL, NULL, 671, 31),
(1294, NULL, NULL, 671, 32),
(1295, NULL, NULL, 671, 33),
(1296, NULL, NULL, 672, 78),
(1297, NULL, NULL, 673, 78),
(1298, NULL, NULL, 674, 58),
(1299, NULL, NULL, 674, 59),
(1300, NULL, NULL, 674, 60),
(1301, NULL, NULL, 675, 22),
(1302, NULL, NULL, 675, 23),
(1303, NULL, NULL, 675, 24),
(1304, NULL, NULL, 676, 112),
(1305, NULL, NULL, 676, 113),
(1306, NULL, NULL, 676, 114),
(1307, NULL, NULL, 677, 94),
(1308, NULL, NULL, 677, 95),
(1309, NULL, NULL, 677, 96),
(1310, NULL, NULL, 678, 130),
(1311, NULL, NULL, 678, 131),
(1312, NULL, NULL, 678, 132),
(1313, NULL, NULL, 679, 139),
(1314, NULL, NULL, 679, 140),
(1315, NULL, NULL, 679, 141),
(1316, NULL, NULL, 680, 112),
(1317, NULL, NULL, 680, 113),
(1318, NULL, NULL, 680, 114),
(1319, NULL, NULL, 681, 49),
(1320, NULL, NULL, 681, 50),
(1321, NULL, NULL, 681, 51),
(1322, NULL, NULL, 682, 31),
(1323, NULL, NULL, 682, 32),
(1324, NULL, NULL, 682, 33),
(1325, NULL, NULL, 683, 122),
(1326, NULL, NULL, 684, 122),
(1327, NULL, NULL, 685, 112),
(1328, NULL, NULL, 685, 113),
(1329, NULL, NULL, 685, 114),
(1330, NULL, NULL, 686, 148),
(1331, NULL, NULL, 686, 149),
(1332, NULL, NULL, 686, 150),
(1333, NULL, NULL, 687, 31),
(1334, NULL, NULL, 687, 32),
(1335, NULL, NULL, 687, 33),
(1336, NULL, NULL, 688, 40),
(1337, NULL, NULL, 688, 41),
(1338, NULL, NULL, 688, 42),
(1339, NULL, NULL, 689, 67),
(1340, NULL, NULL, 689, 68),
(1341, NULL, NULL, 689, 69),
(1342, NULL, NULL, 690, 112),
(1343, NULL, NULL, 691, 112),
(1344, NULL, NULL, 692, 58),
(1345, NULL, NULL, 692, 59),
(1346, NULL, NULL, 692, 60),
(1347, NULL, NULL, 693, 85),
(1348, NULL, NULL, 694, 85),
(1349, NULL, NULL, 695, 31),
(1350, NULL, NULL, 695, 32),
(1351, NULL, NULL, 695, 33),
(1352, NULL, NULL, 696, 40),
(1353, NULL, NULL, 696, 41),
(1354, NULL, NULL, 696, 42),
(1355, NULL, NULL, 697, 139),
(1356, NULL, NULL, 697, 140),
(1357, NULL, NULL, 697, 141),
(1358, NULL, NULL, 698, 148),
(1359, NULL, NULL, 698, 149),
(1360, NULL, NULL, 698, 150),
(1361, NULL, NULL, 699, 121),
(1362, NULL, NULL, 699, 122),
(1363, NULL, NULL, 699, 123),
(1364, NULL, NULL, 700, 40),
(1365, NULL, NULL, 700, 41),
(1366, NULL, NULL, 700, 42),
(1367, NULL, NULL, 701, 157),
(1368, NULL, NULL, 701, 158),
(1369, NULL, NULL, 701, 159),
(1370, NULL, NULL, 702, 49),
(1371, NULL, NULL, 702, 50),
(1372, NULL, NULL, 702, 51),
(1373, NULL, NULL, 703, 148),
(1374, NULL, NULL, 703, 149),
(1375, NULL, NULL, 703, 150),
(1376, NULL, NULL, 704, 4),
(1377, NULL, NULL, 704, 5),
(1378, NULL, NULL, 704, 6),
(1379, NULL, NULL, 705, 159),
(1380, NULL, NULL, 706, 159),
(1381, NULL, NULL, 707, 130),
(1382, NULL, NULL, 707, 131),
(1383, NULL, NULL, 707, 132),
(1384, NULL, NULL, 708, 157),
(1385, NULL, NULL, 708, 158),
(1386, NULL, NULL, 708, 159),
(1387, NULL, NULL, 709, 148),
(1388, NULL, NULL, 709, 149),
(1389, NULL, NULL, 709, 150),
(1390, NULL, NULL, 710, 112),
(1391, NULL, NULL, 710, 113),
(1392, NULL, NULL, 710, 114),
(1393, NULL, NULL, 711, 132),
(1394, NULL, NULL, 712, 132),
(1395, NULL, NULL, 713, 58),
(1396, NULL, NULL, 713, 59),
(1397, NULL, NULL, 713, 60),
(1398, NULL, NULL, 714, 22),
(1399, NULL, NULL, 714, 23),
(1400, NULL, NULL, 714, 24),
(1401, NULL, NULL, 715, 121),
(1402, NULL, NULL, 715, 122),
(1403, NULL, NULL, 715, 123),
(1404, NULL, NULL, 716, 13),
(1405, NULL, NULL, 716, 14),
(1406, NULL, NULL, 716, 15),
(1407, NULL, NULL, 717, 51),
(1408, NULL, NULL, 718, 51),
(1409, NULL, NULL, 719, 40),
(1410, NULL, NULL, 719, 41),
(1411, NULL, NULL, 719, 42),
(1412, NULL, NULL, 720, 13),
(1413, NULL, NULL, 720, 14),
(1414, NULL, NULL, 720, 15),
(1415, NULL, NULL, 721, 67),
(1416, NULL, NULL, 721, 68),
(1417, NULL, NULL, 721, 69),
(1418, NULL, NULL, 722, 103),
(1419, NULL, NULL, 722, 104),
(1420, NULL, NULL, 722, 105),
(1421, NULL, NULL, 723, 94),
(1422, NULL, NULL, 723, 95),
(1423, NULL, NULL, 723, 96),
(1424, NULL, NULL, 724, 58),
(1425, NULL, NULL, 724, 59),
(1426, NULL, NULL, 724, 60),
(1427, NULL, NULL, 725, 69),
(1428, NULL, NULL, 726, 69),
(1429, NULL, NULL, 727, 14),
(1430, NULL, NULL, 728, 14),
(1431, NULL, NULL, 729, 76),
(1432, NULL, NULL, 730, 76),
(1433, NULL, NULL, 731, 103),
(1434, NULL, NULL, 731, 104),
(1435, NULL, NULL, 731, 105),
(1436, NULL, NULL, 732, 77),
(1437, NULL, NULL, 733, 77),
(1438, NULL, NULL, 734, 22),
(1439, NULL, NULL, 734, 23),
(1440, NULL, NULL, 734, 24),
(1441, NULL, NULL, 735, 49),
(1442, NULL, NULL, 735, 50),
(1443, NULL, NULL, 735, 51),
(1444, NULL, NULL, 736, 15),
(1445, NULL, NULL, 737, 15),
(1446, NULL, NULL, 738, 13),
(1447, NULL, NULL, 739, 13),
(1448, NULL, NULL, 740, 31),
(1449, NULL, NULL, 740, 32),
(1450, NULL, NULL, 740, 33),
(1451, NULL, NULL, 741, 4),
(1452, NULL, NULL, 741, 5),
(1453, NULL, NULL, 741, 6),
(1454, NULL, NULL, 742, 67),
(1455, NULL, NULL, 742, 68),
(1456, NULL, NULL, 742, 69),
(1457, NULL, NULL, 743, 4),
(1458, NULL, NULL, 743, 5),
(1459, NULL, NULL, 743, 6),
(1460, NULL, NULL, 744, 58),
(1461, NULL, NULL, 744, 59),
(1462, NULL, NULL, 744, 60),
(1463, NULL, NULL, 745, 51),
(1464, NULL, NULL, 746, 51),
(1465, NULL, NULL, 747, 49),
(1466, NULL, NULL, 747, 50),
(1467, NULL, NULL, 747, 51),
(1468, NULL, NULL, 748, 121),
(1469, NULL, NULL, 748, 122),
(1470, NULL, NULL, 748, 123),
(1471, NULL, NULL, 749, 58),
(1472, NULL, NULL, 749, 59),
(1473, NULL, NULL, 749, 60),
(1474, NULL, NULL, 750, 13),
(1475, NULL, NULL, 750, 14),
(1476, NULL, NULL, 750, 15),
(1477, NULL, NULL, 751, 157),
(1478, NULL, NULL, 751, 158),
(1479, NULL, NULL, 751, 159),
(1480, NULL, NULL, 752, 4),
(1481, NULL, NULL, 752, 5),
(1482, NULL, NULL, 752, 6),
(1483, NULL, NULL, 753, 49),
(1484, NULL, NULL, 753, 50),
(1485, NULL, NULL, 753, 51),
(1486, NULL, NULL, 754, 51),
(1487, NULL, NULL, 755, 51),
(1488, NULL, NULL, 756, 40),
(1489, NULL, NULL, 756, 41),
(1490, NULL, NULL, 756, 42),
(1491, NULL, NULL, 757, 139),
(1492, NULL, NULL, 757, 140),
(1493, NULL, NULL, 757, 141),
(1494, NULL, NULL, 758, 112),
(1495, NULL, NULL, 758, 113),
(1496, NULL, NULL, 758, 114),
(1497, NULL, NULL, 759, 22),
(1498, NULL, NULL, 759, 23),
(1499, NULL, NULL, 759, 24),
(1500, NULL, NULL, 760, 76),
(1501, NULL, NULL, 760, 77),
(1502, NULL, NULL, 760, 78),
(1503, NULL, NULL, 761, 85),
(1504, NULL, NULL, 761, 86),
(1505, NULL, NULL, 761, 87),
(1506, NULL, NULL, 762, 123),
(1507, NULL, NULL, 763, 123),
(1508, NULL, NULL, 764, 67),
(1509, NULL, NULL, 764, 68),
(1510, NULL, NULL, 764, 69),
(1511, NULL, NULL, 765, 121),
(1512, NULL, NULL, 765, 122),
(1513, NULL, NULL, 765, 123),
(1514, NULL, NULL, 766, 13),
(1515, NULL, NULL, 767, 13),
(1516, NULL, NULL, 768, 67),
(1517, NULL, NULL, 768, 68),
(1518, NULL, NULL, 768, 69),
(1519, NULL, NULL, 769, 58),
(1520, NULL, NULL, 769, 59),
(1521, NULL, NULL, 769, 60),
(1522, NULL, NULL, 770, 139),
(1523, NULL, NULL, 770, 140),
(1524, NULL, NULL, 770, 141),
(1525, NULL, NULL, 771, 13),
(1526, NULL, NULL, 771, 14),
(1527, NULL, NULL, 771, 15),
(1528, NULL, NULL, 772, 103),
(1529, NULL, NULL, 772, 104),
(1530, NULL, NULL, 772, 105),
(1531, NULL, NULL, 773, 132),
(1532, NULL, NULL, 774, 132),
(1533, NULL, NULL, 775, 24),
(1534, NULL, NULL, 776, 24),
(1535, NULL, NULL, 777, 58),
(1536, NULL, NULL, 777, 59),
(1537, NULL, NULL, 777, 60),
(1538, NULL, NULL, 778, 13),
(1539, NULL, NULL, 778, 14),
(1540, NULL, NULL, 778, 15),
(1541, NULL, NULL, 779, 13),
(1542, NULL, NULL, 779, 14),
(1543, NULL, NULL, 779, 15),
(1544, NULL, NULL, 780, 139),
(1545, NULL, NULL, 780, 140),
(1546, NULL, NULL, 780, 141),
(1547, NULL, NULL, 781, 77),
(1548, NULL, NULL, 782, 77),
(1549, NULL, NULL, 783, 58),
(1550, NULL, NULL, 783, 59),
(1551, NULL, NULL, 783, 60),
(1552, NULL, NULL, 784, 94),
(1553, NULL, NULL, 784, 95),
(1554, NULL, NULL, 784, 96),
(1555, NULL, NULL, 785, 130),
(1556, NULL, NULL, 785, 131),
(1557, NULL, NULL, 785, 132),
(1558, NULL, NULL, 786, 94),
(1559, NULL, NULL, 786, 95),
(1560, NULL, NULL, 786, 96),
(1561, NULL, NULL, 787, 130),
(1562, NULL, NULL, 787, 131),
(1563, NULL, NULL, 787, 132),
(1564, NULL, NULL, 788, 157),
(1565, NULL, NULL, 788, 158),
(1566, NULL, NULL, 788, 159),
(1567, NULL, NULL, 789, 103),
(1568, NULL, NULL, 789, 104),
(1569, NULL, NULL, 789, 105),
(1570, NULL, NULL, 790, 58),
(1571, NULL, NULL, 790, 59),
(1572, NULL, NULL, 790, 60),
(1573, NULL, NULL, 791, 112),
(1574, NULL, NULL, 791, 113),
(1575, NULL, NULL, 791, 114),
(1576, NULL, NULL, 792, 5),
(1577, NULL, NULL, 793, 5),
(1578, NULL, NULL, 794, 22),
(1579, NULL, NULL, 794, 23),
(1580, NULL, NULL, 794, 24),
(1581, NULL, NULL, 795, 121),
(1582, NULL, NULL, 795, 122),
(1583, NULL, NULL, 795, 123),
(1584, NULL, NULL, 796, 85),
(1585, NULL, NULL, 796, 86),
(1586, NULL, NULL, 796, 87),
(1587, NULL, NULL, 797, 85),
(1588, NULL, NULL, 797, 86),
(1589, NULL, NULL, 797, 87),
(1590, NULL, NULL, 798, 94),
(1591, NULL, NULL, 798, 95),
(1592, NULL, NULL, 798, 96),
(1593, NULL, NULL, 799, 121),
(1594, NULL, NULL, 799, 122),
(1595, NULL, NULL, 799, 123),
(1596, NULL, NULL, 800, 76),
(1597, NULL, NULL, 800, 77),
(1598, NULL, NULL, 800, 78),
(1599, NULL, NULL, 801, 121),
(1600, NULL, NULL, 801, 122),
(1601, NULL, NULL, 801, 123),
(1602, NULL, NULL, 802, 13),
(1603, NULL, NULL, 802, 14),
(1604, NULL, NULL, 802, 15),
(1605, NULL, NULL, 803, 85),
(1606, NULL, NULL, 803, 86),
(1607, NULL, NULL, 803, 87),
(1608, NULL, NULL, 804, 112),
(1609, NULL, NULL, 804, 113),
(1610, NULL, NULL, 804, 114),
(1611, NULL, NULL, 805, 157),
(1612, NULL, NULL, 805, 158),
(1613, NULL, NULL, 805, 159),
(1614, NULL, NULL, 806, 157),
(1615, NULL, NULL, 806, 158),
(1616, NULL, NULL, 806, 159),
(1617, NULL, NULL, 807, 58),
(1618, NULL, NULL, 807, 59),
(1619, NULL, NULL, 807, 60),
(1620, NULL, NULL, 808, 157),
(1621, NULL, NULL, 808, 158),
(1622, NULL, NULL, 808, 159),
(1623, NULL, NULL, 809, 112),
(1624, NULL, NULL, 809, 113),
(1625, NULL, NULL, 809, 114),
(1626, NULL, NULL, 810, 85),
(1627, NULL, NULL, 811, 85),
(1628, NULL, NULL, 812, 139),
(1629, NULL, NULL, 812, 140),
(1630, NULL, NULL, 812, 141),
(1631, NULL, NULL, 813, 4),
(1632, NULL, NULL, 814, 4),
(1633, NULL, NULL, 815, 40),
(1634, NULL, NULL, 815, 41),
(1635, NULL, NULL, 815, 42),
(1636, NULL, NULL, 816, 22),
(1637, NULL, NULL, 816, 23),
(1638, NULL, NULL, 816, 24),
(1639, NULL, NULL, 817, 4),
(1640, NULL, NULL, 817, 5),
(1641, NULL, NULL, 817, 6),
(1642, NULL, NULL, 818, 94),
(1643, NULL, NULL, 818, 95),
(1644, NULL, NULL, 818, 96),
(1645, NULL, NULL, 819, 112),
(1646, NULL, NULL, 819, 113),
(1647, NULL, NULL, 819, 114),
(1648, NULL, NULL, 820, 149),
(1649, NULL, NULL, 821, 149),
(1650, NULL, NULL, 822, 103),
(1651, NULL, NULL, 822, 104),
(1652, NULL, NULL, 822, 105),
(1653, NULL, NULL, 823, 67),
(1654, NULL, NULL, 823, 68),
(1655, NULL, NULL, 823, 69),
(1656, NULL, NULL, 824, 78),
(1657, NULL, NULL, 825, 78),
(1658, NULL, NULL, 826, 157),
(1659, NULL, NULL, 826, 158),
(1660, NULL, NULL, 826, 159),
(1661, NULL, NULL, 827, 94),
(1662, NULL, NULL, 827, 95),
(1663, NULL, NULL, 827, 96),
(1664, NULL, NULL, 828, 58),
(1665, NULL, NULL, 828, 59),
(1666, NULL, NULL, 828, 60),
(1667, NULL, NULL, 829, 131),
(1668, NULL, NULL, 830, 131),
(1669, NULL, NULL, 831, 31),
(1670, NULL, NULL, 831, 32),
(1671, NULL, NULL, 831, 33),
(1672, NULL, NULL, 832, 76),
(1673, NULL, NULL, 832, 77),
(1674, NULL, NULL, 832, 78),
(1675, NULL, NULL, 833, 49),
(1676, NULL, NULL, 833, 50),
(1677, NULL, NULL, 833, 51),
(1678, NULL, NULL, 834, 22),
(1679, NULL, NULL, 834, 23),
(1680, NULL, NULL, 834, 24),
(1681, NULL, NULL, 835, 157),
(1682, NULL, NULL, 835, 158),
(1683, NULL, NULL, 835, 159),
(1684, NULL, NULL, 836, 94),
(1685, NULL, NULL, 836, 95),
(1686, NULL, NULL, 836, 96),
(1687, NULL, NULL, 837, 141),
(1688, NULL, NULL, 838, 141),
(1689, NULL, NULL, 839, 4),
(1690, NULL, NULL, 839, 5),
(1691, NULL, NULL, 839, 6),
(1692, NULL, NULL, 840, 76),
(1693, NULL, NULL, 841, 76),
(1694, NULL, NULL, 842, 94),
(1695, NULL, NULL, 842, 95),
(1696, NULL, NULL, 842, 96),
(1697, NULL, NULL, 843, 123),
(1698, NULL, NULL, 844, 123),
(1699, NULL, NULL, 845, 94),
(1700, NULL, NULL, 845, 95),
(1701, NULL, NULL, 845, 96),
(1702, NULL, NULL, 846, 40),
(1703, NULL, NULL, 846, 41),
(1704, NULL, NULL, 846, 42),
(1705, NULL, NULL, 847, 121),
(1706, NULL, NULL, 847, 122),
(1707, NULL, NULL, 847, 123),
(1708, NULL, NULL, 848, 58),
(1709, NULL, NULL, 848, 59),
(1710, NULL, NULL, 848, 60),
(1711, NULL, NULL, 849, 58),
(1712, NULL, NULL, 849, 59),
(1713, NULL, NULL, 849, 60),
(1714, NULL, NULL, 850, 4),
(1715, NULL, NULL, 850, 5),
(1716, NULL, NULL, 850, 6),
(1717, NULL, NULL, 851, 157),
(1718, NULL, NULL, 851, 158),
(1719, NULL, NULL, 851, 159),
(1720, NULL, NULL, 852, 40),
(1721, NULL, NULL, 852, 41),
(1722, NULL, NULL, 852, 42),
(1723, NULL, NULL, 853, 76),
(1724, NULL, NULL, 853, 77),
(1725, NULL, NULL, 853, 78),
(1726, NULL, NULL, 854, 13),
(1727, NULL, NULL, 854, 14),
(1728, NULL, NULL, 854, 15),
(1729, NULL, NULL, 855, 103),
(1730, NULL, NULL, 855, 104),
(1731, NULL, NULL, 855, 105),
(1732, NULL, NULL, 856, 4),
(1733, NULL, NULL, 856, 5),
(1734, NULL, NULL, 856, 6),
(1735, NULL, NULL, 857, 112),
(1736, NULL, NULL, 857, 113),
(1737, NULL, NULL, 857, 114),
(1738, NULL, NULL, 858, 69),
(1739, NULL, NULL, 859, 69),
(1740, NULL, NULL, 860, 139),
(1741, NULL, NULL, 860, 140),
(1742, NULL, NULL, 860, 141),
(1743, NULL, NULL, 861, 22),
(1744, NULL, NULL, 861, 23),
(1745, NULL, NULL, 861, 24),
(1746, NULL, NULL, 862, 13),
(1747, NULL, NULL, 862, 14),
(1748, NULL, NULL, 862, 15),
(1749, NULL, NULL, 863, 49),
(1750, NULL, NULL, 863, 50),
(1751, NULL, NULL, 863, 51),
(1752, NULL, NULL, 864, 4),
(1753, NULL, NULL, 864, 5),
(1754, NULL, NULL, 864, 6),
(1755, NULL, NULL, 865, 139),
(1756, NULL, NULL, 865, 140),
(1757, NULL, NULL, 865, 141),
(1758, NULL, NULL, 866, 121),
(1759, NULL, NULL, 866, 122),
(1760, NULL, NULL, 866, 123),
(1761, NULL, NULL, 867, 121),
(1762, NULL, NULL, 867, 122),
(1763, NULL, NULL, 867, 123),
(1764, NULL, NULL, 868, 40),
(1765, NULL, NULL, 868, 41),
(1766, NULL, NULL, 868, 42),
(1767, NULL, NULL, 869, 130),
(1768, NULL, NULL, 869, 131),
(1769, NULL, NULL, 869, 132),
(1770, NULL, NULL, 870, 24),
(1771, NULL, NULL, 871, 24),
(1772, NULL, NULL, 872, 76),
(1773, NULL, NULL, 872, 77),
(1774, NULL, NULL, 872, 78),
(1775, NULL, NULL, 873, 112),
(1776, NULL, NULL, 873, 113),
(1777, NULL, NULL, 873, 114),
(1778, NULL, NULL, 874, 60),
(1779, NULL, NULL, 875, 60),
(1780, NULL, NULL, 876, 76),
(1781, NULL, NULL, 876, 77),
(1782, NULL, NULL, 876, 78),
(1783, NULL, NULL, 877, 94),
(1784, NULL, NULL, 878, 94),
(1785, NULL, NULL, 879, 22),
(1786, NULL, NULL, 879, 23),
(1787, NULL, NULL, 879, 24),
(1788, NULL, NULL, 880, 121),
(1789, NULL, NULL, 880, 122),
(1790, NULL, NULL, 880, 123),
(1791, NULL, NULL, 881, 94),
(1792, NULL, NULL, 881, 95),
(1793, NULL, NULL, 881, 96),
(1794, NULL, NULL, 882, 157),
(1795, NULL, NULL, 882, 158),
(1796, NULL, NULL, 882, 159),
(1797, NULL, NULL, 883, 157),
(1798, NULL, NULL, 883, 158),
(1799, NULL, NULL, 883, 159),
(1800, NULL, NULL, 884, 130),
(1801, NULL, NULL, 885, 130),
(1802, NULL, NULL, 886, 87),
(1803, NULL, NULL, 887, 87),
(1804, NULL, NULL, 888, 76),
(1805, NULL, NULL, 888, 77),
(1806, NULL, NULL, 888, 78),
(1807, NULL, NULL, 889, 23),
(1808, NULL, NULL, 890, 23),
(1809, NULL, NULL, 891, 67),
(1810, NULL, NULL, 891, 68),
(1811, NULL, NULL, 891, 69),
(1812, NULL, NULL, 892, 121),
(1813, NULL, NULL, 893, 121),
(1814, NULL, NULL, 894, 139),
(1815, NULL, NULL, 894, 140),
(1816, NULL, NULL, 894, 141),
(1817, NULL, NULL, 895, 94),
(1818, NULL, NULL, 895, 95),
(1819, NULL, NULL, 895, 96),
(1820, NULL, NULL, 896, 40),
(1821, NULL, NULL, 896, 41),
(1822, NULL, NULL, 896, 42),
(1823, NULL, NULL, 897, 157),
(1824, NULL, NULL, 897, 158),
(1825, NULL, NULL, 897, 159),
(1826, NULL, NULL, 898, 150),
(1827, NULL, NULL, 899, 150),
(1828, NULL, NULL, 900, 40),
(1829, NULL, NULL, 900, 41),
(1830, NULL, NULL, 900, 42),
(1831, NULL, NULL, 901, 31),
(1832, NULL, NULL, 901, 32),
(1833, NULL, NULL, 901, 33),
(1834, NULL, NULL, 902, 31),
(1835, NULL, NULL, 902, 32),
(1836, NULL, NULL, 902, 33),
(1837, NULL, NULL, 903, 13),
(1838, NULL, NULL, 903, 14),
(1839, NULL, NULL, 903, 15),
(1840, NULL, NULL, 904, 139),
(1841, NULL, NULL, 904, 140),
(1842, NULL, NULL, 904, 141),
(1843, NULL, NULL, 905, 40),
(1844, NULL, NULL, 905, 41),
(1845, NULL, NULL, 905, 42),
(1846, NULL, NULL, 906, 85),
(1847, NULL, NULL, 906, 86),
(1848, NULL, NULL, 906, 87),
(1849, NULL, NULL, 907, 95),
(1850, NULL, NULL, 908, 95),
(1851, NULL, NULL, 909, 85),
(1852, NULL, NULL, 909, 86),
(1853, NULL, NULL, 909, 87),
(1854, NULL, NULL, 910, 85),
(1855, NULL, NULL, 910, 86),
(1856, NULL, NULL, 910, 87),
(1857, NULL, NULL, 911, 67),
(1858, NULL, NULL, 911, 68),
(1859, NULL, NULL, 911, 69),
(1860, NULL, NULL, 912, 58),
(1861, NULL, NULL, 912, 59),
(1862, NULL, NULL, 912, 60),
(1863, NULL, NULL, 913, 130),
(1864, NULL, NULL, 913, 131),
(1865, NULL, NULL, 913, 132),
(1866, NULL, NULL, 914, 76),
(1867, NULL, NULL, 914, 77),
(1868, NULL, NULL, 914, 78),
(1869, NULL, NULL, 915, 15),
(1870, NULL, NULL, 916, 15),
(1871, NULL, NULL, 917, 76),
(1872, NULL, NULL, 917, 77),
(1873, NULL, NULL, 917, 78),
(1874, NULL, NULL, 918, 139),
(1875, NULL, NULL, 918, 140),
(1876, NULL, NULL, 918, 141),
(1877, NULL, NULL, 919, 76),
(1878, NULL, NULL, 919, 77),
(1879, NULL, NULL, 919, 78),
(1880, NULL, NULL, 920, 13),
(1881, NULL, NULL, 920, 14),
(1882, NULL, NULL, 920, 15),
(1883, NULL, NULL, 921, 122),
(1884, NULL, NULL, 922, 122),
(1885, NULL, NULL, 923, 130),
(1886, NULL, NULL, 923, 131),
(1887, NULL, NULL, 923, 132),
(1888, NULL, NULL, 924, 121),
(1889, NULL, NULL, 924, 122),
(1890, NULL, NULL, 924, 123),
(1891, NULL, NULL, 925, 31),
(1892, NULL, NULL, 925, 32),
(1893, NULL, NULL, 925, 33),
(1894, NULL, NULL, 926, 112),
(1895, NULL, NULL, 926, 113),
(1896, NULL, NULL, 926, 114),
(1897, NULL, NULL, 927, 130),
(1898, NULL, NULL, 927, 131),
(1899, NULL, NULL, 927, 132),
(1900, NULL, NULL, 928, 113),
(1901, NULL, NULL, 929, 113),
(1902, NULL, NULL, 930, 4),
(1903, NULL, NULL, 930, 5),
(1904, NULL, NULL, 930, 6),
(1905, NULL, NULL, 931, 150),
(1906, NULL, NULL, 932, 150),
(1907, NULL, NULL, 933, 85),
(1908, NULL, NULL, 933, 86),
(1909, NULL, NULL, 933, 87),
(1910, NULL, NULL, 934, 13),
(1911, NULL, NULL, 934, 14),
(1912, NULL, NULL, 934, 15),
(1913, NULL, NULL, 935, 85),
(1914, NULL, NULL, 935, 86),
(1915, NULL, NULL, 935, 87),
(1916, NULL, NULL, 936, 58),
(1917, NULL, NULL, 936, 59),
(1918, NULL, NULL, 936, 60),
(1919, NULL, NULL, 937, 22),
(1920, NULL, NULL, 937, 23),
(1921, NULL, NULL, 937, 24),
(1922, NULL, NULL, 938, 139),
(1923, NULL, NULL, 938, 140),
(1924, NULL, NULL, 938, 141),
(1925, NULL, NULL, 939, 131),
(1926, NULL, NULL, 940, 131),
(1927, NULL, NULL, 941, 40),
(1928, NULL, NULL, 941, 41),
(1929, NULL, NULL, 941, 42),
(1930, NULL, NULL, 942, 157),
(1931, NULL, NULL, 942, 158),
(1932, NULL, NULL, 942, 159),
(1933, NULL, NULL, 943, 13),
(1934, NULL, NULL, 943, 14),
(1935, NULL, NULL, 943, 15),
(1936, NULL, NULL, 944, 130),
(1937, NULL, NULL, 944, 131),
(1938, NULL, NULL, 944, 132),
(1939, NULL, NULL, 945, 139),
(1940, NULL, NULL, 945, 140),
(1941, NULL, NULL, 945, 141),
(1942, NULL, NULL, 946, 40),
(1943, NULL, NULL, 946, 41),
(1944, NULL, NULL, 946, 42),
(1945, NULL, NULL, 947, 6),
(1946, NULL, NULL, 948, 6),
(1947, NULL, NULL, 949, 4),
(1948, NULL, NULL, 949, 5),
(1949, NULL, NULL, 949, 6),
(1950, NULL, NULL, 950, 130),
(1951, NULL, NULL, 950, 131),
(1952, NULL, NULL, 950, 132),
(1953, NULL, NULL, 951, 157),
(1954, NULL, NULL, 951, 158),
(1955, NULL, NULL, 951, 159),
(1956, NULL, NULL, 952, 4),
(1957, NULL, NULL, 952, 5),
(1958, NULL, NULL, 952, 6),
(1959, NULL, NULL, 953, 13),
(1960, NULL, NULL, 953, 14),
(1961, NULL, NULL, 953, 15),
(1962, NULL, NULL, 954, 103),
(1963, NULL, NULL, 955, 103),
(1964, NULL, NULL, 956, 94),
(1965, NULL, NULL, 956, 95),
(1966, NULL, NULL, 956, 96),
(1967, NULL, NULL, 957, 22),
(1968, NULL, NULL, 957, 23),
(1969, NULL, NULL, 957, 24),
(1970, NULL, NULL, 958, 67),
(1971, NULL, NULL, 958, 68),
(1972, NULL, NULL, 958, 69),
(1973, NULL, NULL, 959, 94),
(1974, NULL, NULL, 959, 95),
(1975, NULL, NULL, 959, 96),
(1976, NULL, NULL, 960, 103),
(1977, NULL, NULL, 960, 104),
(1978, NULL, NULL, 960, 105),
(1979, NULL, NULL, 961, 40),
(1980, NULL, NULL, 961, 41),
(1981, NULL, NULL, 961, 42),
(1982, NULL, NULL, 962, 76),
(1983, NULL, NULL, 962, 77),
(1984, NULL, NULL, 962, 78),
(1985, NULL, NULL, 963, 85),
(1986, NULL, NULL, 963, 86),
(1987, NULL, NULL, 963, 87),
(1988, NULL, NULL, 964, 112),
(1989, NULL, NULL, 964, 113),
(1990, NULL, NULL, 964, 114),
(1991, NULL, NULL, 965, 121),
(1992, NULL, NULL, 965, 122),
(1993, NULL, NULL, 965, 123),
(1994, NULL, NULL, 966, 13),
(1995, NULL, NULL, 966, 14),
(1996, NULL, NULL, 966, 15),
(1997, NULL, NULL, 967, 58),
(1998, NULL, NULL, 967, 59),
(1999, NULL, NULL, 967, 60),
(2000, NULL, NULL, 968, 76),
(2001, NULL, NULL, 968, 77),
(2002, NULL, NULL, 968, 78),
(2003, NULL, NULL, 969, 130),
(2004, NULL, NULL, 969, 131),
(2005, NULL, NULL, 969, 132),
(2006, NULL, NULL, 970, 149),
(2007, NULL, NULL, 971, 149),
(2008, NULL, NULL, 972, 112),
(2009, NULL, NULL, 973, 112),
(2010, NULL, NULL, 974, 22),
(2011, NULL, NULL, 974, 23),
(2012, NULL, NULL, 974, 24),
(2013, NULL, NULL, 975, 149),
(2014, NULL, NULL, 976, 149),
(2015, NULL, NULL, 977, 76),
(2016, NULL, NULL, 977, 77),
(2017, NULL, NULL, 977, 78),
(2018, NULL, NULL, 978, 85),
(2019, NULL, NULL, 978, 86),
(2020, NULL, NULL, 978, 87),
(2021, NULL, NULL, 979, 42),
(2022, NULL, NULL, 980, 42),
(2023, NULL, NULL, 981, 13),
(2024, NULL, NULL, 981, 14),
(2025, NULL, NULL, 981, 15),
(2026, NULL, NULL, 982, 31),
(2027, NULL, NULL, 982, 32),
(2028, NULL, NULL, 982, 33),
(2029, NULL, NULL, 983, 67),
(2030, NULL, NULL, 983, 68),
(2031, NULL, NULL, 983, 69),
(2032, NULL, NULL, 984, 112),
(2033, NULL, NULL, 984, 113),
(2034, NULL, NULL, 984, 114),
(2035, NULL, NULL, 985, 49),
(2036, NULL, NULL, 985, 50),
(2037, NULL, NULL, 985, 51),
(2038, NULL, NULL, 986, 112),
(2039, NULL, NULL, 986, 113),
(2040, NULL, NULL, 986, 114),
(2041, NULL, NULL, 987, 103),
(2042, NULL, NULL, 987, 104),
(2043, NULL, NULL, 987, 105),
(2044, NULL, NULL, 988, 132),
(2045, NULL, NULL, 989, 132),
(2046, NULL, NULL, 990, 49),
(2047, NULL, NULL, 990, 50),
(2048, NULL, NULL, 990, 51),
(2049, NULL, NULL, 991, 85),
(2050, NULL, NULL, 991, 86),
(2051, NULL, NULL, 991, 87),
(2052, NULL, NULL, 992, 121),
(2053, NULL, NULL, 993, 121),
(2054, NULL, NULL, 994, 13),
(2055, NULL, NULL, 994, 14),
(2056, NULL, NULL, 994, 15),
(2057, NULL, NULL, 995, 67),
(2058, NULL, NULL, 995, 68),
(2059, NULL, NULL, 995, 69),
(2060, NULL, NULL, 996, 41),
(2061, NULL, NULL, 997, 41),
(2062, NULL, NULL, 998, 40),
(2063, NULL, NULL, 998, 41),
(2064, NULL, NULL, 998, 42),
(2065, NULL, NULL, 999, 49),
(2066, NULL, NULL, 999, 50),
(2067, NULL, NULL, 999, 51),
(2068, NULL, NULL, 1000, 157),
(2069, NULL, NULL, 1000, 158),
(2070, NULL, NULL, 1000, 159),
(2071, NULL, NULL, 1001, 139),
(2072, NULL, NULL, 1001, 140),
(2073, NULL, NULL, 1001, 141),
(2074, NULL, NULL, 1002, 67),
(2075, NULL, NULL, 1002, 68),
(2076, NULL, NULL, 1002, 69),
(2077, NULL, NULL, 1003, 76),
(2078, NULL, NULL, 1003, 77),
(2079, NULL, NULL, 1003, 78),
(2080, NULL, NULL, 1004, 23),
(2081, NULL, NULL, 1005, 23),
(2082, NULL, NULL, 1006, 121),
(2083, NULL, NULL, 1007, 121),
(2084, NULL, NULL, 1008, 76),
(2085, NULL, NULL, 1008, 77),
(2086, NULL, NULL, 1008, 78),
(2087, NULL, NULL, 1009, 148),
(2088, NULL, NULL, 1009, 149),
(2089, NULL, NULL, 1009, 150),
(2090, NULL, NULL, 1010, 85),
(2091, NULL, NULL, 1010, 86),
(2092, NULL, NULL, 1010, 87),
(2093, NULL, NULL, 1011, 157),
(2094, NULL, NULL, 1011, 158),
(2095, NULL, NULL, 1011, 159),
(2096, NULL, NULL, 1012, 40),
(2097, NULL, NULL, 1012, 41),
(2098, NULL, NULL, 1012, 42),
(2099, NULL, NULL, 1013, 96),
(2100, NULL, NULL, 1014, 96),
(2101, NULL, NULL, 1015, 148),
(2102, NULL, NULL, 1015, 149),
(2103, NULL, NULL, 1015, 150),
(2104, NULL, NULL, 1016, 58),
(2105, NULL, NULL, 1016, 59),
(2106, NULL, NULL, 1016, 60),
(2107, NULL, NULL, 1017, 139),
(2108, NULL, NULL, 1017, 140),
(2109, NULL, NULL, 1017, 141),
(2110, NULL, NULL, 1018, 67),
(2111, NULL, NULL, 1018, 68),
(2112, NULL, NULL, 1018, 69),
(2113, NULL, NULL, 1019, 49),
(2114, NULL, NULL, 1019, 50),
(2115, NULL, NULL, 1019, 51),
(2116, NULL, NULL, 1020, 157),
(2117, NULL, NULL, 1020, 158),
(2118, NULL, NULL, 1020, 159),
(2119, NULL, NULL, 1021, 148),
(2120, NULL, NULL, 1021, 149),
(2121, NULL, NULL, 1021, 150),
(2122, NULL, NULL, 1022, 31),
(2123, NULL, NULL, 1022, 32),
(2124, NULL, NULL, 1022, 33),
(2125, NULL, NULL, 1023, 85),
(2126, NULL, NULL, 1023, 86),
(2127, NULL, NULL, 1023, 87),
(2128, NULL, NULL, 1024, 139),
(2129, NULL, NULL, 1025, 139),
(2130, NULL, NULL, 1026, 139),
(2131, NULL, NULL, 1026, 140),
(2132, NULL, NULL, 1026, 141),
(2133, NULL, NULL, 1027, 112),
(2134, NULL, NULL, 1027, 113),
(2135, NULL, NULL, 1027, 114),
(2136, NULL, NULL, 1028, 76),
(2137, NULL, NULL, 1028, 77),
(2138, NULL, NULL, 1028, 78),
(2139, NULL, NULL, 1029, 40),
(2140, NULL, NULL, 1029, 41),
(2141, NULL, NULL, 1029, 42),
(2142, NULL, NULL, 1030, 67),
(2143, NULL, NULL, 1030, 68),
(2144, NULL, NULL, 1030, 69),
(2145, NULL, NULL, 1031, 112),
(2146, NULL, NULL, 1031, 113),
(2147, NULL, NULL, 1031, 114),
(2148, NULL, NULL, 1032, 31),
(2149, NULL, NULL, 1032, 32),
(2150, NULL, NULL, 1032, 33),
(2151, NULL, NULL, 1033, 157),
(2152, NULL, NULL, 1033, 158),
(2153, NULL, NULL, 1033, 159),
(2154, NULL, NULL, 1034, 49),
(2155, NULL, NULL, 1034, 50),
(2156, NULL, NULL, 1034, 51),
(2157, NULL, NULL, 1035, 85),
(2158, NULL, NULL, 1035, 86),
(2159, NULL, NULL, 1035, 87),
(2160, NULL, NULL, 1036, 31),
(2161, NULL, NULL, 1036, 32),
(2162, NULL, NULL, 1036, 33),
(2163, NULL, NULL, 1037, 85),
(2164, NULL, NULL, 1037, 86),
(2165, NULL, NULL, 1037, 87),
(2166, NULL, NULL, 1038, 67),
(2167, NULL, NULL, 1039, 67),
(2168, NULL, NULL, 1040, 157),
(2169, NULL, NULL, 1040, 158),
(2170, NULL, NULL, 1040, 159),
(2171, NULL, NULL, 1041, 130),
(2172, NULL, NULL, 1041, 131),
(2173, NULL, NULL, 1041, 132),
(2174, NULL, NULL, 1042, 40),
(2175, NULL, NULL, 1042, 41),
(2176, NULL, NULL, 1042, 42),
(2177, NULL, NULL, 1043, 103),
(2178, NULL, NULL, 1043, 104),
(2179, NULL, NULL, 1043, 105),
(2180, NULL, NULL, 1044, 4),
(2181, NULL, NULL, 1045, 4),
(2182, NULL, NULL, 1046, 103),
(2183, NULL, NULL, 1046, 104),
(2184, NULL, NULL, 1046, 105),
(2185, NULL, NULL, 1047, 76),
(2186, NULL, NULL, 1047, 77),
(2187, NULL, NULL, 1047, 78),
(2188, NULL, NULL, 1048, 114),
(2189, NULL, NULL, 1049, 114),
(2190, NULL, NULL, 1050, 103),
(2191, NULL, NULL, 1051, 103),
(2192, NULL, NULL, 1052, 67),
(2193, NULL, NULL, 1052, 68),
(2194, NULL, NULL, 1052, 69),
(2195, NULL, NULL, 1053, 22),
(2196, NULL, NULL, 1053, 23),
(2197, NULL, NULL, 1053, 24),
(2198, NULL, NULL, 1054, 22),
(2199, NULL, NULL, 1054, 23),
(2200, NULL, NULL, 1054, 24),
(2201, NULL, NULL, 1055, 76),
(2202, NULL, NULL, 1055, 77),
(2203, NULL, NULL, 1055, 78),
(2204, NULL, NULL, 1056, 58),
(2205, NULL, NULL, 1056, 59),
(2206, NULL, NULL, 1056, 60),
(2207, NULL, NULL, 1057, 40),
(2208, NULL, NULL, 1057, 41),
(2209, NULL, NULL, 1057, 42),
(2210, NULL, NULL, 1058, 49),
(2211, NULL, NULL, 1058, 50),
(2212, NULL, NULL, 1058, 51),
(2213, NULL, NULL, 1059, 22),
(2214, NULL, NULL, 1060, 22),
(2215, NULL, NULL, 1061, 22),
(2216, NULL, NULL, 1061, 23),
(2217, NULL, NULL, 1061, 24),
(2218, NULL, NULL, 1062, 6),
(2219, NULL, NULL, 1063, 6),
(2220, NULL, NULL, 1064, 76),
(2221, NULL, NULL, 1064, 77),
(2222, NULL, NULL, 1064, 78),
(2223, NULL, NULL, 1065, 148),
(2224, NULL, NULL, 1065, 149),
(2225, NULL, NULL, 1065, 150),
(2226, NULL, NULL, 1066, 13),
(2227, NULL, NULL, 1066, 14),
(2228, NULL, NULL, 1066, 15),
(2229, NULL, NULL, 1067, 157),
(2230, NULL, NULL, 1067, 158),
(2231, NULL, NULL, 1067, 159),
(2232, NULL, NULL, 1068, 40),
(2233, NULL, NULL, 1068, 41),
(2234, NULL, NULL, 1068, 42),
(2235, NULL, NULL, 1069, 95),
(2236, NULL, NULL, 1070, 95),
(2237, NULL, NULL, 1071, 85),
(2238, NULL, NULL, 1071, 86),
(2239, NULL, NULL, 1071, 87),
(2240, NULL, NULL, 1072, 157),
(2241, NULL, NULL, 1072, 158),
(2242, NULL, NULL, 1072, 159),
(2243, NULL, NULL, 1073, 139),
(2244, NULL, NULL, 1073, 140),
(2245, NULL, NULL, 1073, 141),
(2246, NULL, NULL, 1074, 130),
(2247, NULL, NULL, 1075, 130),
(2248, NULL, NULL, 1076, 67),
(2249, NULL, NULL, 1076, 68),
(2250, NULL, NULL, 1076, 69),
(2251, NULL, NULL, 1077, 131),
(2252, NULL, NULL, 1078, 131),
(2253, NULL, NULL, 1079, 49),
(2254, NULL, NULL, 1079, 50),
(2255, NULL, NULL, 1079, 51),
(2256, NULL, NULL, 1080, 148),
(2257, NULL, NULL, 1080, 149),
(2258, NULL, NULL, 1080, 150),
(2259, NULL, NULL, 1081, 40),
(2260, NULL, NULL, 1081, 41),
(2261, NULL, NULL, 1081, 42),
(2262, NULL, NULL, 1082, 94),
(2263, NULL, NULL, 1082, 95),
(2264, NULL, NULL, 1082, 96),
(2265, NULL, NULL, 1083, 76),
(2266, NULL, NULL, 1083, 77),
(2267, NULL, NULL, 1083, 78),
(2268, NULL, NULL, 1084, 40),
(2269, NULL, NULL, 1084, 41),
(2270, NULL, NULL, 1084, 42),
(2271, NULL, NULL, 1085, 40),
(2272, NULL, NULL, 1085, 41),
(2273, NULL, NULL, 1085, 42),
(2274, NULL, NULL, 1086, 121),
(2275, NULL, NULL, 1086, 122),
(2276, NULL, NULL, 1086, 123),
(2277, NULL, NULL, 1087, 31),
(2278, NULL, NULL, 1087, 32),
(2279, NULL, NULL, 1087, 33),
(2280, NULL, NULL, 1088, 121),
(2281, NULL, NULL, 1088, 122),
(2282, NULL, NULL, 1088, 123),
(2283, NULL, NULL, 1089, 105),
(2284, NULL, NULL, 1090, 105),
(2285, NULL, NULL, 1091, 85),
(2286, NULL, NULL, 1091, 86),
(2287, NULL, NULL, 1091, 87),
(2288, NULL, NULL, 1092, 139),
(2289, NULL, NULL, 1092, 140),
(2290, NULL, NULL, 1092, 141),
(2291, NULL, NULL, 1093, 139),
(2292, NULL, NULL, 1093, 140),
(2293, NULL, NULL, 1093, 141),
(2294, NULL, NULL, 1094, 76),
(2295, NULL, NULL, 1094, 77),
(2296, NULL, NULL, 1094, 78);

-- --------------------------------------------------------

--
-- Table structure for table `subdivision`
--

CREATE TABLE `subdivision` (
  `id` int(10) UNSIGNED NOT NULL,
  `subdivisionName` varchar(255) DEFAULT NULL,
  `createdAt` datetime DEFAULT NULL,
  `updatedAt` datetime DEFAULT NULL,
  `DivisionId` int(10) UNSIGNED NOT NULL
) ENGINE=InnoDB DEFAULT CHARSET=utf8mb4 COLLATE=utf8mb4_general_ci;

--
-- Dumping data for table `subdivision`
--

INSERT INTO `subdivision` (`id`, `subdivisionName`, `createdAt`, `updatedAt`, `DivisionId`) VALUES
(1, 'A1', '2024-04-20 07:56:16', '2024-04-20 07:56:16', 1),
(2, 'A2', '2024-04-20 07:56:16', '2024-04-20 07:56:16', 1),
(3, 'A3', '2024-04-20 07:56:16', '2024-04-20 07:56:16', 1),
(4, 'A1', '2024-04-20 07:56:16', '2024-04-20 07:56:16', 2),
(5, 'A2', '2024-04-20 07:56:16', '2024-04-20 07:56:16', 2),
(6, 'A3', '2024-04-20 07:56:16', '2024-04-20 07:56:16', 2),
(7, 'A1', '2024-04-20 07:56:16', '2024-04-20 07:56:16', 3),
(8, 'A2', '2024-04-20 07:56:16', '2024-04-20 07:56:16', 3),
(9, 'A3', '2024-04-20 07:56:16', '2024-04-20 07:56:16', 3),
(10, 'B1', '2024-04-20 07:56:16', '2024-04-20 07:56:16', 4),
(11, 'B2', '2024-04-20 07:56:16', '2024-04-20 07:56:16', 4),
(12, 'B3', '2024-04-20 07:56:16', '2024-04-20 07:56:16', 4),
(13, 'B1', '2024-04-20 07:56:16', '2024-04-20 07:56:16', 5),
(14, 'B2', '2024-04-20 07:56:16', '2024-04-20 07:56:16', 5),
(15, 'B3', '2024-04-20 07:56:16', '2024-04-20 07:56:16', 5),
(16, 'B1', '2024-04-20 07:56:16', '2024-04-20 07:56:16', 6),
(17, 'B2', '2024-04-20 07:56:16', '2024-04-20 07:56:16', 6),
(18, 'B3', '2024-04-20 07:56:16', '2024-04-20 07:56:16', 6),
(19, 'C1', '2024-04-20 07:56:16', '2024-04-20 07:56:16', 7),
(20, 'C2', '2024-04-20 07:56:16', '2024-04-20 07:56:16', 7),
(21, 'C3', '2024-04-20 07:56:16', '2024-04-20 07:56:16', 7),
(22, 'C1', '2024-04-20 07:56:16', '2024-04-20 07:56:16', 8),
(23, 'C2', '2024-04-20 07:56:16', '2024-04-20 07:56:16', 8),
(24, 'C3', '2024-04-20 07:56:16', '2024-04-20 07:56:16', 8),
(25, 'C1', '2024-04-20 07:56:16', '2024-04-20 07:56:16', 9),
(26, 'C2', '2024-04-20 07:56:16', '2024-04-20 07:56:16', 9),
(27, 'C3', '2024-04-20 07:56:16', '2024-04-20 07:56:16', 9),
(28, 'A1', '2024-04-20 07:56:16', '2024-04-20 07:56:16', 10),
(29, 'A2', '2024-04-20 07:56:16', '2024-04-20 07:56:16', 10),
(30, 'A3', '2024-04-20 07:56:16', '2024-04-20 07:56:16', 10),
(31, 'A1', '2024-04-20 07:56:16', '2024-04-20 07:56:16', 11),
(32, 'A2', '2024-04-20 07:56:16', '2024-04-20 07:56:16', 11),
(33, 'A3', '2024-04-20 07:56:16', '2024-04-20 07:56:16', 11),
(34, 'A1', '2024-04-20 07:56:16', '2024-04-20 07:56:16', 12),
(35, 'A2', '2024-04-20 07:56:16', '2024-04-20 07:56:16', 12),
(36, 'A3', '2024-04-20 07:56:16', '2024-04-20 07:56:16', 12),
(37, 'B1', '2024-04-20 07:56:16', '2024-04-20 07:56:16', 13),
(38, 'B2', '2024-04-20 07:56:16', '2024-04-20 07:56:16', 13),
(39, 'B3', '2024-04-20 07:56:16', '2024-04-20 07:56:16', 13),
(40, 'B1', '2024-04-20 07:56:16', '2024-04-20 07:56:16', 14),
(41, 'B2', '2024-04-20 07:56:16', '2024-04-20 07:56:16', 14),
(42, 'B3', '2024-04-20 07:56:16', '2024-04-20 07:56:16', 14),
(43, 'B1', '2024-04-20 07:56:16', '2024-04-20 07:56:16', 15),
(44, 'B2', '2024-04-20 07:56:16', '2024-04-20 07:56:16', 15),
(45, 'B3', '2024-04-20 07:56:16', '2024-04-20 07:56:16', 15),
(46, 'C1', '2024-04-20 07:56:16', '2024-04-20 07:56:16', 16),
(47, 'C2', '2024-04-20 07:56:16', '2024-04-20 07:56:16', 16),
(48, 'C3', '2024-04-20 07:56:16', '2024-04-20 07:56:16', 16),
(49, 'C1', '2024-04-20 07:56:16', '2024-04-20 07:56:16', 17),
(50, 'C2', '2024-04-20 07:56:16', '2024-04-20 07:56:16', 17),
(51, 'C3', '2024-04-20 07:56:16', '2024-04-20 07:56:16', 17),
(52, 'C1', '2024-04-20 07:56:16', '2024-04-20 07:56:16', 18),
(53, 'C2', '2024-04-20 07:56:16', '2024-04-20 07:56:16', 18),
(54, 'C3', '2024-04-20 07:56:16', '2024-04-20 07:56:16', 18),
(55, 'A1', '2024-04-20 07:56:16', '2024-04-20 07:56:16', 19),
(56, 'A2', '2024-04-20 07:56:16', '2024-04-20 07:56:16', 19),
(57, 'A3', '2024-04-20 07:56:16', '2024-04-20 07:56:16', 19),
(58, 'A1', '2024-04-20 07:56:16', '2024-04-20 07:56:16', 20),
(59, 'A2', '2024-04-20 07:56:16', '2024-04-20 07:56:16', 20),
(60, 'A3', '2024-04-20 07:56:16', '2024-04-20 07:56:16', 20),
(61, 'A1', '2024-04-20 07:56:16', '2024-04-20 07:56:16', 21),
(62, 'A2', '2024-04-20 07:56:16', '2024-04-20 07:56:16', 21),
(63, 'A3', '2024-04-20 07:56:16', '2024-04-20 07:56:16', 21),
(64, 'B1', '2024-04-20 07:56:16', '2024-04-20 07:56:16', 22),
(65, 'B2', '2024-04-20 07:56:16', '2024-04-20 07:56:16', 22),
(66, 'B3', '2024-04-20 07:56:16', '2024-04-20 07:56:16', 22),
(67, 'B1', '2024-04-20 07:56:16', '2024-04-20 07:56:16', 23),
(68, 'B2', '2024-04-20 07:56:16', '2024-04-20 07:56:16', 23),
(69, 'B3', '2024-04-20 07:56:16', '2024-04-20 07:56:16', 23),
(70, 'B1', '2024-04-20 07:56:16', '2024-04-20 07:56:16', 24),
(71, 'B2', '2024-04-20 07:56:16', '2024-04-20 07:56:16', 24),
(72, 'B3', '2024-04-20 07:56:16', '2024-04-20 07:56:16', 24),
(73, 'C1', '2024-04-20 07:56:16', '2024-04-20 07:56:16', 25),
(74, 'C2', '2024-04-20 07:56:16', '2024-04-20 07:56:16', 25),
(75, 'C3', '2024-04-20 07:56:16', '2024-04-20 07:56:16', 25),
(76, 'C1', '2024-04-20 07:56:16', '2024-04-20 07:56:16', 26),
(77, 'C2', '2024-04-20 07:56:16', '2024-04-20 07:56:16', 26),
(78, 'C3', '2024-04-20 07:56:16', '2024-04-20 07:56:16', 26),
(79, 'C1', '2024-04-20 07:56:16', '2024-04-20 07:56:16', 27),
(80, 'C2', '2024-04-20 07:56:16', '2024-04-20 07:56:16', 27),
(81, 'C3', '2024-04-20 07:56:16', '2024-04-20 07:56:16', 27),
(82, 'A1', '2024-04-20 07:56:16', '2024-04-20 07:56:16', 28),
(83, 'A2', '2024-04-20 07:56:16', '2024-04-20 07:56:16', 28),
(84, 'A3', '2024-04-20 07:56:16', '2024-04-20 07:56:16', 28),
(85, 'A1', '2024-04-20 07:56:16', '2024-04-20 07:56:16', 29),
(86, 'A2', '2024-04-20 07:56:16', '2024-04-20 07:56:16', 29),
(87, 'A3', '2024-04-20 07:56:16', '2024-04-20 07:56:16', 29),
(88, 'A1', '2024-04-20 07:56:16', '2024-04-20 07:56:16', 30),
(89, 'A2', '2024-04-20 07:56:16', '2024-04-20 07:56:16', 30),
(90, 'A3', '2024-04-20 07:56:16', '2024-04-20 07:56:16', 30),
(91, 'B1', '2024-04-20 07:56:16', '2024-04-20 07:56:16', 31),
(92, 'B2', '2024-04-20 07:56:16', '2024-04-20 07:56:16', 31),
(93, 'B3', '2024-04-20 07:56:16', '2024-04-20 07:56:16', 31),
(94, 'B1', '2024-04-20 07:56:16', '2024-04-20 07:56:16', 32),
(95, 'B2', '2024-04-20 07:56:16', '2024-04-20 07:56:16', 32),
(96, 'B3', '2024-04-20 07:56:16', '2024-04-20 07:56:16', 32),
(97, 'B1', '2024-04-20 07:56:16', '2024-04-20 07:56:16', 33),
(98, 'B2', '2024-04-20 07:56:16', '2024-04-20 07:56:16', 33),
(99, 'B3', '2024-04-20 07:56:16', '2024-04-20 07:56:16', 33),
(100, 'C1', '2024-04-20 07:56:16', '2024-04-20 07:56:16', 34),
(101, 'C2', '2024-04-20 07:56:16', '2024-04-20 07:56:16', 34),
(102, 'C3', '2024-04-20 07:56:16', '2024-04-20 07:56:16', 34),
(103, 'C1', '2024-04-20 07:56:16', '2024-04-20 07:56:16', 35),
(104, 'C2', '2024-04-20 07:56:16', '2024-04-20 07:56:16', 35),
(105, 'C3', '2024-04-20 07:56:16', '2024-04-20 07:56:16', 35),
(106, 'C1', '2024-04-20 07:56:16', '2024-04-20 07:56:16', 36),
(107, 'C2', '2024-04-20 07:56:16', '2024-04-20 07:56:16', 36),
(108, 'C3', '2024-04-20 07:56:16', '2024-04-20 07:56:16', 36),
(109, 'A1', '2024-04-20 07:56:16', '2024-04-20 07:56:16', 37),
(110, 'A2', '2024-04-20 07:56:16', '2024-04-20 07:56:16', 37),
(111, 'A3', '2024-04-20 07:56:16', '2024-04-20 07:56:16', 37),
(112, 'A1', '2024-04-20 07:56:16', '2024-04-20 07:56:16', 38),
(113, 'A2', '2024-04-20 07:56:16', '2024-04-20 07:56:16', 38),
(114, 'A3', '2024-04-20 07:56:16', '2024-04-20 07:56:16', 38),
(115, 'A1', '2024-04-20 07:56:16', '2024-04-20 07:56:16', 39),
(116, 'A2', '2024-04-20 07:56:16', '2024-04-20 07:56:16', 39),
(117, 'A3', '2024-04-20 07:56:16', '2024-04-20 07:56:16', 39),
(118, 'B1', '2024-04-20 07:56:16', '2024-04-20 07:56:16', 40),
(119, 'B2', '2024-04-20 07:56:16', '2024-04-20 07:56:16', 40),
(120, 'B3', '2024-04-20 07:56:16', '2024-04-20 07:56:16', 40),
(121, 'B1', '2024-04-20 07:56:16', '2024-04-20 07:56:16', 41),
(122, 'B2', '2024-04-20 07:56:16', '2024-04-20 07:56:16', 41),
(123, 'B3', '2024-04-20 07:56:16', '2024-04-20 07:56:16', 41),
(124, 'B1', '2024-04-20 07:56:16', '2024-04-20 07:56:16', 42),
(125, 'B2', '2024-04-20 07:56:16', '2024-04-20 07:56:16', 42),
(126, 'B3', '2024-04-20 07:56:16', '2024-04-20 07:56:16', 42),
(127, 'C1', '2024-04-20 07:56:16', '2024-04-20 07:56:16', 43),
(128, 'C2', '2024-04-20 07:56:16', '2024-04-20 07:56:16', 43),
(129, 'C3', '2024-04-20 07:56:16', '2024-04-20 07:56:16', 43),
(130, 'C1', '2024-04-20 07:56:16', '2024-04-20 07:56:16', 44),
(131, 'C2', '2024-04-20 07:56:16', '2024-04-20 07:56:16', 44),
(132, 'C3', '2024-04-20 07:56:16', '2024-04-20 07:56:16', 44),
(133, 'C1', '2024-04-20 07:56:16', '2024-04-20 07:56:16', 45),
(134, 'C2', '2024-04-20 07:56:16', '2024-04-20 07:56:16', 45),
(135, 'C3', '2024-04-20 07:56:16', '2024-04-20 07:56:16', 45),
(136, 'A1', '2024-04-20 07:56:16', '2024-04-20 07:56:16', 46),
(137, 'A2', '2024-04-20 07:56:16', '2024-04-20 07:56:16', 46),
(138, 'A3', '2024-04-20 07:56:16', '2024-04-20 07:56:16', 46),
(139, 'A1', '2024-04-20 07:56:16', '2024-04-20 07:56:16', 47),
(140, 'A2', '2024-04-20 07:56:16', '2024-04-20 07:56:16', 47),
(141, 'A3', '2024-04-20 07:56:16', '2024-04-20 07:56:16', 47),
(142, 'A1', '2024-04-20 07:56:16', '2024-04-20 07:56:16', 48),
(143, 'A2', '2024-04-20 07:56:16', '2024-04-20 07:56:16', 48),
(144, 'A3', '2024-04-20 07:56:16', '2024-04-20 07:56:16', 48),
(145, 'B1', '2024-04-20 07:56:16', '2024-04-20 07:56:16', 49),
(146, 'B2', '2024-04-20 07:56:16', '2024-04-20 07:56:16', 49),
(147, 'B3', '2024-04-20 07:56:16', '2024-04-20 07:56:16', 49),
(148, 'B1', '2024-04-20 07:56:16', '2024-04-20 07:56:16', 50),
(149, 'B2', '2024-04-20 07:56:16', '2024-04-20 07:56:16', 50),
(150, 'B3', '2024-04-20 07:56:16', '2024-04-20 07:56:16', 50),
(151, 'B1', '2024-04-20 07:56:16', '2024-04-20 07:56:16', 51),
(152, 'B2', '2024-04-20 07:56:16', '2024-04-20 07:56:16', 51),
(153, 'B3', '2024-04-20 07:56:16', '2024-04-20 07:56:16', 51),
(154, 'C1', '2024-04-20 07:56:16', '2024-04-20 07:56:16', 52),
(155, 'C2', '2024-04-20 07:56:16', '2024-04-20 07:56:16', 52),
(156, 'C3', '2024-04-20 07:56:16', '2024-04-20 07:56:16', 52),
(157, 'C1', '2024-04-20 07:56:16', '2024-04-20 07:56:16', 53),
(158, 'C2', '2024-04-20 07:56:16', '2024-04-20 07:56:16', 53),
(159, 'C3', '2024-04-20 07:56:16', '2024-04-20 07:56:16', 53),
(160, 'C1', '2024-04-20 07:56:16', '2024-04-20 07:56:16', 54),
(161, 'C2', '2024-04-20 07:56:16', '2024-04-20 07:56:16', 54),
(162, 'C3', '2024-04-20 07:56:16', '2024-04-20 07:56:16', 54),
(163, 'A1', '2024-04-20 07:56:16', '2024-04-20 07:56:16', 55),
(164, 'A2', '2024-04-20 07:56:16', '2024-04-20 07:56:16', 55),
(165, 'A3', '2024-04-20 07:56:16', '2024-04-20 07:56:16', 55),
(166, 'A1', '2024-04-20 07:56:16', '2024-04-20 07:56:16', 56),
(167, 'A2', '2024-04-20 07:56:16', '2024-04-20 07:56:16', 56),
(168, 'A3', '2024-04-20 07:56:16', '2024-04-20 07:56:16', 56),
(169, 'A1', '2024-04-20 07:56:16', '2024-04-20 07:56:16', 57),
(170, 'A2', '2024-04-20 07:56:16', '2024-04-20 07:56:16', 57),
(171, 'A3', '2024-04-20 07:56:16', '2024-04-20 07:56:16', 57),
(172, 'B1', '2024-04-20 07:56:16', '2024-04-20 07:56:16', 58),
(173, 'B2', '2024-04-20 07:56:16', '2024-04-20 07:56:16', 58),
(174, 'B3', '2024-04-20 07:56:16', '2024-04-20 07:56:16', 58),
(175, 'B1', '2024-04-20 07:56:16', '2024-04-20 07:56:16', 59),
(176, 'B2', '2024-04-20 07:56:16', '2024-04-20 07:56:16', 59),
(177, 'B3', '2024-04-20 07:56:16', '2024-04-20 07:56:16', 59),
(178, 'B1', '2024-04-20 07:56:16', '2024-04-20 07:56:16', 60),
(179, 'B2', '2024-04-20 07:56:16', '2024-04-20 07:56:16', 60),
(180, 'B3', '2024-04-20 07:56:16', '2024-04-20 07:56:16', 60),
(181, 'C1', '2024-04-20 07:56:16', '2024-04-20 07:56:16', 61),
(182, 'C2', '2024-04-20 07:56:16', '2024-04-20 07:56:16', 61),
(183, 'C3', '2024-04-20 07:56:16', '2024-04-20 07:56:16', 61),
(184, 'C1', '2024-04-20 07:56:16', '2024-04-20 07:56:16', 62),
(185, 'C2', '2024-04-20 07:56:16', '2024-04-20 07:56:16', 62),
(186, 'C3', '2024-04-20 07:56:16', '2024-04-20 07:56:16', 62),
(187, 'C1', '2024-04-20 07:56:16', '2024-04-20 07:56:16', 63),
(188, 'C2', '2024-04-20 07:56:16', '2024-04-20 07:56:16', 63),
(189, 'C3', '2024-04-20 07:56:16', '2024-04-20 07:56:16', 63),
(190, 'A1', '2024-04-20 07:56:16', '2024-04-20 07:56:16', 64),
(191, 'A2', '2024-04-20 07:56:16', '2024-04-20 07:56:16', 64),
(192, 'A3', '2024-04-20 07:56:16', '2024-04-20 07:56:16', 64),
(193, 'A1', '2024-04-20 07:56:16', '2024-04-20 07:56:16', 65),
(194, 'A2', '2024-04-20 07:56:16', '2024-04-20 07:56:16', 65),
(195, 'A3', '2024-04-20 07:56:16', '2024-04-20 07:56:16', 65),
(196, 'A1', '2024-04-20 07:56:16', '2024-04-20 07:56:16', 66),
(197, 'A2', '2024-04-20 07:56:16', '2024-04-20 07:56:16', 66),
(198, 'A3', '2024-04-20 07:56:16', '2024-04-20 07:56:16', 66),
(199, 'B1', '2024-04-20 07:56:16', '2024-04-20 07:56:16', 67),
(200, 'B2', '2024-04-20 07:56:16', '2024-04-20 07:56:16', 67),
(201, 'B3', '2024-04-20 07:56:16', '2024-04-20 07:56:16', 67),
(202, 'B1', '2024-04-20 07:56:16', '2024-04-20 07:56:16', 68),
(203, 'B2', '2024-04-20 07:56:16', '2024-04-20 07:56:16', 68),
(204, 'B3', '2024-04-20 07:56:16', '2024-04-20 07:56:16', 68),
(205, 'B1', '2024-04-20 07:56:16', '2024-04-20 07:56:16', 69),
(206, 'B2', '2024-04-20 07:56:16', '2024-04-20 07:56:16', 69),
(207, 'B3', '2024-04-20 07:56:16', '2024-04-20 07:56:16', 69),
(208, 'C1', '2024-04-20 07:56:16', '2024-04-20 07:56:16', 70),
(209, 'C2', '2024-04-20 07:56:16', '2024-04-20 07:56:16', 70),
(210, 'C3', '2024-04-20 07:56:16', '2024-04-20 07:56:16', 70),
(211, 'C1', '2024-04-20 07:56:16', '2024-04-20 07:56:16', 71),
(212, 'C2', '2024-04-20 07:56:16', '2024-04-20 07:56:16', 71),
(213, 'C3', '2024-04-20 07:56:16', '2024-04-20 07:56:16', 71),
(214, 'C1', '2024-04-20 07:56:16', '2024-04-20 07:56:16', 72),
(215, 'C2', '2024-04-20 07:56:16', '2024-04-20 07:56:16', 72),
(216, 'C3', '2024-04-20 07:56:16', '2024-04-20 07:56:16', 72),
(217, 'A1', '2024-04-20 07:56:16', '2024-04-20 07:56:16', 73),
(218, 'A2', '2024-04-20 07:56:16', '2024-04-20 07:56:16', 73),
(219, 'A3', '2024-04-20 07:56:16', '2024-04-20 07:56:16', 73),
(220, 'A1', '2024-04-20 07:56:16', '2024-04-20 07:56:16', 74),
(221, 'A2', '2024-04-20 07:56:16', '2024-04-20 07:56:16', 74),
(222, 'A3', '2024-04-20 07:56:16', '2024-04-20 07:56:16', 74),
(223, 'A1', '2024-04-20 07:56:16', '2024-04-20 07:56:16', 75),
(224, 'A2', '2024-04-20 07:56:16', '2024-04-20 07:56:16', 75),
(225, 'A3', '2024-04-20 07:56:16', '2024-04-20 07:56:16', 75),
(226, 'B1', '2024-04-20 07:56:16', '2024-04-20 07:56:16', 76),
(227, 'B2', '2024-04-20 07:56:16', '2024-04-20 07:56:16', 76),
(228, 'B3', '2024-04-20 07:56:16', '2024-04-20 07:56:16', 76),
(229, 'B1', '2024-04-20 07:56:16', '2024-04-20 07:56:16', 77),
(230, 'B2', '2024-04-20 07:56:16', '2024-04-20 07:56:16', 77),
(231, 'B3', '2024-04-20 07:56:16', '2024-04-20 07:56:16', 77),
(232, 'B1', '2024-04-20 07:56:16', '2024-04-20 07:56:16', 78),
(233, 'B2', '2024-04-20 07:56:16', '2024-04-20 07:56:16', 78),
(234, 'B3', '2024-04-20 07:56:16', '2024-04-20 07:56:16', 78),
(235, 'C1', '2024-04-20 07:56:16', '2024-04-20 07:56:16', 79),
(236, 'C2', '2024-04-20 07:56:16', '2024-04-20 07:56:16', 79),
(237, 'C3', '2024-04-20 07:56:16', '2024-04-20 07:56:16', 79),
(238, 'C1', '2024-04-20 07:56:16', '2024-04-20 07:56:16', 80),
(239, 'C2', '2024-04-20 07:56:16', '2024-04-20 07:56:16', 80),
(240, 'C3', '2024-04-20 07:56:16', '2024-04-20 07:56:16', 80),
(241, 'C1', '2024-04-20 07:56:16', '2024-04-20 07:56:16', 81),
(242, 'C2', '2024-04-20 07:56:16', '2024-04-20 07:56:16', 81),
(243, 'C3', '2024-04-20 07:56:16', '2024-04-20 07:56:16', 81),
(244, 'A1', '2024-04-20 07:56:16', '2024-04-20 07:56:16', 82),
(245, 'A2', '2024-04-20 07:56:16', '2024-04-20 07:56:16', 82),
(246, 'A3', '2024-04-20 07:56:16', '2024-04-20 07:56:16', 82),
(247, 'A1', '2024-04-20 07:56:16', '2024-04-20 07:56:16', 83),
(248, 'A2', '2024-04-20 07:56:16', '2024-04-20 07:56:16', 83),
(249, 'A3', '2024-04-20 07:56:16', '2024-04-20 07:56:16', 83),
(250, 'A1', '2024-04-20 07:56:16', '2024-04-20 07:56:16', 84),
(251, 'A2', '2024-04-20 07:56:16', '2024-04-20 07:56:16', 84),
(252, 'A3', '2024-04-20 07:56:16', '2024-04-20 07:56:16', 84),
(253, 'B1', '2024-04-20 07:56:16', '2024-04-20 07:56:16', 85),
(254, 'B2', '2024-04-20 07:56:16', '2024-04-20 07:56:16', 85),
(255, 'B3', '2024-04-20 07:56:16', '2024-04-20 07:56:16', 85),
(256, 'B1', '2024-04-20 07:56:16', '2024-04-20 07:56:16', 86),
(257, 'B2', '2024-04-20 07:56:16', '2024-04-20 07:56:16', 86),
(258, 'B3', '2024-04-20 07:56:16', '2024-04-20 07:56:16', 86),
(259, 'B1', '2024-04-20 07:56:16', '2024-04-20 07:56:16', 87),
(260, 'B2', '2024-04-20 07:56:16', '2024-04-20 07:56:16', 87),
(261, 'B3', '2024-04-20 07:56:16', '2024-04-20 07:56:16', 87),
(262, 'C1', '2024-04-20 07:56:16', '2024-04-20 07:56:16', 88),
(263, 'C2', '2024-04-20 07:56:16', '2024-04-20 07:56:16', 88),
(264, 'C3', '2024-04-20 07:56:16', '2024-04-20 07:56:16', 88),
(265, 'C1', '2024-04-20 07:56:16', '2024-04-20 07:56:16', 89),
(266, 'C2', '2024-04-20 07:56:16', '2024-04-20 07:56:16', 89),
(267, 'C3', '2024-04-20 07:56:16', '2024-04-20 07:56:16', 89),
(268, 'C1', '2024-04-20 07:56:16', '2024-04-20 07:56:16', 90),
(269, 'C2', '2024-04-20 07:56:16', '2024-04-20 07:56:16', 90),
(270, 'C3', '2024-04-20 07:56:16', '2024-04-20 07:56:16', 90),
(271, 'A1', '2024-04-20 07:56:16', '2024-04-20 07:56:16', 91),
(272, 'A2', '2024-04-20 07:56:16', '2024-04-20 07:56:16', 91),
(273, 'A3', '2024-04-20 07:56:16', '2024-04-20 07:56:16', 91),
(274, 'A1', '2024-04-20 07:56:16', '2024-04-20 07:56:16', 92),
(275, 'A2', '2024-04-20 07:56:16', '2024-04-20 07:56:16', 92),
(276, 'A3', '2024-04-20 07:56:16', '2024-04-20 07:56:16', 92),
(277, 'A1', '2024-04-20 07:56:16', '2024-04-20 07:56:16', 93),
(278, 'A2', '2024-04-20 07:56:16', '2024-04-20 07:56:16', 93),
(279, 'A3', '2024-04-20 07:56:16', '2024-04-20 07:56:16', 93),
(280, 'B1', '2024-04-20 07:56:16', '2024-04-20 07:56:16', 94),
(281, 'B2', '2024-04-20 07:56:16', '2024-04-20 07:56:16', 94),
(282, 'B3', '2024-04-20 07:56:16', '2024-04-20 07:56:16', 94),
(283, 'B1', '2024-04-20 07:56:16', '2024-04-20 07:56:16', 95),
(284, 'B2', '2024-04-20 07:56:16', '2024-04-20 07:56:16', 95),
(285, 'B3', '2024-04-20 07:56:16', '2024-04-20 07:56:16', 95),
(286, 'B1', '2024-04-20 07:56:16', '2024-04-20 07:56:16', 96),
(287, 'B2', '2024-04-20 07:56:16', '2024-04-20 07:56:16', 96),
(288, 'B3', '2024-04-20 07:56:16', '2024-04-20 07:56:16', 96),
(289, 'C1', '2024-04-20 07:56:16', '2024-04-20 07:56:16', 97),
(290, 'C2', '2024-04-20 07:56:16', '2024-04-20 07:56:16', 97),
(291, 'C3', '2024-04-20 07:56:16', '2024-04-20 07:56:16', 97),
(292, 'C1', '2024-04-20 07:56:16', '2024-04-20 07:56:16', 98),
(293, 'C2', '2024-04-20 07:56:16', '2024-04-20 07:56:16', 98),
(294, 'C3', '2024-04-20 07:56:16', '2024-04-20 07:56:16', 98),
(295, 'C1', '2024-04-20 07:56:16', '2024-04-20 07:56:16', 99),
(296, 'C2', '2024-04-20 07:56:16', '2024-04-20 07:56:16', 99),
(297, 'C3', '2024-04-20 07:56:16', '2024-04-20 07:56:16', 99),
(298, 'A1', '2024-04-20 07:56:16', '2024-04-20 07:56:16', 100),
(299, 'A2', '2024-04-20 07:56:16', '2024-04-20 07:56:16', 100),
(300, 'A3', '2024-04-20 07:56:16', '2024-04-20 07:56:16', 100),
(301, 'A1', '2024-04-20 07:56:16', '2024-04-20 07:56:16', 101),
(302, 'A2', '2024-04-20 07:56:16', '2024-04-20 07:56:16', 101),
(303, 'A3', '2024-04-20 07:56:16', '2024-04-20 07:56:16', 101),
(304, 'A1', '2024-04-20 07:56:16', '2024-04-20 07:56:16', 102),
(305, 'A2', '2024-04-20 07:56:16', '2024-04-20 07:56:16', 102),
(306, 'A3', '2024-04-20 07:56:16', '2024-04-20 07:56:16', 102),
(307, 'B1', '2024-04-20 07:56:16', '2024-04-20 07:56:16', 103),
(308, 'B2', '2024-04-20 07:56:16', '2024-04-20 07:56:16', 103),
(309, 'B3', '2024-04-20 07:56:16', '2024-04-20 07:56:16', 103),
(310, 'B1', '2024-04-20 07:56:16', '2024-04-20 07:56:16', 104),
(311, 'B2', '2024-04-20 07:56:16', '2024-04-20 07:56:16', 104),
(312, 'B3', '2024-04-20 07:56:16', '2024-04-20 07:56:16', 104),
(313, 'B1', '2024-04-20 07:56:16', '2024-04-20 07:56:16', 105),
(314, 'B2', '2024-04-20 07:56:16', '2024-04-20 07:56:16', 105),
(315, 'B3', '2024-04-20 07:56:16', '2024-04-20 07:56:16', 105),
(316, 'C1', '2024-04-20 07:56:16', '2024-04-20 07:56:16', 106),
(317, 'C2', '2024-04-20 07:56:16', '2024-04-20 07:56:16', 106),
(318, 'C3', '2024-04-20 07:56:16', '2024-04-20 07:56:16', 106),
(319, 'C1', '2024-04-20 07:56:16', '2024-04-20 07:56:16', 107),
(320, 'C2', '2024-04-20 07:56:16', '2024-04-20 07:56:16', 107),
(321, 'C3', '2024-04-20 07:56:16', '2024-04-20 07:56:16', 107),
(322, 'C1', '2024-04-20 07:56:16', '2024-04-20 07:56:16', 108),
(323, 'C2', '2024-04-20 07:56:16', '2024-04-20 07:56:16', 108),
(324, 'C3', '2024-04-20 07:56:16', '2024-04-20 07:56:16', 108),
(325, 'A1', '2024-04-20 07:56:16', '2024-04-20 07:56:16', 109),
(326, 'A2', '2024-04-20 07:56:16', '2024-04-20 07:56:16', 109),
(327, 'A3', '2024-04-20 07:56:16', '2024-04-20 07:56:16', 109),
(328, 'A1', '2024-04-20 07:56:16', '2024-04-20 07:56:16', 110),
(329, 'A2', '2024-04-20 07:56:16', '2024-04-20 07:56:16', 110),
(330, 'A3', '2024-04-20 07:56:16', '2024-04-20 07:56:16', 110),
(331, 'A1', '2024-04-20 07:56:16', '2024-04-20 07:56:16', 111),
(332, 'A2', '2024-04-20 07:56:16', '2024-04-20 07:56:16', 111),
(333, 'A3', '2024-04-20 07:56:16', '2024-04-20 07:56:16', 111),
(334, 'B1', '2024-04-20 07:56:16', '2024-04-20 07:56:16', 112),
(335, 'B2', '2024-04-20 07:56:16', '2024-04-20 07:56:16', 112),
(336, 'B3', '2024-04-20 07:56:16', '2024-04-20 07:56:16', 112),
(337, 'B1', '2024-04-20 07:56:16', '2024-04-20 07:56:16', 113),
(338, 'B2', '2024-04-20 07:56:16', '2024-04-20 07:56:16', 113),
(339, 'B3', '2024-04-20 07:56:16', '2024-04-20 07:56:16', 113),
(340, 'B1', '2024-04-20 07:56:16', '2024-04-20 07:56:16', 114),
(341, 'B2', '2024-04-20 07:56:16', '2024-04-20 07:56:16', 114),
(342, 'B3', '2024-04-20 07:56:16', '2024-04-20 07:56:16', 114),
(343, 'C1', '2024-04-20 07:56:16', '2024-04-20 07:56:16', 115),
(344, 'C2', '2024-04-20 07:56:16', '2024-04-20 07:56:16', 115),
(345, 'C3', '2024-04-20 07:56:16', '2024-04-20 07:56:16', 115),
(346, 'C1', '2024-04-20 07:56:16', '2024-04-20 07:56:16', 116),
(347, 'C2', '2024-04-20 07:56:16', '2024-04-20 07:56:16', 116),
(348, 'C3', '2024-04-20 07:56:16', '2024-04-20 07:56:16', 116),
(349, 'C1', '2024-04-20 07:56:16', '2024-04-20 07:56:16', 117),
(350, 'C2', '2024-04-20 07:56:16', '2024-04-20 07:56:16', 117),
(351, 'C3', '2024-04-20 07:56:16', '2024-04-20 07:56:16', 117),
(352, 'A1', '2024-04-20 07:56:16', '2024-04-20 07:56:16', 118),
(353, 'A2', '2024-04-20 07:56:16', '2024-04-20 07:56:16', 118),
(354, 'A3', '2024-04-20 07:56:16', '2024-04-20 07:56:16', 118),
(355, 'A1', '2024-04-20 07:56:16', '2024-04-20 07:56:16', 119),
(356, 'A2', '2024-04-20 07:56:16', '2024-04-20 07:56:16', 119),
(357, 'A3', '2024-04-20 07:56:16', '2024-04-20 07:56:16', 119),
(358, 'A1', '2024-04-20 07:56:16', '2024-04-20 07:56:16', 120),
(359, 'A2', '2024-04-20 07:56:16', '2024-04-20 07:56:16', 120),
(360, 'A3', '2024-04-20 07:56:16', '2024-04-20 07:56:16', 120),
(361, 'B1', '2024-04-20 07:56:16', '2024-04-20 07:56:16', 121),
(362, 'B2', '2024-04-20 07:56:16', '2024-04-20 07:56:16', 121),
(363, 'B3', '2024-04-20 07:56:16', '2024-04-20 07:56:16', 121),
(364, 'B1', '2024-04-20 07:56:16', '2024-04-20 07:56:16', 122),
(365, 'B2', '2024-04-20 07:56:16', '2024-04-20 07:56:16', 122),
(366, 'B3', '2024-04-20 07:56:16', '2024-04-20 07:56:16', 122),
(367, 'B1', '2024-04-20 07:56:16', '2024-04-20 07:56:16', 123),
(368, 'B2', '2024-04-20 07:56:16', '2024-04-20 07:56:16', 123),
(369, 'B3', '2024-04-20 07:56:16', '2024-04-20 07:56:16', 123),
(370, 'C1', '2024-04-20 07:56:16', '2024-04-20 07:56:16', 124),
(371, 'C2', '2024-04-20 07:56:16', '2024-04-20 07:56:16', 124),
(372, 'C3', '2024-04-20 07:56:16', '2024-04-20 07:56:16', 124),
(373, 'C1', '2024-04-20 07:56:16', '2024-04-20 07:56:16', 125),
(374, 'C2', '2024-04-20 07:56:16', '2024-04-20 07:56:16', 125),
(375, 'C3', '2024-04-20 07:56:16', '2024-04-20 07:56:16', 125),
(376, 'C1', '2024-04-20 07:56:16', '2024-04-20 07:56:16', 126),
(377, 'C2', '2024-04-20 07:56:16', '2024-04-20 07:56:16', 126),
(378, 'C3', '2024-04-20 07:56:16', '2024-04-20 07:56:16', 126),
(379, 'A1', '2024-04-20 07:56:16', '2024-04-20 07:56:16', 127),
(380, 'A2', '2024-04-20 07:56:16', '2024-04-20 07:56:16', 127),
(381, 'A3', '2024-04-20 07:56:16', '2024-04-20 07:56:16', 127),
(382, 'A1', '2024-04-20 07:56:16', '2024-04-20 07:56:16', 128),
(383, 'A2', '2024-04-20 07:56:16', '2024-04-20 07:56:16', 128),
(384, 'A3', '2024-04-20 07:56:16', '2024-04-20 07:56:16', 128),
(385, 'A1', '2024-04-20 07:56:16', '2024-04-20 07:56:16', 129),
(386, 'A2', '2024-04-20 07:56:16', '2024-04-20 07:56:16', 129),
(387, 'A3', '2024-04-20 07:56:16', '2024-04-20 07:56:16', 129),
(388, 'B1', '2024-04-20 07:56:16', '2024-04-20 07:56:16', 130),
(389, 'B2', '2024-04-20 07:56:16', '2024-04-20 07:56:16', 130),
(390, 'B3', '2024-04-20 07:56:16', '2024-04-20 07:56:16', 130),
(391, 'B1', '2024-04-20 07:56:16', '2024-04-20 07:56:16', 131),
(392, 'B2', '2024-04-20 07:56:16', '2024-04-20 07:56:16', 131),
(393, 'B3', '2024-04-20 07:56:16', '2024-04-20 07:56:16', 131),
(394, 'B1', '2024-04-20 07:56:16', '2024-04-20 07:56:16', 132),
(395, 'B2', '2024-04-20 07:56:16', '2024-04-20 07:56:16', 132),
(396, 'B3', '2024-04-20 07:56:16', '2024-04-20 07:56:16', 132),
(397, 'C1', '2024-04-20 07:56:16', '2024-04-20 07:56:16', 133),
(398, 'C2', '2024-04-20 07:56:16', '2024-04-20 07:56:16', 133),
(399, 'C3', '2024-04-20 07:56:16', '2024-04-20 07:56:16', 133),
(400, 'C1', '2024-04-20 07:56:16', '2024-04-20 07:56:16', 134),
(401, 'C2', '2024-04-20 07:56:16', '2024-04-20 07:56:16', 134),
(402, 'C3', '2024-04-20 07:56:16', '2024-04-20 07:56:16', 134),
(403, 'C1', '2024-04-20 07:56:16', '2024-04-20 07:56:16', 135),
(404, 'C2', '2024-04-20 07:56:16', '2024-04-20 07:56:16', 135),
(405, 'C3', '2024-04-20 07:56:16', '2024-04-20 07:56:16', 135),
(406, 'A1', '2024-04-20 07:56:16', '2024-04-20 07:56:16', 136),
(407, 'A2', '2024-04-20 07:56:16', '2024-04-20 07:56:16', 136),
(408, 'A3', '2024-04-20 07:56:16', '2024-04-20 07:56:16', 136),
(409, 'A1', '2024-04-20 07:56:16', '2024-04-20 07:56:16', 137),
(410, 'A2', '2024-04-20 07:56:16', '2024-04-20 07:56:16', 137),
(411, 'A3', '2024-04-20 07:56:16', '2024-04-20 07:56:16', 137),
(412, 'A1', '2024-04-20 07:56:16', '2024-04-20 07:56:16', 138),
(413, 'A2', '2024-04-20 07:56:16', '2024-04-20 07:56:16', 138),
(414, 'A3', '2024-04-20 07:56:16', '2024-04-20 07:56:16', 138),
(415, 'B1', '2024-04-20 07:56:16', '2024-04-20 07:56:16', 139),
(416, 'B2', '2024-04-20 07:56:16', '2024-04-20 07:56:16', 139),
(417, 'B3', '2024-04-20 07:56:16', '2024-04-20 07:56:16', 139),
(418, 'B1', '2024-04-20 07:56:16', '2024-04-20 07:56:16', 140),
(419, 'B2', '2024-04-20 07:56:16', '2024-04-20 07:56:16', 140),
(420, 'B3', '2024-04-20 07:56:16', '2024-04-20 07:56:16', 140),
(421, 'B1', '2024-04-20 07:56:16', '2024-04-20 07:56:16', 141),
(422, 'B2', '2024-04-20 07:56:16', '2024-04-20 07:56:16', 141),
(423, 'B3', '2024-04-20 07:56:16', '2024-04-20 07:56:16', 141),
(424, 'C1', '2024-04-20 07:56:16', '2024-04-20 07:56:16', 142),
(425, 'C2', '2024-04-20 07:56:16', '2024-04-20 07:56:16', 142),
(426, 'C3', '2024-04-20 07:56:16', '2024-04-20 07:56:16', 142),
(427, 'C1', '2024-04-20 07:56:16', '2024-04-20 07:56:16', 143),
(428, 'C2', '2024-04-20 07:56:16', '2024-04-20 07:56:16', 143),
(429, 'C3', '2024-04-20 07:56:16', '2024-04-20 07:56:16', 143),
(430, 'C1', '2024-04-20 07:56:16', '2024-04-20 07:56:16', 144),
(431, 'C2', '2024-04-20 07:56:16', '2024-04-20 07:56:16', 144),
(432, 'C3', '2024-04-20 07:56:16', '2024-04-20 07:56:16', 144),
(433, 'A1', '2024-04-20 07:56:16', '2024-04-20 07:56:16', 145),
(434, 'A2', '2024-04-20 07:56:16', '2024-04-20 07:56:16', 145),
(435, 'A3', '2024-04-20 07:56:16', '2024-04-20 07:56:16', 145),
(436, 'A1', '2024-04-20 07:56:16', '2024-04-20 07:56:16', 146),
(437, 'A2', '2024-04-20 07:56:16', '2024-04-20 07:56:16', 146),
(438, 'A3', '2024-04-20 07:56:16', '2024-04-20 07:56:16', 146),
(439, 'A1', '2024-04-20 07:56:16', '2024-04-20 07:56:16', 147),
(440, 'A2', '2024-04-20 07:56:16', '2024-04-20 07:56:16', 147),
(441, 'A3', '2024-04-20 07:56:16', '2024-04-20 07:56:16', 147),
(442, 'B1', '2024-04-20 07:56:16', '2024-04-20 07:56:16', 148),
(443, 'B2', '2024-04-20 07:56:16', '2024-04-20 07:56:16', 148),
(444, 'B3', '2024-04-20 07:56:16', '2024-04-20 07:56:16', 148),
(445, 'B1', '2024-04-20 07:56:16', '2024-04-20 07:56:16', 149),
(446, 'B2', '2024-04-20 07:56:16', '2024-04-20 07:56:16', 149),
(447, 'B3', '2024-04-20 07:56:16', '2024-04-20 07:56:16', 149),
(448, 'B1', '2024-04-20 07:56:16', '2024-04-20 07:56:16', 150),
(449, 'B2', '2024-04-20 07:56:16', '2024-04-20 07:56:16', 150),
(450, 'B3', '2024-04-20 07:56:16', '2024-04-20 07:56:16', 150),
(451, 'C1', '2024-04-20 07:56:16', '2024-04-20 07:56:16', 151),
(452, 'C2', '2024-04-20 07:56:16', '2024-04-20 07:56:16', 151),
(453, 'C3', '2024-04-20 07:56:16', '2024-04-20 07:56:16', 151),
(454, 'C1', '2024-04-20 07:56:16', '2024-04-20 07:56:16', 152),
(455, 'C2', '2024-04-20 07:56:16', '2024-04-20 07:56:16', 152),
(456, 'C3', '2024-04-20 07:56:16', '2024-04-20 07:56:16', 152),
(457, 'C1', '2024-04-20 07:56:16', '2024-04-20 07:56:16', 153),
(458, 'C2', '2024-04-20 07:56:16', '2024-04-20 07:56:16', 153),
(459, 'C3', '2024-04-20 07:56:16', '2024-04-20 07:56:16', 153),
(460, 'A1', '2024-04-20 07:56:16', '2024-04-20 07:56:16', 154),
(461, 'A2', '2024-04-20 07:56:16', '2024-04-20 07:56:16', 154),
(462, 'A3', '2024-04-20 07:56:16', '2024-04-20 07:56:16', 154),
(463, 'A1', '2024-04-20 07:56:16', '2024-04-20 07:56:16', 155),
(464, 'A2', '2024-04-20 07:56:16', '2024-04-20 07:56:16', 155),
(465, 'A3', '2024-04-20 07:56:16', '2024-04-20 07:56:16', 155),
(466, 'A1', '2024-04-20 07:56:16', '2024-04-20 07:56:16', 156),
(467, 'A2', '2024-04-20 07:56:16', '2024-04-20 07:56:16', 156),
(468, 'A3', '2024-04-20 07:56:16', '2024-04-20 07:56:16', 156),
(469, 'B1', '2024-04-20 07:56:16', '2024-04-20 07:56:16', 157),
(470, 'B2', '2024-04-20 07:56:16', '2024-04-20 07:56:16', 157),
(471, 'B3', '2024-04-20 07:56:16', '2024-04-20 07:56:16', 157),
(472, 'B1', '2024-04-20 07:56:16', '2024-04-20 07:56:16', 158),
(473, 'B2', '2024-04-20 07:56:16', '2024-04-20 07:56:16', 158),
(474, 'B3', '2024-04-20 07:56:16', '2024-04-20 07:56:16', 158),
(475, 'B1', '2024-04-20 07:56:16', '2024-04-20 07:56:16', 159),
(476, 'B2', '2024-04-20 07:56:16', '2024-04-20 07:56:16', 159),
(477, 'B3', '2024-04-20 07:56:16', '2024-04-20 07:56:16', 159),
(478, 'C1', '2024-04-20 07:56:16', '2024-04-20 07:56:16', 160),
(479, 'C2', '2024-04-20 07:56:16', '2024-04-20 07:56:16', 160),
(480, 'C3', '2024-04-20 07:56:16', '2024-04-20 07:56:16', 160),
(481, 'C1', '2024-04-20 07:56:16', '2024-04-20 07:56:16', 161),
(482, 'C2', '2024-04-20 07:56:16', '2024-04-20 07:56:16', 161),
(483, 'C3', '2024-04-20 07:56:16', '2024-04-20 07:56:16', 161),
(484, 'C1', '2024-04-20 07:56:16', '2024-04-20 07:56:16', 162),
(485, 'C2', '2024-04-20 07:56:16', '2024-04-20 07:56:16', 162),
(486, 'C3', '2024-04-20 07:56:16', '2024-04-20 07:56:16', 162),
(487, 'A1', '2024-04-20 07:56:16', '2024-04-20 07:56:16', 163),
(488, 'A2', '2024-04-20 07:56:16', '2024-04-20 07:56:16', 163),
(489, 'A3', '2024-04-20 07:56:16', '2024-04-20 07:56:16', 163),
(490, 'A1', '2024-04-20 07:56:16', '2024-04-20 07:56:16', 164),
(491, 'A2', '2024-04-20 07:56:16', '2024-04-20 07:56:16', 164),
(492, 'A3', '2024-04-20 07:56:16', '2024-04-20 07:56:16', 164),
(493, 'A1', '2024-04-20 07:56:16', '2024-04-20 07:56:16', 165),
(494, 'A2', '2024-04-20 07:56:16', '2024-04-20 07:56:16', 165),
(495, 'A3', '2024-04-20 07:56:16', '2024-04-20 07:56:16', 165),
(496, 'B1', '2024-04-20 07:56:16', '2024-04-20 07:56:16', 166),
(497, 'B2', '2024-04-20 07:56:16', '2024-04-20 07:56:16', 166),
(498, 'B3', '2024-04-20 07:56:16', '2024-04-20 07:56:16', 166),
(499, 'B1', '2024-04-20 07:56:16', '2024-04-20 07:56:16', 167),
(500, 'B2', '2024-04-20 07:56:16', '2024-04-20 07:56:16', 167),
(501, 'B3', '2024-04-20 07:56:16', '2024-04-20 07:56:16', 167),
(502, 'B1', '2024-04-20 07:56:16', '2024-04-20 07:56:16', 168),
(503, 'B2', '2024-04-20 07:56:16', '2024-04-20 07:56:16', 168),
(504, 'B3', '2024-04-20 07:56:16', '2024-04-20 07:56:16', 168),
(505, 'C1', '2024-04-20 07:56:16', '2024-04-20 07:56:16', 169),
(506, 'C2', '2024-04-20 07:56:16', '2024-04-20 07:56:16', 169),
(507, 'C3', '2024-04-20 07:56:16', '2024-04-20 07:56:16', 169),
(508, 'C1', '2024-04-20 07:56:16', '2024-04-20 07:56:16', 170),
(509, 'C2', '2024-04-20 07:56:16', '2024-04-20 07:56:16', 170),
(510, 'C3', '2024-04-20 07:56:16', '2024-04-20 07:56:16', 170),
(511, 'C1', '2024-04-20 07:56:16', '2024-04-20 07:56:16', 171),
(512, 'C2', '2024-04-20 07:56:16', '2024-04-20 07:56:16', 171),
(513, 'C3', '2024-04-20 07:56:16', '2024-04-20 07:56:16', 171),
(514, 'A1', '2024-04-20 07:56:16', '2024-04-20 07:56:16', 172),
(515, 'A2', '2024-04-20 07:56:16', '2024-04-20 07:56:16', 172),
(516, 'A3', '2024-04-20 07:56:16', '2024-04-20 07:56:16', 172),
(517, 'A1', '2024-04-20 07:56:16', '2024-04-20 07:56:16', 173),
(518, 'A2', '2024-04-20 07:56:16', '2024-04-20 07:56:16', 173),
(519, 'A3', '2024-04-20 07:56:16', '2024-04-20 07:56:16', 173),
(520, 'A1', '2024-04-20 07:56:16', '2024-04-20 07:56:16', 174),
(521, 'A2', '2024-04-20 07:56:16', '2024-04-20 07:56:16', 174),
(522, 'A3', '2024-04-20 07:56:16', '2024-04-20 07:56:16', 174),
(523, 'B1', '2024-04-20 07:56:16', '2024-04-20 07:56:16', 175),
(524, 'B2', '2024-04-20 07:56:16', '2024-04-20 07:56:16', 175),
(525, 'B3', '2024-04-20 07:56:16', '2024-04-20 07:56:16', 175),
(526, 'B1', '2024-04-20 07:56:16', '2024-04-20 07:56:16', 176),
(527, 'B2', '2024-04-20 07:56:16', '2024-04-20 07:56:16', 176),
(528, 'B3', '2024-04-20 07:56:16', '2024-04-20 07:56:16', 176),
(529, 'B1', '2024-04-20 07:56:16', '2024-04-20 07:56:16', 177),
(530, 'B2', '2024-04-20 07:56:16', '2024-04-20 07:56:16', 177),
(531, 'B3', '2024-04-20 07:56:16', '2024-04-20 07:56:16', 177),
(532, 'C1', '2024-04-20 07:56:16', '2024-04-20 07:56:16', 178),
(533, 'C2', '2024-04-20 07:56:16', '2024-04-20 07:56:16', 178),
(534, 'C3', '2024-04-20 07:56:16', '2024-04-20 07:56:16', 178),
(535, 'C1', '2024-04-20 07:56:16', '2024-04-20 07:56:16', 179),
(536, 'C2', '2024-04-20 07:56:16', '2024-04-20 07:56:16', 179),
(537, 'C3', '2024-04-20 07:56:16', '2024-04-20 07:56:16', 179),
(538, 'C1', '2024-04-20 07:56:16', '2024-04-20 07:56:16', 180),
(539, 'C2', '2024-04-20 07:56:16', '2024-04-20 07:56:16', 180),
(540, 'C3', '2024-04-20 07:56:16', '2024-04-20 07:56:16', 180),
(541, 'A1', '2024-04-20 07:56:16', '2024-04-20 07:56:16', 181),
(542, 'A2', '2024-04-20 07:56:16', '2024-04-20 07:56:16', 181),
(543, 'A3', '2024-04-20 07:56:16', '2024-04-20 07:56:16', 181),
(544, 'A1', '2024-04-20 07:56:16', '2024-04-20 07:56:16', 182),
(545, 'A2', '2024-04-20 07:56:16', '2024-04-20 07:56:16', 182),
(546, 'A3', '2024-04-20 07:56:16', '2024-04-20 07:56:16', 182),
(547, 'A1', '2024-04-20 07:56:16', '2024-04-20 07:56:16', 183),
(548, 'A2', '2024-04-20 07:56:16', '2024-04-20 07:56:16', 183),
(549, 'A3', '2024-04-20 07:56:16', '2024-04-20 07:56:16', 183),
(550, 'B1', '2024-04-20 07:56:16', '2024-04-20 07:56:16', 184),
(551, 'B2', '2024-04-20 07:56:16', '2024-04-20 07:56:16', 184),
(552, 'B3', '2024-04-20 07:56:16', '2024-04-20 07:56:16', 184),
(553, 'B1', '2024-04-20 07:56:16', '2024-04-20 07:56:16', 185),
(554, 'B2', '2024-04-20 07:56:16', '2024-04-20 07:56:16', 185),
(555, 'B3', '2024-04-20 07:56:16', '2024-04-20 07:56:16', 185),
(556, 'B1', '2024-04-20 07:56:16', '2024-04-20 07:56:16', 186),
(557, 'B2', '2024-04-20 07:56:16', '2024-04-20 07:56:16', 186),
(558, 'B3', '2024-04-20 07:56:16', '2024-04-20 07:56:16', 186),
(559, 'C1', '2024-04-20 07:56:16', '2024-04-20 07:56:16', 187),
(560, 'C2', '2024-04-20 07:56:16', '2024-04-20 07:56:16', 187),
(561, 'C3', '2024-04-20 07:56:16', '2024-04-20 07:56:16', 187),
(562, 'C1', '2024-04-20 07:56:16', '2024-04-20 07:56:16', 188),
(563, 'C2', '2024-04-20 07:56:16', '2024-04-20 07:56:16', 188),
(564, 'C3', '2024-04-20 07:56:16', '2024-04-20 07:56:16', 188),
(565, 'C1', '2024-04-20 07:56:16', '2024-04-20 07:56:16', 189),
(566, 'C2', '2024-04-20 07:56:16', '2024-04-20 07:56:16', 189),
(567, 'C3', '2024-04-20 07:56:16', '2024-04-20 07:56:16', 189),
(568, 'A1', '2024-04-20 07:56:16', '2024-04-20 07:56:16', 190),
(569, 'A2', '2024-04-20 07:56:16', '2024-04-20 07:56:16', 190),
(570, 'A3', '2024-04-20 07:56:16', '2024-04-20 07:56:16', 190),
(571, 'A1', '2024-04-20 07:56:16', '2024-04-20 07:56:16', 191),
(572, 'A2', '2024-04-20 07:56:16', '2024-04-20 07:56:16', 191),
(573, 'A3', '2024-04-20 07:56:16', '2024-04-20 07:56:16', 191),
(574, 'A1', '2024-04-20 07:56:16', '2024-04-20 07:56:16', 192),
(575, 'A2', '2024-04-20 07:56:16', '2024-04-20 07:56:16', 192),
(576, 'A3', '2024-04-20 07:56:16', '2024-04-20 07:56:16', 192),
(577, 'B1', '2024-04-20 07:56:16', '2024-04-20 07:56:16', 193),
(578, 'B2', '2024-04-20 07:56:16', '2024-04-20 07:56:16', 193),
(579, 'B3', '2024-04-20 07:56:16', '2024-04-20 07:56:16', 193),
(580, 'B1', '2024-04-20 07:56:16', '2024-04-20 07:56:16', 194),
(581, 'B2', '2024-04-20 07:56:16', '2024-04-20 07:56:16', 194),
(582, 'B3', '2024-04-20 07:56:16', '2024-04-20 07:56:16', 194),
(583, 'B1', '2024-04-20 07:56:16', '2024-04-20 07:56:16', 195),
(584, 'B2', '2024-04-20 07:56:16', '2024-04-20 07:56:16', 195),
(585, 'B3', '2024-04-20 07:56:16', '2024-04-20 07:56:16', 195),
(586, 'C1', '2024-04-20 07:56:16', '2024-04-20 07:56:16', 196),
(587, 'C2', '2024-04-20 07:56:16', '2024-04-20 07:56:16', 196),
(588, 'C3', '2024-04-20 07:56:16', '2024-04-20 07:56:16', 196),
(589, 'C1', '2024-04-20 07:56:16', '2024-04-20 07:56:16', 197),
(590, 'C2', '2024-04-20 07:56:16', '2024-04-20 07:56:16', 197),
(591, 'C3', '2024-04-20 07:56:16', '2024-04-20 07:56:16', 197),
(592, 'C1', '2024-04-20 07:56:16', '2024-04-20 07:56:16', 198),
(593, 'C2', '2024-04-20 07:56:16', '2024-04-20 07:56:16', 198),
(594, 'C3', '2024-04-20 07:56:16', '2024-04-20 07:56:16', 198),
(595, 'A1', '2024-04-20 07:56:16', '2024-04-20 07:56:16', 199),
(596, 'A2', '2024-04-20 07:56:16', '2024-04-20 07:56:16', 199),
(597, 'A3', '2024-04-20 07:56:16', '2024-04-20 07:56:16', 199),
(598, 'A1', '2024-04-20 07:56:16', '2024-04-20 07:56:16', 200),
(599, 'A2', '2024-04-20 07:56:16', '2024-04-20 07:56:16', 200),
(600, 'A3', '2024-04-20 07:56:16', '2024-04-20 07:56:16', 200),
(601, 'A1', '2024-04-20 07:56:16', '2024-04-20 07:56:16', 201),
(602, 'A2', '2024-04-20 07:56:16', '2024-04-20 07:56:16', 201),
(603, 'A3', '2024-04-20 07:56:16', '2024-04-20 07:56:16', 201),
(604, 'B1', '2024-04-20 07:56:16', '2024-04-20 07:56:16', 202),
(605, 'B2', '2024-04-20 07:56:16', '2024-04-20 07:56:16', 202),
(606, 'B3', '2024-04-20 07:56:16', '2024-04-20 07:56:16', 202),
(607, 'B1', '2024-04-20 07:56:16', '2024-04-20 07:56:16', 203),
(608, 'B2', '2024-04-20 07:56:16', '2024-04-20 07:56:16', 203),
(609, 'B3', '2024-04-20 07:56:16', '2024-04-20 07:56:16', 203),
(610, 'B1', '2024-04-20 07:56:16', '2024-04-20 07:56:16', 204),
(611, 'B2', '2024-04-20 07:56:16', '2024-04-20 07:56:16', 204),
(612, 'B3', '2024-04-20 07:56:16', '2024-04-20 07:56:16', 204),
(613, 'C1', '2024-04-20 07:56:16', '2024-04-20 07:56:16', 205),
(614, 'C2', '2024-04-20 07:56:16', '2024-04-20 07:56:16', 205),
(615, 'C3', '2024-04-20 07:56:16', '2024-04-20 07:56:16', 205),
(616, 'C1', '2024-04-20 07:56:16', '2024-04-20 07:56:16', 206),
(617, 'C2', '2024-04-20 07:56:16', '2024-04-20 07:56:16', 206),
(618, 'C3', '2024-04-20 07:56:16', '2024-04-20 07:56:16', 206),
(619, 'C1', '2024-04-20 07:56:16', '2024-04-20 07:56:16', 207),
(620, 'C2', '2024-04-20 07:56:16', '2024-04-20 07:56:16', 207),
(621, 'C3', '2024-04-20 07:56:16', '2024-04-20 07:56:16', 207),
(622, 'A1', '2024-04-20 07:56:16', '2024-04-20 07:56:16', 208),
(623, 'A2', '2024-04-20 07:56:16', '2024-04-20 07:56:16', 208),
(624, 'A3', '2024-04-20 07:56:16', '2024-04-20 07:56:16', 208),
(625, 'A1', '2024-04-20 07:56:16', '2024-04-20 07:56:16', 209),
(626, 'A2', '2024-04-20 07:56:16', '2024-04-20 07:56:16', 209),
(627, 'A3', '2024-04-20 07:56:16', '2024-04-20 07:56:16', 209),
(628, 'A1', '2024-04-20 07:56:16', '2024-04-20 07:56:16', 210),
(629, 'A2', '2024-04-20 07:56:16', '2024-04-20 07:56:16', 210),
(630, 'A3', '2024-04-20 07:56:16', '2024-04-20 07:56:16', 210),
(631, 'B1', '2024-04-20 07:56:16', '2024-04-20 07:56:16', 211),
(632, 'B2', '2024-04-20 07:56:16', '2024-04-20 07:56:16', 211),
(633, 'B3', '2024-04-20 07:56:16', '2024-04-20 07:56:16', 211),
(634, 'B1', '2024-04-20 07:56:16', '2024-04-20 07:56:16', 212),
(635, 'B2', '2024-04-20 07:56:16', '2024-04-20 07:56:16', 212),
(636, 'B3', '2024-04-20 07:56:16', '2024-04-20 07:56:16', 212),
(637, 'B1', '2024-04-20 07:56:16', '2024-04-20 07:56:16', 213),
(638, 'B2', '2024-04-20 07:56:16', '2024-04-20 07:56:16', 213),
(639, 'B3', '2024-04-20 07:56:16', '2024-04-20 07:56:16', 213),
(640, 'C1', '2024-04-20 07:56:16', '2024-04-20 07:56:16', 214),
(641, 'C2', '2024-04-20 07:56:16', '2024-04-20 07:56:16', 214),
(642, 'C3', '2024-04-20 07:56:16', '2024-04-20 07:56:16', 214),
(643, 'C1', '2024-04-20 07:56:16', '2024-04-20 07:56:16', 215),
(644, 'C2', '2024-04-20 07:56:16', '2024-04-20 07:56:16', 215),
(645, 'C3', '2024-04-20 07:56:16', '2024-04-20 07:56:16', 215),
(646, 'C1', '2024-04-20 07:56:16', '2024-04-20 07:56:16', 216),
(647, 'C2', '2024-04-20 07:56:16', '2024-04-20 07:56:16', 216),
(648, 'C3', '2024-04-20 07:56:16', '2024-04-20 07:56:16', 216);

-- --------------------------------------------------------

--
-- Table structure for table `subject`
--

CREATE TABLE `subject` (
  `id` int(10) UNSIGNED NOT NULL,
  `subjectName` varchar(255) DEFAULT NULL,
  `isLab` tinyint(1) DEFAULT NULL,
  `createdAt` datetime DEFAULT NULL,
  `updatedAt` datetime DEFAULT NULL,
  `DepartmentId` int(10) UNSIGNED NOT NULL,
  `GroupId` int(10) UNSIGNED NOT NULL
) ENGINE=InnoDB DEFAULT CHARSET=utf8mb4 COLLATE=utf8mb4_general_ci;

--
-- Dumping data for table `subject`
--

INSERT INTO `subject` (`id`, `subjectName`, `isLab`, `createdAt`, `updatedAt`, `DepartmentId`, `GroupId`) VALUES
(1, 'Engineering Mathematics III', 0, '2024-04-20 07:56:17', '2024-04-20 07:56:17', 2, 1),
(2, 'Engineering Mathematics III Tut', 0, '2024-04-20 07:56:17', '2024-04-20 07:56:17', 2, 1),
(3, 'FlexiCredit Course OOPs with JAVA', 0, '2024-04-20 07:56:17', '2024-04-20 07:56:17', 2, 1),
(4, 'Database Management Systems', 0, '2024-04-20 07:56:17', '2024-04-20 07:56:17', 2, 1),
(5, 'Data Base Management Systems Lab', 1, '2024-04-20 07:56:17', '2024-04-20 07:56:17', 2, 1),
(6, 'Operating Systems', 0, '2024-04-20 07:56:17', '2024-04-20 07:56:17', 2, 1),
(7, 'Operating Systems Lab', 1, '2024-04-20 07:56:17', '2024-04-20 07:56:17', 2, 1),
(8, 'Basic French', 0, '2024-04-20 07:56:17', '2024-04-20 07:56:17', 2, 2),
(9, 'Basic German', 0, '2024-04-20 07:56:17', '2024-04-20 07:56:17', 2, 2),
(10, 'Distributed System and Resource Management', 0, '2024-04-20 07:56:17', '2024-04-20 07:56:17', 3, 1),
(11, 'FlexiCredit Course Web  Mobile Application Development', 0, '2024-04-20 07:56:17', '2024-04-20 07:56:17', 3, 1),
(12, 'Design Thinking', 0, '2024-04-20 07:56:17', '2024-04-20 07:56:17', 3, 1),
(13, 'Capstone Course', 0, '2024-04-20 07:56:17', '2024-04-20 07:56:17', 3, 1),
(14, 'Organizational Behaviour', 0, '2024-04-20 07:56:17', '2024-04-20 07:56:17', 3, 1),
(15, 'Data Warehousing and Mining 1', 0, '2024-04-20 07:56:17', '2024-04-20 07:56:17', 3, 2),
(16, 'Data Warehousing and Mining 2', 0, '2024-04-20 07:56:17', '2024-04-20 07:56:17', 3, 2),
(17, 'Data Warehousing and Mining Lab 1', 1, '2024-04-20 07:56:17', '2024-04-20 07:56:17', 3, 2),
(18, 'Data Warehousing and Mining Lab 2', 1, '2024-04-20 07:56:17', '2024-04-20 07:56:17', 3, 2),
(19, 'Internet of Things 1', 0, '2024-04-20 07:56:17', '2024-04-20 07:56:17', 3, 2),
(20, 'Internet of Things Lab 1', 1, '2024-04-20 07:56:17', '2024-04-20 07:56:17', 3, 2),
(21, 'Image Processing 1', 0, '2024-04-20 07:56:17', '2024-04-20 07:56:17', 3, 2),
(22, 'Image Processing Lab 1', 1, '2024-04-20 07:56:17', '2024-04-20 07:56:17', 3, 2),
(23, 'Artificial Intelligence 1', 0, '2024-04-20 07:56:17', '2024-04-20 07:56:17', 3, 2),
(24, 'Artificial Intelligence Lab 2', 1, '2024-04-20 07:56:17', '2024-04-20 07:56:17', 3, 2),
(25, 'Artificial Intelligence Lab 5', 1, '2024-04-20 07:56:17', '2024-04-20 07:56:17', 3, 2),
(26, 'Artificial Intelligence Lab 3', 1, '2024-04-20 07:56:17', '2024-04-20 07:56:17', 3, 2),
(27, 'Human Computer Interface 1', 0, '2024-04-20 07:56:17', '2024-04-20 07:56:17', 3, 2),
(28, 'Human Computer Interface Lab 1', 1, '2024-04-20 07:56:17', '2024-04-20 07:56:17', 3, 2),
(29, 'Advanced Algorithms 1', 0, '2024-04-20 07:56:17', '2024-04-20 07:56:17', 3, 2),
(30, 'Advanced Algorithms Lab 1', 1, '2024-04-20 07:56:17', '2024-04-20 07:56:17', 3, 2),
(31, 'Advanced Algorithms Lab 2', 1, '2024-04-20 07:56:17', '2024-04-20 07:56:17', 3, 2),
(32, 'Introduction to Big Data 1', 0, '2024-04-20 07:56:17', '2024-04-20 07:56:17', 3, 2),
(33, 'Introduction to Big Data 2', 0, '2024-04-20 07:56:17', '2024-04-20 07:56:17', 3, 2),
(34, 'Open Source Technology 1', 0, '2024-04-20 07:56:17', '2024-04-20 07:56:17', 3, 2),
(35, 'Open Source Technology 2', 0, '2024-04-20 07:56:17', '2024-04-20 07:56:17', 3, 2),
(36, 'Open Source Technology 3', 0, '2024-04-20 07:56:17', '2024-04-20 07:56:17', 3, 2),
(37, 'Data Warehousing and Mining Lab 3', 1, '2024-04-20 07:56:17', '2024-04-20 07:56:17', 3, 2),
(38, 'Data Warehousing and Mining Lab 4', 1, '2024-04-20 07:56:17', '2024-04-20 07:56:17', 3, 2),
(39, 'Internet of Things Lab 2', 1, '2024-04-20 07:56:17', '2024-04-20 07:56:17', 3, 2),
(40, 'Internet of Things Lab 3', 1, '2024-04-20 07:56:17', '2024-04-20 07:56:17', 3, 2),
(41, 'Artificial Intelligence Lab 4', 1, '2024-04-20 07:56:17', '2024-04-20 07:56:17', 3, 2),
(42, 'Advanced Algorithms Lab 3', 1, '2024-04-20 07:56:17', '2024-04-20 07:56:17', 3, 2),
(43, 'Advanced Algorithms Lab 4', 1, '2024-04-20 07:56:17', '2024-04-20 07:56:17', 3, 2),
(44, 'Artificial Intelligence Lab 1', 1, '2024-04-20 07:56:17', '2024-04-20 07:56:17', 3, 2),
(45, 'Service Learning', 0, '2024-04-20 07:56:17', '2024-04-20 07:56:17', 8, 1),
(46, 'Statistics Probability and Numerical Methods SPNM', 0, '2024-04-20 07:56:17', '2024-04-20 07:56:17', 8, 1),
(47, 'Statistics Probability and Numerical Methods Lab SPNM Lab', 1, '2024-04-20 07:56:17', '2024-04-20 07:56:17', 8, 1),
(48, 'Computer Aided Structural Analysis I CASA', 0, '2024-04-20 07:56:17', '2024-04-20 07:56:17', 8, 1),
(49, 'Princples of Economics  POE', 0, '2024-04-20 07:56:17', '2024-04-20 07:56:17', 8, 1),
(50, 'Open Channel Flow OCF', 0, '2024-04-20 07:56:17', '2024-04-20 07:56:17', 8, 1),
(51, 'Open Channel Flow Simulation Lab OCFS Lab', 1, '2024-04-20 07:56:17', '2024-04-20 07:56:17', 8, 1),
(52, 'Geotechnical Engineering GE', 0, '2024-04-20 07:56:17', '2024-04-20 07:56:17', 8, 1),
(53, 'Geotechnical Engineering Lab GE Lab', 1, '2024-04-20 07:56:17', '2024-04-20 07:56:17', 8, 1),
(54, 'Entrepreneurship Venture', 0, '2024-04-20 07:56:17', '2024-04-20 07:56:17', 8, 1),
(55, 'Foundation of Ethics', 0, '2024-04-20 07:56:17', '2024-04-20 07:56:17', 8, 2),
(56, 'Introduction to Indian Philosophy', 0, '2024-04-20 07:56:17', '2024-04-20 07:56:17', 8, 2),
(57, 'Environmental Engineering II EE II', 0, '2024-04-20 07:56:17', '2024-04-20 07:56:17', 9, 1),
(58, 'FlexiCredit Course', 0, '2024-04-20 07:56:17', '2024-04-20 07:56:17', 9, 1),
(59, 'Structural DesignII SD II', 0, '2024-04-20 07:56:17', '2024-04-20 07:56:17', 9, 1),
(60, 'Capstone Course', 0, '2024-04-20 07:56:17', '2024-04-20 07:56:17', 9, 1),
(61, 'FlexiCredit Course Lab', 1, '2024-04-20 07:56:17', '2024-04-20 07:56:17', 9, 1),
(62, 'Principal of Economics POE', 0, '2024-04-20 07:56:17', '2024-04-20 07:56:17', 9, 1),
(63, 'Bridge Engineering', 0, '2024-04-20 07:56:17', '2024-04-20 07:56:17', 9, 2),
(64, 'Introduction To Remote Sensing And Gis', 0, '2024-04-20 07:56:17', '2024-04-20 07:56:17', 9, 2),
(65, 'Environmental Systems Lab', 1, '2024-04-20 07:56:17', '2024-04-20 07:56:17', 9, 2),
(66, '3d Printing And Prototyping', 0, '2024-04-20 07:56:17', '2024-04-20 07:56:17', 9, 2),
(67, 'Project Management', 0, '2024-04-20 07:56:17', '2024-04-20 07:56:17', 9, 2),
(68, 'Control Systems', 0, '2024-04-20 07:56:17', '2024-04-20 07:56:17', 14, 1),
(69, 'Control Systems Lab', 1, '2024-04-20 07:56:17', '2024-04-20 07:56:17', 14, 1),
(70, 'Electromagnetic Field Theory', 0, '2024-04-20 07:56:17', '2024-04-20 07:56:17', 14, 1),
(71, 'Analog Circuit Design', 0, '2024-04-20 07:56:17', '2024-04-20 07:56:17', 14, 1),
(72, 'Analog Circuit Design Lab', 1, '2024-04-20 07:56:17', '2024-04-20 07:56:17', 14, 1),
(73, 'Principles of Communication', 0, '2024-04-20 07:56:17', '2024-04-20 07:56:17', 14, 1),
(74, 'Principles of Communication Lab', 1, '2024-04-20 07:56:17', '2024-04-20 07:56:17', 14, 1),
(75, 'Entrepreneurship Venture', 0, '2024-04-20 07:56:17', '2024-04-20 07:56:17', 14, 1),
(76, 'Service Learning', 0, '2024-04-20 07:56:17', '2024-04-20 07:56:17', 14, 1),
(77, 'Hardware Interfacing and Sensor Integration', 0, '2024-04-20 07:56:17', '2024-04-20 07:56:17', 14, 1),
(78, 'Hardware Interfacing and Sensor Integration Lab', 1, '2024-04-20 07:56:17', '2024-04-20 07:56:17', 14, 1),
(79, 'Introduction to Indian Philosophy', 0, '2024-04-20 07:56:17', '2024-04-20 07:56:17', 14, 2),
(80, 'Foundation of Ethics', 0, '2024-04-20 07:56:17', '2024-04-20 07:56:17', 14, 2),
(81, 'Computer Networks', 0, '2024-04-20 07:56:17', '2024-04-20 07:56:17', 15, 1),
(82, 'Computer Networks Lab', 1, '2024-04-20 07:56:17', '2024-04-20 07:56:17', 15, 1),
(83, 'Electronic Design Workshop', 0, '2024-04-20 07:56:17', '2024-04-20 07:56:17', 15, 1),
(84, 'Capstone Course', 0, '2024-04-20 07:56:17', '2024-04-20 07:56:17', 15, 1),
(85, 'Principles of Economics', 0, '2024-04-20 07:56:17', '2024-04-20 07:56:17', 15, 1),
(86, 'Digital Design with Verilog', 0, '2024-04-20 07:56:17', '2024-04-20 07:56:17', 15, 1),
(87, 'Digital Design with Verilog Lab', 1, '2024-04-20 07:56:17', '2024-04-20 07:56:17', 15, 1),
(88, 'Digital Image Processing', 0, '2024-04-20 07:56:17', '2024-04-20 07:56:17', 15, 2),
(89, 'Digital Image Processing Lab', 1, '2024-04-20 07:56:17', '2024-04-20 07:56:17', 15, 2),
(90, 'Microwaves and Radar', 0, '2024-04-20 07:56:17', '2024-04-20 07:56:17', 15, 2),
(91, 'Microwaves and Radar Lab', 1, '2024-04-20 07:56:17', '2024-04-20 07:56:17', 15, 2),
(92, 'Embedded System Design', 0, '2024-04-20 07:56:17', '2024-04-20 07:56:17', 15, 2),
(93, 'Embedded System Design Lab', 1, '2024-04-20 07:56:17', '2024-04-20 07:56:17', 15, 2),
(94, 'Digital CMOS VLSI Design', 0, '2024-04-20 07:56:17', '2024-04-20 07:56:17', 15, 2),
(95, 'CAD for VLSI Design Lab', 1, '2024-04-20 07:56:17', '2024-04-20 07:56:17', 15, 2),
(96, 'Project Management', 0, '2024-04-20 07:56:17', '2024-04-20 07:56:17', 15, 2),
(97, 'Java', 0, '2024-04-20 07:56:17', '2024-04-20 07:56:17', 15, 2),
(98, 'Introduction to Data Science', 0, '2024-04-20 07:56:17', '2024-04-20 07:56:17', 15, 2),
(99, 'Introduction To Ai & Ml', 0, '2024-04-20 07:56:17', '2024-04-20 07:56:17', 15, 2),
(100, 'Project Based LearningIII', 0, '2024-04-20 07:56:17', '2024-04-20 07:56:17', 15, 1),
(101, 'MathematicsII', 0, '2024-04-20 07:56:17', '2024-04-20 07:56:17', 1, 1),
(102, 'MathematicsTutII', 0, '2024-04-20 07:56:17', '2024-04-20 07:56:17', 1, 1),
(103, 'Physics', 0, '2024-04-20 07:56:17', '2024-04-20 07:56:17', 1, 1),
(104, 'Physics Lab', 1, '2024-04-20 07:56:17', '2024-04-20 07:56:17', 1, 1),
(105, 'Communication skill', 0, '2024-04-20 07:56:17', '2024-04-20 07:56:17', 1, 1),
(106, 'Communication skill Lab', 1, '2024-04-20 07:56:17', '2024-04-20 07:56:17', 1, 1),
(107, 'Programming in C', 0, '2024-04-20 07:56:17', '2024-04-20 07:56:17', 1, 1),
(108, 'Programming in C Lab', 1, '2024-04-20 07:56:17', '2024-04-20 07:56:17', 1, 1),
(109, 'Creative Thinking', 0, '2024-04-20 07:56:17', '2024-04-20 07:56:17', 1, 1),
(110, 'Stattistics and Probability', 0, '2024-04-20 07:56:17', '2024-04-20 07:56:17', 1, 1),
(111, 'Environmental Science', 0, '2024-04-20 07:56:17', '2024-04-20 07:56:17', 1, 1),
(112, 'MathematicsII Tut', 0, '2024-04-20 07:56:17', '2024-04-20 07:56:17', 1, 1),
(113, 'Physics for Computer Engineers', 0, '2024-04-20 07:56:17', '2024-04-20 07:56:17', 1, 1),
(114, 'Communication Skills', 0, '2024-04-20 07:56:17', '2024-04-20 07:56:17', 1, 1),
(115, 'Communication Skills Lab', 1, '2024-04-20 07:56:17', '2024-04-20 07:56:17', 1, 1),
(116, 'Stattistics and Probability Tut', 0, '2024-04-20 07:56:17', '2024-04-20 07:56:17', 1, 1),
(117, 'Statistics and Probability', 0, '2024-04-20 07:56:17', '2024-04-20 07:56:17', 1, 1),
(118, 'Calculus', 0, '2024-04-20 07:56:17', '2024-04-20 07:56:17', 16, 1),
(119, 'Calculus Tut II', 0, '2024-04-20 07:56:17', '2024-04-20 07:56:17', 16, 1),
(120, 'Physics', 0, '2024-04-20 07:56:17', '2024-04-20 07:56:17', 16, 1),
(121, 'Physics Lab', 1, '2024-04-20 07:56:17', '2024-04-20 07:56:17', 16, 1),
(122, 'Prgramming in C', 0, '2024-04-20 07:56:17', '2024-04-20 07:56:17', 16, 1),
(123, 'Programming in C Lab', 1, '2024-04-20 07:56:17', '2024-04-20 07:56:17', 16, 1),
(124, 'Communication Skills', 0, '2024-04-20 07:56:17', '2024-04-20 07:56:17', 16, 1),
(125, 'Communication Skills Lab', 1, '2024-04-20 07:56:17', '2024-04-20 07:56:17', 16, 1),
(126, 'Creative Thinking', 0, '2024-04-20 07:56:17', '2024-04-20 07:56:17', 16, 1),
(127, 'Statistics for Data Science', 0, '2024-04-20 07:56:17', '2024-04-20 07:56:17', 16, 1),
(128, 'Statistics for Data ScienceTut II', 0, '2024-04-20 07:56:17', '2024-04-20 07:56:17', 16, 1),
(129, 'Software Tools for Artificial Intelligence and Machine learning', 0, '2024-04-20 07:56:17', '2024-04-20 07:56:17', 16, 1),
(130, 'Environmental Science', 0, '2024-04-20 07:56:17', '2024-04-20 07:56:17', 16, 1),
(131, 'MathematicsII', 0, '2024-04-20 07:56:17', '2024-04-20 07:56:17', 13, 1),
(132, 'MAII Tut', 0, '2024-04-20 07:56:17', '2024-04-20 07:56:17', 13, 1),
(133, 'Fundamentals of Electrical and Electronics Engineering', 0, '2024-04-20 07:56:17', '2024-04-20 07:56:17', 13, 1),
(134, 'Fundamentals of Electrical and Electronics Engineering Lab', 1, '2024-04-20 07:56:17', '2024-04-20 07:56:17', 13, 1),
(135, 'Chemistry', 0, '2024-04-20 07:56:17', '2024-04-20 07:56:17', 13, 1),
(136, 'Chemistry Lab', 1, '2024-04-20 07:56:17', '2024-04-20 07:56:17', 13, 1),
(137, 'Programing and Problem Solving', 0, '2024-04-20 07:56:17', '2024-04-20 07:56:17', 13, 1),
(138, 'Programing and Problem Solving lab', 1, '2024-04-20 07:56:17', '2024-04-20 07:56:17', 13, 1),
(139, 'Engineering Graphics Lab', 1, '2024-04-20 07:56:17', '2024-04-20 07:56:17', 13, 1),
(140, 'Critical Thinking', 0, '2024-04-20 07:56:17', '2024-04-20 07:56:17', 13, 1),
(141, 'Data Analytics with Excel', 0, '2024-04-20 07:56:17', '2024-04-20 07:56:17', 13, 1),
(142, 'Tinker Lab', 1, '2024-04-20 07:56:17', '2024-04-20 07:56:17', 13, 1),
(143, 'FFL', 0, '2024-04-20 07:56:17', '2024-04-20 07:56:17', 13, 1),
(144, 'MathematicsII Tut', 0, '2024-04-20 07:56:17', '2024-04-20 07:56:17', 13, 1),
(145, 'Fundamental of Electical and Electronics Engineering', 0, '2024-04-20 07:56:17', '2024-04-20 07:56:17', 13, 1),
(146, 'Fundamental of Electical and Electronics Engineering Lab', 1, '2024-04-20 07:56:17', '2024-04-20 07:56:17', 13, 1),
(147, 'Programming and Problem Solving', 0, '2024-04-20 07:56:17', '2024-04-20 07:56:17', 13, 1),
(148, 'Programming and Problem Solving Lab', 1, '2024-04-20 07:56:17', '2024-04-20 07:56:17', 13, 1),
(149, 'Fitness For Life', 0, '2024-04-20 07:56:17', '2024-04-20 07:56:17', 13, 1),
(150, 'MAII Mathematics', 0, '2024-04-20 07:56:17', '2024-04-20 07:56:17', 4, 1),
(151, 'MAII MathematicsTut', 0, '2024-04-20 07:56:17', '2024-04-20 07:56:17', 4, 1),
(152, 'Chemistry', 0, '2024-04-20 07:56:17', '2024-04-20 07:56:17', 4, 1),
(153, 'Chemistry Lab', 1, '2024-04-20 07:56:17', '2024-04-20 07:56:17', 4, 1),
(154, 'Basic Electrical and Electronics Engineering', 0, '2024-04-20 07:56:17', '2024-04-20 07:56:17', 4, 1),
(155, 'Basic Electrical and Electronics Engineering lab', 1, '2024-04-20 07:56:17', '2024-04-20 07:56:17', 4, 1),
(156, 'Engineering Graphics', 0, '2024-04-20 07:56:17', '2024-04-20 07:56:17', 4, 1),
(157, 'Engineering Graphics Lab', 1, '2024-04-20 07:56:17', '2024-04-20 07:56:17', 4, 1),
(158, 'Software Tools for Robotics', 0, '2024-04-20 07:56:17', '2024-04-20 07:56:17', 4, 1),
(159, 'Critical Thinking', 0, '2024-04-20 07:56:17', '2024-04-20 07:56:17', 4, 1),
(160, 'Fitness For Life', 0, '2024-04-20 07:56:17', '2024-04-20 07:56:17', 4, 1),
(161, 'Tinker Lab', 1, '2024-04-20 07:56:17', '2024-04-20 07:56:17', 4, 1),
(162, 'Engineering Mathematics II', 0, '2024-04-20 07:56:17', '2024-04-20 07:56:17', 10, 1),
(163, 'Engineering Mathematics II Tut', 0, '2024-04-20 07:56:17', '2024-04-20 07:56:17', 10, 1),
(164, 'Chemistry', 0, '2024-04-20 07:56:17', '2024-04-20 07:56:17', 10, 1),
(165, 'Chemistry Lab', 1, '2024-04-20 07:56:17', '2024-04-20 07:56:17', 10, 1),
(166, 'Basic Electrical and Electronics Engineering', 0, '2024-04-20 07:56:17', '2024-04-20 07:56:17', 10, 1),
(167, 'Basic Electrical and Electronics Engineering lab', 1, '2024-04-20 07:56:17', '2024-04-20 07:56:17', 10, 1),
(168, 'Engineering Mechanics', 0, '2024-04-20 07:56:17', '2024-04-20 07:56:17', 10, 1),
(169, 'Engineering Mechanics Lab', 1, '2024-04-20 07:56:17', '2024-04-20 07:56:17', 10, 1),
(170, 'Software Tools for Mechanical engineering', 0, '2024-04-20 07:56:17', '2024-04-20 07:56:17', 10, 1),
(171, 'Fitness For Life', 0, '2024-04-20 07:56:17', '2024-04-20 07:56:17', 10, 1),
(172, 'Critical Thinking', 0, '2024-04-20 07:56:17', '2024-04-20 07:56:17', 10, 1),
(173, 'Tinker Lab', 1, '2024-04-20 07:56:17', '2024-04-20 07:56:17', 10, 1),
(174, 'Engineering MathematicsII', 0, '2024-04-20 07:56:17', '2024-04-20 07:56:17', 7, 1),
(175, 'Engineering MathematicsII Tut', 0, '2024-04-20 07:56:17', '2024-04-20 07:56:17', 7, 1),
(176, 'Chemistry', 0, '2024-04-20 07:56:17', '2024-04-20 07:56:17', 7, 1),
(177, 'Chemistry Lab', 1, '2024-04-20 07:56:17', '2024-04-20 07:56:17', 7, 1),
(178, 'Digital Land Surveying and Mapping', 0, '2024-04-20 07:56:17', '2024-04-20 07:56:17', 7, 1),
(179, 'Digital Land Surveying and Mapping Lab', 1, '2024-04-20 07:56:17', '2024-04-20 07:56:17', 7, 1),
(180, 'Indroduction to Python Programming Lab', 1, '2024-04-20 07:56:17', '2024-04-20 07:56:17', 7, 1),
(181, 'Building Construction Technology', 0, '2024-04-20 07:56:17', '2024-04-20 07:56:17', 7, 1),
(182, 'Basic of Sensors and Microcontrollers', 0, '2024-04-20 07:56:17', '2024-04-20 07:56:17', 7, 1),
(183, 'Basic of Sensors and Microcontrollers Lab', 1, '2024-04-20 07:56:17', '2024-04-20 07:56:17', 7, 1),
(184, 'Software Tools for Civil Engineers', 0, '2024-04-20 07:56:17', '2024-04-20 07:56:17', 7, 1),
(185, 'Critical Thinking', 0, '2024-04-20 07:56:17', '2024-04-20 07:56:17', 7, 1),
(186, 'Fitness For Life', 0, '2024-04-20 07:56:17', '2024-04-20 07:56:17', 7, 1),
(187, 'Tinker Lab', 1, '2024-04-20 07:56:17', '2024-04-20 07:56:17', 7, 1),
(188, 'CADCAM', 0, '2024-04-20 07:56:17', '2024-04-20 07:56:17', 12, 1),
(189, 'FCC H', 0, '2024-04-20 07:56:17', '2024-04-20 07:56:17', 12, 1),
(190, 'Project Based LearningII PBL II', 0, '2024-04-20 07:56:17', '2024-04-20 07:56:17', 12, 1),
(191, 'Capstone Course CC', 0, '2024-04-20 07:56:17', '2024-04-20 07:56:17', 12, 1),
(192, 'Principles of Economics PoE', 0, '2024-04-20 07:56:17', '2024-04-20 07:56:17', 12, 1),
(193, 'CADCAM Lab', 1, '2024-04-20 07:56:17', '2024-04-20 07:56:17', 12, 1),
(194, 'Finite Element Methods', 0, '2024-04-20 07:56:17', '2024-04-20 07:56:17', 12, 2),
(195, 'Jigs and Fixtures', 0, '2024-04-20 07:56:17', '2024-04-20 07:56:17', 12, 2),
(196, 'Finite Element Methods Lab', 1, '2024-04-20 07:56:17', '2024-04-20 07:56:17', 12, 2),
(197, 'Jigs and Fixtures Lab', 1, '2024-04-20 07:56:17', '2024-04-20 07:56:17', 12, 2),
(198, 'Power Plant Engineering', 0, '2024-04-20 07:56:17', '2024-04-20 07:56:17', 12, 2),
(199, 'Operations Research', 0, '2024-04-20 07:56:17', '2024-04-20 07:56:17', 12, 2),
(200, 'Java', 0, '2024-04-20 07:56:17', '2024-04-20 07:56:17', 12, 2),
(201, 'Introduction to Data Science', 0, '2024-04-20 07:56:17', '2024-04-20 07:56:17', 12, 2),
(202, '3D Printing and Prototyping', 0, '2024-04-20 07:56:17', '2024-04-20 07:56:17', 12, 2),
(203, 'Project management', 0, '2024-04-20 07:56:17', '2024-04-20 07:56:17', 12, 2),
(204, 'Composite Materials', 0, '2024-04-20 07:56:17', '2024-04-20 07:56:17', 12, 2),
(205, 'Engineering Design Optimization', 0, '2024-04-20 07:56:17', '2024-04-20 07:56:17', 12, 2),
(206, 'Computer Aided Design II Lab', 1, '2024-04-20 07:56:17', '2024-04-20 07:56:17', 12, 2),
(207, 'Computer Aided Manufacturing Lab', 1, '2024-04-20 07:56:17', '2024-04-20 07:56:17', 12, 2),
(208, 'Structural Dynamics and Non Linear Analysis Lab', 1, '2024-04-20 07:56:17', '2024-04-20 07:56:17', 12, 2),
(209, 'AI and ML for Smart Manufacturing', 0, '2024-04-20 07:56:17', '2024-04-20 07:56:17', 12, 2),
(210, 'Industrial Internet of Things', 0, '2024-04-20 07:56:17', '2024-04-20 07:56:17', 12, 2),
(211, 'Machine Learning and Artificial Intelligence Lab', 1, '2024-04-20 07:56:17', '2024-04-20 07:56:17', 12, 2),
(212, 'Service Learning', 0, '2024-04-20 07:56:17', '2024-04-20 07:56:17', 11, 1),
(213, 'Statistics Probability and Numerical Methods SPNM', 0, '2024-04-20 07:56:17', '2024-04-20 07:56:17', 11, 1),
(214, 'Statistics Probability and Numerical Methods Lab SPNM Lab', 1, '2024-04-20 07:56:17', '2024-04-20 07:56:17', 11, 1),
(215, 'Fluid Mechanics FM', 0, '2024-04-20 07:56:17', '2024-04-20 07:56:17', 11, 1),
(216, 'Fluid Mechanics Lab FM Lab', 1, '2024-04-20 07:56:17', '2024-04-20 07:56:17', 11, 1),
(217, 'Measurement and Metrology MM', 0, '2024-04-20 07:56:17', '2024-04-20 07:56:17', 11, 1),
(218, 'Measurement and Metrology Lab MM Lab', 1, '2024-04-20 07:56:17', '2024-04-20 07:56:17', 11, 1),
(219, 'Theory of Machines  I TOM I', 0, '2024-04-20 07:56:17', '2024-04-20 07:56:17', 11, 1),
(220, 'Theory of Machines  I LAb TOM I Lab', 1, '2024-04-20 07:56:17', '2024-04-20 07:56:17', 11, 1),
(221, 'Entrepreneurship Venture', 0, '2024-04-20 07:56:17', '2024-04-20 07:56:17', 11, 1),
(222, 'Introduction to Artificial Intelligence', 0, '2024-04-20 07:56:17', '2024-04-20 07:56:17', 11, 1),
(223, 'Foundation of Ethics', 0, '2024-04-20 07:56:17', '2024-04-20 07:56:17', 11, 2),
(224, 'Robotics Operating System', 0, '2024-04-20 07:56:17', '2024-04-20 07:56:17', 6, 1),
(225, 'Robotics Operating System Lab', 1, '2024-04-20 07:56:17', '2024-04-20 07:56:17', 6, 1),
(226, 'PLC and SCADA', 0, '2024-04-20 07:56:17', '2024-04-20 07:56:17', 6, 1),
(227, 'PLC and SCADA Lab', 1, '2024-04-20 07:56:17', '2024-04-20 07:56:17', 6, 1),
(228, 'Database Management and Warehousing', 0, '2024-04-20 07:56:17', '2024-04-20 07:56:17', 6, 1),
(229, 'Principles of Economics', 0, '2024-04-20 07:56:17', '2024-04-20 07:56:17', 6, 1),
(230, 'Path Planning and Reinforcement Learning', 0, '2024-04-20 07:56:17', '2024-04-20 07:56:17', 6, 2),
(231, 'Path Planning and Reinforcement Learning Lab', 1, '2024-04-20 07:56:17', '2024-04-20 07:56:17', 6, 2),
(232, 'Introduction to AI and Machine Learning', 0, '2024-04-20 07:56:17', '2024-04-20 07:56:17', 6, 2),
(233, 'Introduction to Data Science', 0, '2024-04-20 07:56:17', '2024-04-20 07:56:17', 6, 2),
(234, 'Java', 0, '2024-04-20 07:56:17', '2024-04-20 07:56:17', 6, 2),
(235, 'Project Management', 0, '2024-04-20 07:56:17', '2024-04-20 07:56:17', 6, 2),
(236, '3D Printing and Prototyping', 0, '2024-04-20 07:56:17', '2024-04-20 07:56:17', 6, 2),
(237, 'Service Learning', 0, '2024-04-20 07:56:17', '2024-04-20 07:56:17', 5, 1),
(238, 'Robotic Control Systems', 0, '2024-04-20 07:56:17', '2024-04-20 07:56:17', 5, 1),
(239, 'Robotic Control Systems Lab', 1, '2024-04-20 07:56:17', '2024-04-20 07:56:17', 5, 1),
(240, 'Kinematics and Dynamics of Robotics', 0, '2024-04-20 07:56:17', '2024-04-20 07:56:17', 5, 1),
(241, 'Kinematics and Dynamics of Robotics Lab', 1, '2024-04-20 07:56:17', '2024-04-20 07:56:17', 5, 1),
(242, 'Application of AI in Robotics and Automation', 0, '2024-04-20 07:56:17', '2024-04-20 07:56:17', 5, 1),
(243, 'Application of AI in Robotics and Automation Lab', 1, '2024-04-20 07:56:17', '2024-04-20 07:56:17', 5, 1),
(244, 'Applied Mathematics for Robotics', 0, '2024-04-20 07:56:17', '2024-04-20 07:56:17', 5, 1),
(245, 'Hydraulics and Pneumatics for Robots', 0, '2024-04-20 07:56:17', '2024-04-20 07:56:17', 5, 1),
(246, 'Hydraulics and Pneumatics for Robots Lab', 1, '2024-04-20 07:56:17', '2024-04-20 07:56:17', 5, 1),
(247, 'Entrepreneurship Venture', 0, '2024-04-20 07:56:17', '2024-04-20 07:56:17', 5, 1),
(248, 'Foundation of Ethics', 0, '2024-04-20 07:56:17', '2024-04-20 07:56:17', 5, 2),
(249, 'Introduction to Indian Philosophy', 0, '2024-04-20 07:56:17', '2024-04-20 07:56:17', 5, 2),
(250, 'Flexi Credit Course Programming with JAVA  Theory', 0, '2024-04-20 07:56:17', '2024-04-20 07:56:17', 17, 1),
(251, 'Flexi Credit CourseProgramming with JAVA Lab', 1, '2024-04-20 07:56:17', '2024-04-20 07:56:17', 17, 1),
(252, 'Supervised Machine Learning Theory', 0, '2024-04-20 07:56:17', '2024-04-20 07:56:17', 17, 1),
(253, 'Supervised Machine Learning Lab', 1, '2024-04-20 07:56:17', '2024-04-20 07:56:17', 17, 1),
(254, 'Unsupervised Learning Theory', 0, '2024-04-20 07:56:17', '2024-04-20 07:56:17', 17, 1),
(255, 'Unsupervised Learning Lab', 1, '2024-04-20 07:56:17', '2024-04-20 07:56:17', 17, 1),
(256, 'AI Ethics Theory', 0, '2024-04-20 07:56:17', '2024-04-20 07:56:17', 17, 1),
(257, 'Optimization Techniques for Machine Learning Theory', 0, '2024-04-20 07:56:17', '2024-04-20 07:56:17', 17, 1),
(258, 'Discrete Mathematics', 0, '2024-04-20 07:56:17', '2024-04-20 07:56:17', 17, 1),
(259, 'Discrete Mathematics Tut', 0, '2024-04-20 07:56:17', '2024-04-20 07:56:17', 17, 1),
(260, 'Principle of Economics Theory', 0, '2024-04-20 07:56:17', '2024-04-20 07:56:17', 17, 1),
(261, 'Basic German I', 0, '2024-04-20 07:56:17', '2024-04-20 07:56:17', 17, 2),
(262, 'Basic French I', 0, '2024-04-20 07:56:17', '2024-04-20 07:56:17', 17, 2),
(263, 'Generative Adversarial Networks GAN Theory', 0, '2024-04-20 07:56:17', '2024-04-20 07:56:17', 18, 1),
(264, 'Generative Adversarial Networks Lab GAN', 1, '2024-04-20 07:56:17', '2024-04-20 07:56:17', 18, 1),
(265, 'Reinforcement Learning Theory', 0, '2024-04-20 07:56:17', '2024-04-20 07:56:17', 18, 1),
(266, 'Reinforcement Learning Lab', 1, '2024-04-20 07:56:17', '2024-04-20 07:56:17', 18, 1),
(267, 'Computer Vision Theory', 0, '2024-04-20 07:56:17', '2024-04-20 07:56:17', 18, 1),
(268, 'Computer Vision Lab', 1, '2024-04-20 07:56:17', '2024-04-20 07:56:17', 18, 1),
(269, 'Full stack development Theory', 0, '2024-04-20 07:56:17', '2024-04-20 07:56:17', 18, 1),
(270, 'Full stack development Lab', 1, '2024-04-20 07:56:17', '2024-04-20 07:56:17', 18, 1),
(271, 'Organizatonal Behaviour Theory', 0, '2024-04-20 07:56:17', '2024-04-20 07:56:17', 18, 1),
(272, 'Open Source Technologies', 0, '2024-04-20 07:56:17', '2024-04-20 07:56:17', 18, 2),
(273, 'Introduction To Big Data', 0, '2024-04-20 07:56:17', '2024-04-20 07:56:17', 18, 2),
(274, 'Capstone course Theory', 0, '2024-04-20 07:56:17', '2024-04-20 07:56:17', 18, 1),
(275, 'Engineering Mathematics III', 0, '2024-04-20 07:56:17', '2024-04-20 07:56:17', 20, 3),
(276, 'Engineering Mathematics III Tut', 0, '2024-04-20 07:56:17', '2024-04-20 07:56:17', 20, 3),
(277, 'FlexiCredit Course OOPs with JAVA', 0, '2024-04-20 07:56:17', '2024-04-20 07:56:17', 20, 3),
(278, 'Database Management Systems', 0, '2024-04-20 07:56:17', '2024-04-20 07:56:17', 20, 3),
(279, 'Data Base Management Systems Lab', 1, '2024-04-20 07:56:17', '2024-04-20 07:56:17', 20, 3),
(280, 'Operating Systems', 0, '2024-04-20 07:56:17', '2024-04-20 07:56:17', 20, 3),
(281, 'Operating Systems Lab', 1, '2024-04-20 07:56:17', '2024-04-20 07:56:17', 20, 3),
(282, 'Basic French', 0, '2024-04-20 07:56:17', '2024-04-20 07:56:17', 20, 4),
(283, 'Basic German', 0, '2024-04-20 07:56:17', '2024-04-20 07:56:17', 20, 4),
(284, 'Distributed System and Resource Management', 0, '2024-04-20 07:56:17', '2024-04-20 07:56:17', 21, 3),
(285, 'FlexiCredit Course Web  Mobile Application Development', 0, '2024-04-20 07:56:17', '2024-04-20 07:56:17', 21, 3),
(286, 'Design Thinking', 0, '2024-04-20 07:56:17', '2024-04-20 07:56:17', 21, 3),
(287, 'Capstone Course', 0, '2024-04-20 07:56:17', '2024-04-20 07:56:17', 21, 3),
(288, 'Organizational Behaviour', 0, '2024-04-20 07:56:17', '2024-04-20 07:56:17', 21, 3),
(289, 'Data Warehousing and Mining 1', 0, '2024-04-20 07:56:17', '2024-04-20 07:56:17', 21, 4),
(290, 'Data Warehousing and Mining 2', 0, '2024-04-20 07:56:17', '2024-04-20 07:56:17', 21, 4),
(291, 'Data Warehousing and Mining Lab 1', 1, '2024-04-20 07:56:17', '2024-04-20 07:56:17', 21, 4),
(292, 'Data Warehousing and Mining Lab 2', 1, '2024-04-20 07:56:17', '2024-04-20 07:56:17', 21, 4),
(293, 'Internet of Things 1', 0, '2024-04-20 07:56:17', '2024-04-20 07:56:17', 21, 4),
(294, 'Internet of Things Lab 1', 1, '2024-04-20 07:56:17', '2024-04-20 07:56:17', 21, 4),
(295, 'Image Processing 1', 0, '2024-04-20 07:56:17', '2024-04-20 07:56:17', 21, 4),
(296, 'Image Processing Lab 1', 1, '2024-04-20 07:56:17', '2024-04-20 07:56:17', 21, 4),
(297, 'Artificial Intelligence 1', 0, '2024-04-20 07:56:17', '2024-04-20 07:56:17', 21, 4),
(298, 'Artificial Intelligence Lab 2', 1, '2024-04-20 07:56:17', '2024-04-20 07:56:17', 21, 4),
(299, 'Artificial Intelligence Lab 5', 1, '2024-04-20 07:56:17', '2024-04-20 07:56:17', 21, 4),
(300, 'Artificial Intelligence Lab 3', 1, '2024-04-20 07:56:17', '2024-04-20 07:56:17', 21, 4),
(301, 'Human Computer Interface 1', 0, '2024-04-20 07:56:17', '2024-04-20 07:56:17', 21, 4),
(302, 'Human Computer Interface Lab 1', 1, '2024-04-20 07:56:17', '2024-04-20 07:56:17', 21, 4),
(303, 'Advanced Algorithms 1', 0, '2024-04-20 07:56:17', '2024-04-20 07:56:17', 21, 4),
(304, 'Advanced Algorithms Lab 1', 1, '2024-04-20 07:56:17', '2024-04-20 07:56:17', 21, 4),
(305, 'Advanced Algorithms Lab 2', 1, '2024-04-20 07:56:17', '2024-04-20 07:56:17', 21, 4),
(306, 'Introduction to Big Data 1', 0, '2024-04-20 07:56:17', '2024-04-20 07:56:17', 21, 4),
(307, 'Introduction to Big Data 2', 0, '2024-04-20 07:56:17', '2024-04-20 07:56:17', 21, 4),
(308, 'Open Source Technology 1', 0, '2024-04-20 07:56:17', '2024-04-20 07:56:17', 21, 4),
(309, 'Open Source Technology 2', 0, '2024-04-20 07:56:17', '2024-04-20 07:56:17', 21, 4),
(310, 'Open Source Technology 3', 0, '2024-04-20 07:56:17', '2024-04-20 07:56:17', 21, 4),
(311, 'Data Warehousing and Mining Lab 3', 1, '2024-04-20 07:56:17', '2024-04-20 07:56:17', 21, 4),
(312, 'Data Warehousing and Mining Lab 4', 1, '2024-04-20 07:56:17', '2024-04-20 07:56:17', 21, 4),
(313, 'Internet of Things Lab 2', 1, '2024-04-20 07:56:17', '2024-04-20 07:56:17', 21, 4),
(314, 'Internet of Things Lab 3', 1, '2024-04-20 07:56:17', '2024-04-20 07:56:17', 21, 4),
(315, 'Artificial Intelligence Lab 4', 1, '2024-04-20 07:56:17', '2024-04-20 07:56:17', 21, 4),
(316, 'Advanced Algorithms Lab 3', 1, '2024-04-20 07:56:17', '2024-04-20 07:56:17', 21, 4),
(317, 'Advanced Algorithms Lab 4', 1, '2024-04-20 07:56:17', '2024-04-20 07:56:17', 21, 4),
(318, 'Artificial Intelligence Lab 1', 1, '2024-04-20 07:56:17', '2024-04-20 07:56:17', 21, 4),
(319, 'Service Learning', 0, '2024-04-20 07:56:17', '2024-04-20 07:56:17', 26, 3),
(320, 'Statistics Probability and Numerical Methods SPNM', 0, '2024-04-20 07:56:17', '2024-04-20 07:56:17', 26, 3),
(321, 'Statistics Probability and Numerical Methods Lab SPNM Lab', 1, '2024-04-20 07:56:17', '2024-04-20 07:56:17', 26, 3),
(322, 'Computer Aided Structural Analysis I CASA', 0, '2024-04-20 07:56:17', '2024-04-20 07:56:17', 26, 3),
(323, 'Princples of Economics  POE', 0, '2024-04-20 07:56:17', '2024-04-20 07:56:17', 26, 3),
(324, 'Open Channel Flow OCF', 0, '2024-04-20 07:56:17', '2024-04-20 07:56:17', 26, 3),
(325, 'Open Channel Flow Simulation Lab OCFS Lab', 1, '2024-04-20 07:56:17', '2024-04-20 07:56:17', 26, 3),
(326, 'Geotechnical Engineering GE', 0, '2024-04-20 07:56:17', '2024-04-20 07:56:17', 26, 3),
(327, 'Geotechnical Engineering Lab GE Lab', 1, '2024-04-20 07:56:17', '2024-04-20 07:56:17', 26, 3),
(328, 'Entrepreneurship Venture', 0, '2024-04-20 07:56:17', '2024-04-20 07:56:17', 26, 3),
(329, 'Foundation of Ethics', 0, '2024-04-20 07:56:17', '2024-04-20 07:56:17', 26, 4),
(330, 'Introduction to Indian Philosophy', 0, '2024-04-20 07:56:17', '2024-04-20 07:56:17', 26, 4),
(331, 'Environmental Engineering II EE II', 0, '2024-04-20 07:56:17', '2024-04-20 07:56:17', 27, 3),
(332, 'FlexiCredit Course', 0, '2024-04-20 07:56:17', '2024-04-20 07:56:17', 27, 3),
(333, 'Structural DesignII SD II', 0, '2024-04-20 07:56:17', '2024-04-20 07:56:17', 27, 3),
(334, 'Capstone Course', 0, '2024-04-20 07:56:17', '2024-04-20 07:56:17', 27, 3),
(335, 'FlexiCredit Course Lab', 1, '2024-04-20 07:56:17', '2024-04-20 07:56:17', 27, 3),
(336, 'Principal of Economics POE', 0, '2024-04-20 07:56:17', '2024-04-20 07:56:17', 27, 3),
(337, 'Bridge Engineering', 0, '2024-04-20 07:56:17', '2024-04-20 07:56:17', 27, 4),
(338, 'Introduction To Remote Sensing And Gis', 0, '2024-04-20 07:56:17', '2024-04-20 07:56:17', 27, 4),
(339, 'Environmental Systems Lab', 1, '2024-04-20 07:56:17', '2024-04-20 07:56:17', 27, 4),
(340, '3d Printing And Prototyping', 0, '2024-04-20 07:56:17', '2024-04-20 07:56:17', 27, 4),
(341, 'Project Management', 0, '2024-04-20 07:56:17', '2024-04-20 07:56:17', 27, 4),
(342, 'Control Systems', 0, '2024-04-20 07:56:17', '2024-04-20 07:56:17', 32, 3),
(343, 'Control Systems Lab', 1, '2024-04-20 07:56:17', '2024-04-20 07:56:17', 32, 3),
(344, 'Electromagnetic Field Theory', 0, '2024-04-20 07:56:17', '2024-04-20 07:56:17', 32, 3),
(345, 'Analog Circuit Design', 0, '2024-04-20 07:56:17', '2024-04-20 07:56:17', 32, 3),
(346, 'Analog Circuit Design Lab', 1, '2024-04-20 07:56:17', '2024-04-20 07:56:17', 32, 3),
(347, 'Principles of Communication', 0, '2024-04-20 07:56:17', '2024-04-20 07:56:17', 32, 3),
(348, 'Principles of Communication Lab', 1, '2024-04-20 07:56:17', '2024-04-20 07:56:17', 32, 3),
(349, 'Entrepreneurship Venture', 0, '2024-04-20 07:56:17', '2024-04-20 07:56:17', 32, 3),
(350, 'Service Learning', 0, '2024-04-20 07:56:17', '2024-04-20 07:56:17', 32, 3),
(351, 'Hardware Interfacing and Sensor Integration', 0, '2024-04-20 07:56:17', '2024-04-20 07:56:17', 32, 3),
(352, 'Hardware Interfacing and Sensor Integration Lab', 1, '2024-04-20 07:56:17', '2024-04-20 07:56:17', 32, 3),
(353, 'Introduction to Indian Philosophy', 0, '2024-04-20 07:56:17', '2024-04-20 07:56:17', 32, 4),
(354, 'Foundation of Ethics', 0, '2024-04-20 07:56:17', '2024-04-20 07:56:17', 32, 4),
(355, 'Computer Networks', 0, '2024-04-20 07:56:17', '2024-04-20 07:56:17', 33, 3),
(356, 'Computer Networks Lab', 1, '2024-04-20 07:56:17', '2024-04-20 07:56:17', 33, 3),
(357, 'Electronic Design Workshop', 0, '2024-04-20 07:56:17', '2024-04-20 07:56:17', 33, 3),
(358, 'Capstone Course', 0, '2024-04-20 07:56:17', '2024-04-20 07:56:17', 33, 3),
(359, 'Principles of Economics', 0, '2024-04-20 07:56:17', '2024-04-20 07:56:17', 33, 3),
(360, 'Digital Design with Verilog', 0, '2024-04-20 07:56:17', '2024-04-20 07:56:17', 33, 3),
(361, 'Digital Design with Verilog Lab', 1, '2024-04-20 07:56:17', '2024-04-20 07:56:17', 33, 3),
(362, 'Digital Image Processing', 0, '2024-04-20 07:56:17', '2024-04-20 07:56:17', 33, 4),
(363, 'Digital Image Processing Lab', 1, '2024-04-20 07:56:17', '2024-04-20 07:56:17', 33, 4),
(364, 'Microwaves and Radar', 0, '2024-04-20 07:56:17', '2024-04-20 07:56:17', 33, 4),
(365, 'Microwaves and Radar Lab', 1, '2024-04-20 07:56:17', '2024-04-20 07:56:17', 33, 4),
(366, 'Embedded System Design', 0, '2024-04-20 07:56:17', '2024-04-20 07:56:17', 33, 4),
(367, 'Embedded System Design Lab', 1, '2024-04-20 07:56:17', '2024-04-20 07:56:17', 33, 4),
(368, 'Digital CMOS VLSI Design', 0, '2024-04-20 07:56:17', '2024-04-20 07:56:17', 33, 4),
(369, 'CAD for VLSI Design Lab', 1, '2024-04-20 07:56:17', '2024-04-20 07:56:17', 33, 4),
(370, 'Project Management', 0, '2024-04-20 07:56:17', '2024-04-20 07:56:17', 33, 4),
(371, 'Java', 0, '2024-04-20 07:56:17', '2024-04-20 07:56:17', 33, 4),
(372, 'Introduction to Data Science', 0, '2024-04-20 07:56:17', '2024-04-20 07:56:17', 33, 4),
(373, 'Introduction To Ai & Ml', 0, '2024-04-20 07:56:17', '2024-04-20 07:56:17', 33, 4),
(374, 'Project Based LearningIII', 0, '2024-04-20 07:56:17', '2024-04-20 07:56:17', 33, 3),
(375, 'MathematicsII', 0, '2024-04-20 07:56:17', '2024-04-20 07:56:17', 19, 3),
(376, 'MathematicsTutII', 0, '2024-04-20 07:56:17', '2024-04-20 07:56:17', 19, 3),
(377, 'Physics', 0, '2024-04-20 07:56:17', '2024-04-20 07:56:17', 19, 3),
(378, 'Physics Lab', 1, '2024-04-20 07:56:17', '2024-04-20 07:56:17', 19, 3),
(379, 'Communication skill', 0, '2024-04-20 07:56:17', '2024-04-20 07:56:17', 19, 3),
(380, 'Communication skill Lab', 1, '2024-04-20 07:56:17', '2024-04-20 07:56:17', 19, 3),
(381, 'Programming in C', 0, '2024-04-20 07:56:17', '2024-04-20 07:56:17', 19, 3),
(382, 'Programming in C Lab', 1, '2024-04-20 07:56:17', '2024-04-20 07:56:17', 19, 3),
(383, 'Creative Thinking', 0, '2024-04-20 07:56:17', '2024-04-20 07:56:17', 19, 3),
(384, 'Stattistics and Probability', 0, '2024-04-20 07:56:17', '2024-04-20 07:56:17', 19, 3),
(385, 'Environmental Science', 0, '2024-04-20 07:56:17', '2024-04-20 07:56:17', 19, 3),
(386, 'MathematicsII Tut', 0, '2024-04-20 07:56:17', '2024-04-20 07:56:17', 19, 3),
(387, 'Physics for Computer Engineers', 0, '2024-04-20 07:56:17', '2024-04-20 07:56:17', 19, 3),
(388, 'Communication Skills', 0, '2024-04-20 07:56:17', '2024-04-20 07:56:17', 19, 3),
(389, 'Communication Skills Lab', 1, '2024-04-20 07:56:17', '2024-04-20 07:56:17', 19, 3),
(390, 'Stattistics and Probability Tut', 0, '2024-04-20 07:56:17', '2024-04-20 07:56:17', 19, 3),
(391, 'Statistics and Probability', 0, '2024-04-20 07:56:17', '2024-04-20 07:56:17', 19, 3),
(392, 'Calculus', 0, '2024-04-20 07:56:17', '2024-04-20 07:56:17', 34, 3),
(393, 'Calculus Tut II', 0, '2024-04-20 07:56:17', '2024-04-20 07:56:17', 34, 3),
(394, 'Physics', 0, '2024-04-20 07:56:17', '2024-04-20 07:56:17', 34, 3),
(395, 'Physics Lab', 1, '2024-04-20 07:56:17', '2024-04-20 07:56:17', 34, 3),
(396, 'Prgramming in C', 0, '2024-04-20 07:56:17', '2024-04-20 07:56:17', 34, 3),
(397, 'Programming in C Lab', 1, '2024-04-20 07:56:17', '2024-04-20 07:56:17', 34, 3),
(398, 'Communication Skills', 0, '2024-04-20 07:56:17', '2024-04-20 07:56:17', 34, 3),
(399, 'Communication Skills Lab', 1, '2024-04-20 07:56:17', '2024-04-20 07:56:17', 34, 3),
(400, 'Creative Thinking', 0, '2024-04-20 07:56:17', '2024-04-20 07:56:17', 34, 3),
(401, 'Statistics for Data Science', 0, '2024-04-20 07:56:17', '2024-04-20 07:56:17', 34, 3),
(402, 'Statistics for Data ScienceTut II', 0, '2024-04-20 07:56:17', '2024-04-20 07:56:17', 34, 3),
(403, 'Software Tools for Artificial Intelligence and Machine learning', 0, '2024-04-20 07:56:17', '2024-04-20 07:56:17', 34, 3),
(404, 'Environmental Science', 0, '2024-04-20 07:56:17', '2024-04-20 07:56:17', 34, 3),
(405, 'MathematicsII', 0, '2024-04-20 07:56:17', '2024-04-20 07:56:17', 31, 3),
(406, 'MAII Tut', 0, '2024-04-20 07:56:17', '2024-04-20 07:56:17', 31, 3),
(407, 'Fundamentals of Electrical and Electronics Engineering', 0, '2024-04-20 07:56:17', '2024-04-20 07:56:17', 31, 3),
(408, 'Fundamentals of Electrical and Electronics Engineering Lab', 1, '2024-04-20 07:56:17', '2024-04-20 07:56:17', 31, 3),
(409, 'Chemistry', 0, '2024-04-20 07:56:17', '2024-04-20 07:56:17', 31, 3),
(410, 'Chemistry Lab', 1, '2024-04-20 07:56:17', '2024-04-20 07:56:17', 31, 3),
(411, 'Programing and Problem Solving', 0, '2024-04-20 07:56:17', '2024-04-20 07:56:17', 31, 3),
(412, 'Programing and Problem Solving lab', 1, '2024-04-20 07:56:17', '2024-04-20 07:56:17', 31, 3),
(413, 'Engineering Graphics Lab', 1, '2024-04-20 07:56:17', '2024-04-20 07:56:17', 31, 3),
(414, 'Critical Thinking', 0, '2024-04-20 07:56:17', '2024-04-20 07:56:17', 31, 3),
(415, 'Data Analytics with Excel', 0, '2024-04-20 07:56:17', '2024-04-20 07:56:17', 31, 3),
(416, 'Tinker Lab', 1, '2024-04-20 07:56:17', '2024-04-20 07:56:17', 31, 3),
(417, 'FFL', 0, '2024-04-20 07:56:17', '2024-04-20 07:56:17', 31, 3),
(418, 'MathematicsII Tut', 0, '2024-04-20 07:56:17', '2024-04-20 07:56:17', 31, 3),
(419, 'Fundamental of Electical and Electronics Engineering', 0, '2024-04-20 07:56:17', '2024-04-20 07:56:17', 31, 3),
(420, 'Fundamental of Electical and Electronics Engineering Lab', 1, '2024-04-20 07:56:17', '2024-04-20 07:56:17', 31, 3),
(421, 'Programming and Problem Solving', 0, '2024-04-20 07:56:17', '2024-04-20 07:56:17', 31, 3),
(422, 'Programming and Problem Solving Lab', 1, '2024-04-20 07:56:17', '2024-04-20 07:56:17', 31, 3),
(423, 'Fitness For Life', 0, '2024-04-20 07:56:17', '2024-04-20 07:56:17', 31, 3),
(424, 'MAII Mathematics', 0, '2024-04-20 07:56:17', '2024-04-20 07:56:17', 22, 3),
(425, 'MAII MathematicsTut', 0, '2024-04-20 07:56:17', '2024-04-20 07:56:17', 22, 3),
(426, 'Chemistry', 0, '2024-04-20 07:56:17', '2024-04-20 07:56:17', 22, 3),
(427, 'Chemistry Lab', 1, '2024-04-20 07:56:17', '2024-04-20 07:56:17', 22, 3),
(428, 'Basic Electrical and Electronics Engineering', 0, '2024-04-20 07:56:17', '2024-04-20 07:56:17', 22, 3),
(429, 'Basic Electrical and Electronics Engineering lab', 1, '2024-04-20 07:56:17', '2024-04-20 07:56:17', 22, 3),
(430, 'Engineering Graphics', 0, '2024-04-20 07:56:17', '2024-04-20 07:56:17', 22, 3),
(431, 'Engineering Graphics Lab', 1, '2024-04-20 07:56:17', '2024-04-20 07:56:17', 22, 3),
(432, 'Software Tools for Robotics', 0, '2024-04-20 07:56:17', '2024-04-20 07:56:17', 22, 3),
(433, 'Critical Thinking', 0, '2024-04-20 07:56:17', '2024-04-20 07:56:17', 22, 3),
(434, 'Fitness For Life', 0, '2024-04-20 07:56:17', '2024-04-20 07:56:17', 22, 3),
(435, 'Tinker Lab', 1, '2024-04-20 07:56:17', '2024-04-20 07:56:17', 22, 3),
(436, 'Engineering Mathematics II', 0, '2024-04-20 07:56:17', '2024-04-20 07:56:17', 28, 3),
(437, 'Engineering Mathematics II Tut', 0, '2024-04-20 07:56:17', '2024-04-20 07:56:17', 28, 3),
(438, 'Chemistry', 0, '2024-04-20 07:56:17', '2024-04-20 07:56:17', 28, 3),
(439, 'Chemistry Lab', 1, '2024-04-20 07:56:17', '2024-04-20 07:56:17', 28, 3),
(440, 'Basic Electrical and Electronics Engineering', 0, '2024-04-20 07:56:17', '2024-04-20 07:56:17', 28, 3),
(441, 'Basic Electrical and Electronics Engineering lab', 1, '2024-04-20 07:56:17', '2024-04-20 07:56:17', 28, 3),
(442, 'Engineering Mechanics', 0, '2024-04-20 07:56:17', '2024-04-20 07:56:17', 28, 3),
(443, 'Engineering Mechanics Lab', 1, '2024-04-20 07:56:17', '2024-04-20 07:56:17', 28, 3),
(444, 'Software Tools for Mechanical engineering', 0, '2024-04-20 07:56:17', '2024-04-20 07:56:17', 28, 3),
(445, 'Fitness For Life', 0, '2024-04-20 07:56:17', '2024-04-20 07:56:17', 28, 3),
(446, 'Critical Thinking', 0, '2024-04-20 07:56:17', '2024-04-20 07:56:17', 28, 3),
(447, 'Tinker Lab', 1, '2024-04-20 07:56:17', '2024-04-20 07:56:17', 28, 3),
(448, 'Engineering MathematicsII', 0, '2024-04-20 07:56:17', '2024-04-20 07:56:17', 25, 3),
(449, 'Engineering MathematicsII Tut', 0, '2024-04-20 07:56:17', '2024-04-20 07:56:17', 25, 3),
(450, 'Chemistry', 0, '2024-04-20 07:56:17', '2024-04-20 07:56:17', 25, 3),
(451, 'Chemistry Lab', 1, '2024-04-20 07:56:17', '2024-04-20 07:56:17', 25, 3),
(452, 'Digital Land Surveying and Mapping', 0, '2024-04-20 07:56:17', '2024-04-20 07:56:17', 25, 3),
(453, 'Digital Land Surveying and Mapping Lab', 1, '2024-04-20 07:56:17', '2024-04-20 07:56:17', 25, 3),
(454, 'Indroduction to Python Programming Lab', 1, '2024-04-20 07:56:17', '2024-04-20 07:56:17', 25, 3),
(455, 'Building Construction Technology', 0, '2024-04-20 07:56:17', '2024-04-20 07:56:17', 25, 3),
(456, 'Basic of Sensors and Microcontrollers', 0, '2024-04-20 07:56:17', '2024-04-20 07:56:17', 25, 3),
(457, 'Basic of Sensors and Microcontrollers Lab', 1, '2024-04-20 07:56:17', '2024-04-20 07:56:17', 25, 3),
(458, 'Software Tools for Civil Engineers', 0, '2024-04-20 07:56:17', '2024-04-20 07:56:17', 25, 3),
(459, 'Critical Thinking', 0, '2024-04-20 07:56:17', '2024-04-20 07:56:17', 25, 3),
(460, 'Fitness For Life', 0, '2024-04-20 07:56:17', '2024-04-20 07:56:17', 25, 3),
(461, 'Tinker Lab', 1, '2024-04-20 07:56:17', '2024-04-20 07:56:17', 25, 3),
(462, 'CADCAM', 0, '2024-04-20 07:56:17', '2024-04-20 07:56:17', 30, 3),
(463, 'FCC H', 0, '2024-04-20 07:56:17', '2024-04-20 07:56:17', 30, 3),
(464, 'Project Based LearningII PBL II', 0, '2024-04-20 07:56:17', '2024-04-20 07:56:17', 30, 3),
(465, 'Capstone Course CC', 0, '2024-04-20 07:56:17', '2024-04-20 07:56:17', 30, 3),
(466, 'Principles of Economics PoE', 0, '2024-04-20 07:56:17', '2024-04-20 07:56:17', 30, 3),
(467, 'CADCAM Lab', 1, '2024-04-20 07:56:17', '2024-04-20 07:56:17', 30, 3),
(468, 'Finite Element Methods', 0, '2024-04-20 07:56:17', '2024-04-20 07:56:17', 30, 4),
(469, 'Jigs and Fixtures', 0, '2024-04-20 07:56:17', '2024-04-20 07:56:17', 30, 4),
(470, 'Finite Element Methods Lab', 1, '2024-04-20 07:56:17', '2024-04-20 07:56:17', 30, 4),
(471, 'Jigs and Fixtures Lab', 1, '2024-04-20 07:56:17', '2024-04-20 07:56:17', 30, 4),
(472, 'Power Plant Engineering', 0, '2024-04-20 07:56:17', '2024-04-20 07:56:17', 30, 4),
(473, 'Operations Research', 0, '2024-04-20 07:56:17', '2024-04-20 07:56:17', 30, 4),
(474, 'Java', 0, '2024-04-20 07:56:17', '2024-04-20 07:56:17', 30, 4),
(475, 'Introduction to Data Science', 0, '2024-04-20 07:56:17', '2024-04-20 07:56:17', 30, 4),
(476, '3D Printing and Prototyping', 0, '2024-04-20 07:56:17', '2024-04-20 07:56:17', 30, 4),
(477, 'Project management', 0, '2024-04-20 07:56:17', '2024-04-20 07:56:17', 30, 4),
(478, 'Composite Materials', 0, '2024-04-20 07:56:17', '2024-04-20 07:56:17', 30, 4),
(479, 'Engineering Design Optimization', 0, '2024-04-20 07:56:17', '2024-04-20 07:56:17', 30, 4),
(480, 'Computer Aided Design II Lab', 1, '2024-04-20 07:56:17', '2024-04-20 07:56:17', 30, 4),
(481, 'Computer Aided Manufacturing Lab', 1, '2024-04-20 07:56:17', '2024-04-20 07:56:17', 30, 4),
(482, 'Structural Dynamics and Non Linear Analysis Lab', 1, '2024-04-20 07:56:17', '2024-04-20 07:56:17', 30, 4),
(483, 'AI and ML for Smart Manufacturing', 0, '2024-04-20 07:56:17', '2024-04-20 07:56:17', 30, 4),
(484, 'Industrial Internet of Things', 0, '2024-04-20 07:56:17', '2024-04-20 07:56:17', 30, 4),
(485, 'Machine Learning and Artificial Intelligence Lab', 1, '2024-04-20 07:56:17', '2024-04-20 07:56:17', 30, 4),
(486, 'Service Learning', 0, '2024-04-20 07:56:17', '2024-04-20 07:56:17', 29, 3),
(487, 'Statistics Probability and Numerical Methods SPNM', 0, '2024-04-20 07:56:17', '2024-04-20 07:56:17', 29, 3),
(488, 'Statistics Probability and Numerical Methods Lab SPNM Lab', 1, '2024-04-20 07:56:17', '2024-04-20 07:56:17', 29, 3),
(489, 'Fluid Mechanics FM', 0, '2024-04-20 07:56:17', '2024-04-20 07:56:17', 29, 3),
(490, 'Fluid Mechanics Lab FM Lab', 1, '2024-04-20 07:56:17', '2024-04-20 07:56:17', 29, 3),
(491, 'Measurement and Metrology MM', 0, '2024-04-20 07:56:17', '2024-04-20 07:56:17', 29, 3),
(492, 'Measurement and Metrology Lab MM Lab', 1, '2024-04-20 07:56:17', '2024-04-20 07:56:17', 29, 3),
(493, 'Theory of Machines  I TOM I', 0, '2024-04-20 07:56:17', '2024-04-20 07:56:17', 29, 3),
(494, 'Theory of Machines  I LAb TOM I Lab', 1, '2024-04-20 07:56:17', '2024-04-20 07:56:17', 29, 3),
(495, 'Entrepreneurship Venture', 0, '2024-04-20 07:56:17', '2024-04-20 07:56:17', 29, 3),
(496, 'Introduction to Artificial Intelligence', 0, '2024-04-20 07:56:17', '2024-04-20 07:56:17', 29, 3),
(497, 'Foundation of Ethics', 0, '2024-04-20 07:56:17', '2024-04-20 07:56:17', 29, 4),
(498, 'Robotics Operating System', 0, '2024-04-20 07:56:17', '2024-04-20 07:56:17', 24, 3),
(499, 'Robotics Operating System Lab', 1, '2024-04-20 07:56:17', '2024-04-20 07:56:17', 24, 3),
(500, 'PLC and SCADA', 0, '2024-04-20 07:56:17', '2024-04-20 07:56:17', 24, 3),
(501, 'PLC and SCADA Lab', 1, '2024-04-20 07:56:17', '2024-04-20 07:56:17', 24, 3),
(502, 'Database Management and Warehousing', 0, '2024-04-20 07:56:17', '2024-04-20 07:56:17', 24, 3),
(503, 'Principles of Economics', 0, '2024-04-20 07:56:17', '2024-04-20 07:56:17', 24, 3),
(504, 'Path Planning and Reinforcement Learning', 0, '2024-04-20 07:56:17', '2024-04-20 07:56:17', 24, 4),
(505, 'Path Planning and Reinforcement Learning Lab', 1, '2024-04-20 07:56:17', '2024-04-20 07:56:17', 24, 4),
(506, 'Introduction to AI and Machine Learning', 0, '2024-04-20 07:56:17', '2024-04-20 07:56:17', 24, 4),
(507, 'Introduction to Data Science', 0, '2024-04-20 07:56:17', '2024-04-20 07:56:17', 24, 4),
(508, 'Java', 0, '2024-04-20 07:56:17', '2024-04-20 07:56:17', 24, 4),
(509, 'Project Management', 0, '2024-04-20 07:56:17', '2024-04-20 07:56:17', 24, 4),
(510, '3D Printing and Prototyping', 0, '2024-04-20 07:56:17', '2024-04-20 07:56:17', 24, 4),
(511, 'Service Learning', 0, '2024-04-20 07:56:17', '2024-04-20 07:56:17', 23, 3),
(512, 'Robotic Control Systems', 0, '2024-04-20 07:56:17', '2024-04-20 07:56:17', 23, 3),
(513, 'Robotic Control Systems Lab', 1, '2024-04-20 07:56:17', '2024-04-20 07:56:17', 23, 3),
(514, 'Kinematics and Dynamics of Robotics', 0, '2024-04-20 07:56:17', '2024-04-20 07:56:17', 23, 3),
(515, 'Kinematics and Dynamics of Robotics Lab', 1, '2024-04-20 07:56:17', '2024-04-20 07:56:17', 23, 3),
(516, 'Application of AI in Robotics and Automation', 0, '2024-04-20 07:56:17', '2024-04-20 07:56:17', 23, 3),
(517, 'Application of AI in Robotics and Automation Lab', 1, '2024-04-20 07:56:17', '2024-04-20 07:56:17', 23, 3),
(518, 'Applied Mathematics for Robotics', 0, '2024-04-20 07:56:17', '2024-04-20 07:56:17', 23, 3),
(519, 'Hydraulics and Pneumatics for Robots', 0, '2024-04-20 07:56:17', '2024-04-20 07:56:17', 23, 3),
(520, 'Hydraulics and Pneumatics for Robots Lab', 1, '2024-04-20 07:56:17', '2024-04-20 07:56:17', 23, 3),
(521, 'Entrepreneurship Venture', 0, '2024-04-20 07:56:17', '2024-04-20 07:56:17', 23, 3),
(522, 'Foundation of Ethics', 0, '2024-04-20 07:56:17', '2024-04-20 07:56:17', 23, 4),
(523, 'Introduction to Indian Philosophy', 0, '2024-04-20 07:56:17', '2024-04-20 07:56:17', 23, 4),
(524, 'Flexi Credit Course Programming with JAVA  Theory', 0, '2024-04-20 07:56:17', '2024-04-20 07:56:17', 35, 3),
(525, 'Flexi Credit CourseProgramming with JAVA Lab', 1, '2024-04-20 07:56:17', '2024-04-20 07:56:17', 35, 3),
(526, 'Supervised Machine Learning Theory', 0, '2024-04-20 07:56:17', '2024-04-20 07:56:17', 35, 3),
(527, 'Supervised Machine Learning Lab', 1, '2024-04-20 07:56:17', '2024-04-20 07:56:17', 35, 3),
(528, 'Unsupervised Learning Theory', 0, '2024-04-20 07:56:17', '2024-04-20 07:56:17', 35, 3),
(529, 'Unsupervised Learning Lab', 1, '2024-04-20 07:56:17', '2024-04-20 07:56:17', 35, 3),
(530, 'AI Ethics Theory', 0, '2024-04-20 07:56:17', '2024-04-20 07:56:17', 35, 3),
(531, 'Optimization Techniques for Machine Learning Theory', 0, '2024-04-20 07:56:17', '2024-04-20 07:56:17', 35, 3),
(532, 'Discrete Mathematics', 0, '2024-04-20 07:56:17', '2024-04-20 07:56:17', 35, 3),
(533, 'Discrete Mathematics Tut', 0, '2024-04-20 07:56:17', '2024-04-20 07:56:17', 35, 3),
(534, 'Principle of Economics Theory', 0, '2024-04-20 07:56:17', '2024-04-20 07:56:17', 35, 3),
(535, 'Basic German I', 0, '2024-04-20 07:56:17', '2024-04-20 07:56:17', 35, 4),
(536, 'Basic French I', 0, '2024-04-20 07:56:17', '2024-04-20 07:56:17', 35, 4),
(537, 'Generative Adversarial Networks GAN Theory', 0, '2024-04-20 07:56:17', '2024-04-20 07:56:17', 36, 3),
(538, 'Generative Adversarial Networks Lab GAN', 1, '2024-04-20 07:56:17', '2024-04-20 07:56:17', 36, 3),
(539, 'Reinforcement Learning Theory', 0, '2024-04-20 07:56:17', '2024-04-20 07:56:17', 36, 3),
(540, 'Reinforcement Learning Lab', 1, '2024-04-20 07:56:17', '2024-04-20 07:56:17', 36, 3),
(541, 'Computer Vision Theory', 0, '2024-04-20 07:56:17', '2024-04-20 07:56:17', 36, 3),
(542, 'Computer Vision Lab', 1, '2024-04-20 07:56:17', '2024-04-20 07:56:17', 36, 3),
(543, 'Full stack development Theory', 0, '2024-04-20 07:56:17', '2024-04-20 07:56:17', 36, 3),
(544, 'Full stack development Lab', 1, '2024-04-20 07:56:17', '2024-04-20 07:56:17', 36, 3),
(545, 'Organizatonal Behaviour Theory', 0, '2024-04-20 07:56:17', '2024-04-20 07:56:17', 36, 3),
(546, 'Open Source Technologies', 0, '2024-04-20 07:56:17', '2024-04-20 07:56:17', 36, 4),
(547, 'Introduction To Big Data', 0, '2024-04-20 07:56:17', '2024-04-20 07:56:17', 36, 4),
(548, 'Capstone course Theory', 0, '2024-04-20 07:56:17', '2024-04-20 07:56:17', 36, 3),
(549, 'Engineering Mathematics III', 0, '2024-04-20 07:56:17', '2024-04-20 07:56:17', 38, 5),
(550, 'Engineering Mathematics III Tut', 0, '2024-04-20 07:56:17', '2024-04-20 07:56:17', 38, 5),
(551, 'FlexiCredit Course OOPs with JAVA', 0, '2024-04-20 07:56:17', '2024-04-20 07:56:17', 38, 5);
INSERT INTO `subject` (`id`, `subjectName`, `isLab`, `createdAt`, `updatedAt`, `DepartmentId`, `GroupId`) VALUES
(552, 'Database Management Systems', 0, '2024-04-20 07:56:17', '2024-04-20 07:56:17', 38, 5),
(553, 'Data Base Management Systems Lab', 1, '2024-04-20 07:56:17', '2024-04-20 07:56:17', 38, 5),
(554, 'Operating Systems', 0, '2024-04-20 07:56:17', '2024-04-20 07:56:17', 38, 5),
(555, 'Operating Systems Lab', 1, '2024-04-20 07:56:17', '2024-04-20 07:56:17', 38, 5),
(556, 'Basic French', 0, '2024-04-20 07:56:17', '2024-04-20 07:56:17', 38, 6),
(557, 'Basic German', 0, '2024-04-20 07:56:17', '2024-04-20 07:56:17', 38, 6),
(558, 'Distributed System and Resource Management', 0, '2024-04-20 07:56:17', '2024-04-20 07:56:17', 39, 5),
(559, 'FlexiCredit Course Web  Mobile Application Development', 0, '2024-04-20 07:56:17', '2024-04-20 07:56:17', 39, 5),
(560, 'Design Thinking', 0, '2024-04-20 07:56:17', '2024-04-20 07:56:17', 39, 5),
(561, 'Capstone Course', 0, '2024-04-20 07:56:17', '2024-04-20 07:56:17', 39, 5),
(562, 'Organizational Behaviour', 0, '2024-04-20 07:56:17', '2024-04-20 07:56:17', 39, 5),
(563, 'Data Warehousing and Mining 1', 0, '2024-04-20 07:56:17', '2024-04-20 07:56:17', 39, 6),
(564, 'Data Warehousing and Mining 2', 0, '2024-04-20 07:56:17', '2024-04-20 07:56:17', 39, 6),
(565, 'Data Warehousing and Mining Lab 1', 1, '2024-04-20 07:56:17', '2024-04-20 07:56:17', 39, 6),
(566, 'Data Warehousing and Mining Lab 2', 1, '2024-04-20 07:56:17', '2024-04-20 07:56:17', 39, 6),
(567, 'Internet of Things 1', 0, '2024-04-20 07:56:17', '2024-04-20 07:56:17', 39, 6),
(568, 'Internet of Things Lab 1', 1, '2024-04-20 07:56:17', '2024-04-20 07:56:17', 39, 6),
(569, 'Image Processing 1', 0, '2024-04-20 07:56:17', '2024-04-20 07:56:17', 39, 6),
(570, 'Image Processing Lab 1', 1, '2024-04-20 07:56:17', '2024-04-20 07:56:17', 39, 6),
(571, 'Artificial Intelligence 1', 0, '2024-04-20 07:56:17', '2024-04-20 07:56:17', 39, 6),
(572, 'Artificial Intelligence Lab 2', 1, '2024-04-20 07:56:17', '2024-04-20 07:56:17', 39, 6),
(573, 'Artificial Intelligence Lab 5', 1, '2024-04-20 07:56:17', '2024-04-20 07:56:17', 39, 6),
(574, 'Artificial Intelligence Lab 3', 1, '2024-04-20 07:56:17', '2024-04-20 07:56:17', 39, 6),
(575, 'Human Computer Interface 1', 0, '2024-04-20 07:56:17', '2024-04-20 07:56:17', 39, 6),
(576, 'Human Computer Interface Lab 1', 1, '2024-04-20 07:56:17', '2024-04-20 07:56:17', 39, 6),
(577, 'Advanced Algorithms 1', 0, '2024-04-20 07:56:17', '2024-04-20 07:56:17', 39, 6),
(578, 'Advanced Algorithms Lab 1', 1, '2024-04-20 07:56:17', '2024-04-20 07:56:17', 39, 6),
(579, 'Advanced Algorithms Lab 2', 1, '2024-04-20 07:56:17', '2024-04-20 07:56:17', 39, 6),
(580, 'Introduction to Big Data 1', 0, '2024-04-20 07:56:17', '2024-04-20 07:56:17', 39, 6),
(581, 'Introduction to Big Data 2', 0, '2024-04-20 07:56:17', '2024-04-20 07:56:17', 39, 6),
(582, 'Open Source Technology 1', 0, '2024-04-20 07:56:17', '2024-04-20 07:56:17', 39, 6),
(583, 'Open Source Technology 2', 0, '2024-04-20 07:56:17', '2024-04-20 07:56:17', 39, 6),
(584, 'Open Source Technology 3', 0, '2024-04-20 07:56:17', '2024-04-20 07:56:17', 39, 6),
(585, 'Data Warehousing and Mining Lab 3', 1, '2024-04-20 07:56:17', '2024-04-20 07:56:17', 39, 6),
(586, 'Data Warehousing and Mining Lab 4', 1, '2024-04-20 07:56:17', '2024-04-20 07:56:17', 39, 6),
(587, 'Internet of Things Lab 2', 1, '2024-04-20 07:56:17', '2024-04-20 07:56:17', 39, 6),
(588, 'Internet of Things Lab 3', 1, '2024-04-20 07:56:17', '2024-04-20 07:56:17', 39, 6),
(589, 'Artificial Intelligence Lab 4', 1, '2024-04-20 07:56:17', '2024-04-20 07:56:17', 39, 6),
(590, 'Advanced Algorithms Lab 3', 1, '2024-04-20 07:56:17', '2024-04-20 07:56:17', 39, 6),
(591, 'Advanced Algorithms Lab 4', 1, '2024-04-20 07:56:17', '2024-04-20 07:56:17', 39, 6),
(592, 'Artificial Intelligence Lab 1', 1, '2024-04-20 07:56:17', '2024-04-20 07:56:17', 39, 6),
(593, 'Service Learning', 0, '2024-04-20 07:56:17', '2024-04-20 07:56:17', 44, 5),
(594, 'Statistics Probability and Numerical Methods SPNM', 0, '2024-04-20 07:56:17', '2024-04-20 07:56:17', 44, 5),
(595, 'Statistics Probability and Numerical Methods Lab SPNM Lab', 1, '2024-04-20 07:56:17', '2024-04-20 07:56:17', 44, 5),
(596, 'Computer Aided Structural Analysis I CASA', 0, '2024-04-20 07:56:17', '2024-04-20 07:56:17', 44, 5),
(597, 'Princples of Economics  POE', 0, '2024-04-20 07:56:17', '2024-04-20 07:56:17', 44, 5),
(598, 'Open Channel Flow OCF', 0, '2024-04-20 07:56:17', '2024-04-20 07:56:17', 44, 5),
(599, 'Open Channel Flow Simulation Lab OCFS Lab', 1, '2024-04-20 07:56:17', '2024-04-20 07:56:17', 44, 5),
(600, 'Geotechnical Engineering GE', 0, '2024-04-20 07:56:17', '2024-04-20 07:56:17', 44, 5),
(601, 'Geotechnical Engineering Lab GE Lab', 1, '2024-04-20 07:56:17', '2024-04-20 07:56:17', 44, 5),
(602, 'Entrepreneurship Venture', 0, '2024-04-20 07:56:17', '2024-04-20 07:56:17', 44, 5),
(603, 'Foundation of Ethics', 0, '2024-04-20 07:56:17', '2024-04-20 07:56:17', 44, 6),
(604, 'Introduction to Indian Philosophy', 0, '2024-04-20 07:56:17', '2024-04-20 07:56:17', 44, 6),
(605, 'Environmental Engineering II EE II', 0, '2024-04-20 07:56:17', '2024-04-20 07:56:17', 45, 5),
(606, 'FlexiCredit Course', 0, '2024-04-20 07:56:17', '2024-04-20 07:56:17', 45, 5),
(607, 'Structural DesignII SD II', 0, '2024-04-20 07:56:17', '2024-04-20 07:56:17', 45, 5),
(608, 'Capstone Course', 0, '2024-04-20 07:56:17', '2024-04-20 07:56:17', 45, 5),
(609, 'FlexiCredit Course Lab', 1, '2024-04-20 07:56:17', '2024-04-20 07:56:17', 45, 5),
(610, 'Principal of Economics POE', 0, '2024-04-20 07:56:17', '2024-04-20 07:56:17', 45, 5),
(611, 'Bridge Engineering', 0, '2024-04-20 07:56:17', '2024-04-20 07:56:17', 45, 6),
(612, 'Introduction To Remote Sensing And Gis', 0, '2024-04-20 07:56:17', '2024-04-20 07:56:17', 45, 6),
(613, 'Environmental Systems Lab', 1, '2024-04-20 07:56:17', '2024-04-20 07:56:17', 45, 6),
(614, '3d Printing And Prototyping', 0, '2024-04-20 07:56:17', '2024-04-20 07:56:17', 45, 6),
(615, 'Project Management', 0, '2024-04-20 07:56:17', '2024-04-20 07:56:17', 45, 6),
(616, 'Control Systems', 0, '2024-04-20 07:56:17', '2024-04-20 07:56:17', 50, 5),
(617, 'Control Systems Lab', 1, '2024-04-20 07:56:17', '2024-04-20 07:56:17', 50, 5),
(618, 'Electromagnetic Field Theory', 0, '2024-04-20 07:56:17', '2024-04-20 07:56:17', 50, 5),
(619, 'Analog Circuit Design', 0, '2024-04-20 07:56:17', '2024-04-20 07:56:17', 50, 5),
(620, 'Analog Circuit Design Lab', 1, '2024-04-20 07:56:17', '2024-04-20 07:56:17', 50, 5),
(621, 'Principles of Communication', 0, '2024-04-20 07:56:17', '2024-04-20 07:56:17', 50, 5),
(622, 'Principles of Communication Lab', 1, '2024-04-20 07:56:17', '2024-04-20 07:56:17', 50, 5),
(623, 'Entrepreneurship Venture', 0, '2024-04-20 07:56:17', '2024-04-20 07:56:17', 50, 5),
(624, 'Service Learning', 0, '2024-04-20 07:56:17', '2024-04-20 07:56:17', 50, 5),
(625, 'Hardware Interfacing and Sensor Integration', 0, '2024-04-20 07:56:17', '2024-04-20 07:56:17', 50, 5),
(626, 'Hardware Interfacing and Sensor Integration Lab', 1, '2024-04-20 07:56:17', '2024-04-20 07:56:17', 50, 5),
(627, 'Introduction to Indian Philosophy', 0, '2024-04-20 07:56:17', '2024-04-20 07:56:17', 50, 6),
(628, 'Foundation of Ethics', 0, '2024-04-20 07:56:17', '2024-04-20 07:56:17', 50, 6),
(629, 'Computer Networks', 0, '2024-04-20 07:56:17', '2024-04-20 07:56:17', 51, 5),
(630, 'Computer Networks Lab', 1, '2024-04-20 07:56:17', '2024-04-20 07:56:17', 51, 5),
(631, 'Electronic Design Workshop', 0, '2024-04-20 07:56:17', '2024-04-20 07:56:17', 51, 5),
(632, 'Capstone Course', 0, '2024-04-20 07:56:17', '2024-04-20 07:56:17', 51, 5),
(633, 'Principles of Economics', 0, '2024-04-20 07:56:17', '2024-04-20 07:56:17', 51, 5),
(634, 'Digital Design with Verilog', 0, '2024-04-20 07:56:17', '2024-04-20 07:56:17', 51, 5),
(635, 'Digital Design with Verilog Lab', 1, '2024-04-20 07:56:17', '2024-04-20 07:56:17', 51, 5),
(636, 'Digital Image Processing', 0, '2024-04-20 07:56:17', '2024-04-20 07:56:17', 51, 6),
(637, 'Digital Image Processing Lab', 1, '2024-04-20 07:56:17', '2024-04-20 07:56:17', 51, 6),
(638, 'Microwaves and Radar', 0, '2024-04-20 07:56:17', '2024-04-20 07:56:17', 51, 6),
(639, 'Microwaves and Radar Lab', 1, '2024-04-20 07:56:17', '2024-04-20 07:56:17', 51, 6),
(640, 'Embedded System Design', 0, '2024-04-20 07:56:17', '2024-04-20 07:56:17', 51, 6),
(641, 'Embedded System Design Lab', 1, '2024-04-20 07:56:17', '2024-04-20 07:56:17', 51, 6),
(642, 'Digital CMOS VLSI Design', 0, '2024-04-20 07:56:17', '2024-04-20 07:56:17', 51, 6),
(643, 'CAD for VLSI Design Lab', 1, '2024-04-20 07:56:17', '2024-04-20 07:56:17', 51, 6),
(644, 'Project Management', 0, '2024-04-20 07:56:17', '2024-04-20 07:56:17', 51, 6),
(645, 'Java', 0, '2024-04-20 07:56:17', '2024-04-20 07:56:17', 51, 6),
(646, 'Introduction to Data Science', 0, '2024-04-20 07:56:17', '2024-04-20 07:56:17', 51, 6),
(647, 'Introduction To Ai & Ml', 0, '2024-04-20 07:56:17', '2024-04-20 07:56:17', 51, 6),
(648, 'Project Based LearningIII', 0, '2024-04-20 07:56:17', '2024-04-20 07:56:17', 51, 5),
(649, 'MathematicsII', 0, '2024-04-20 07:56:17', '2024-04-20 07:56:17', 37, 5),
(650, 'MathematicsTutII', 0, '2024-04-20 07:56:17', '2024-04-20 07:56:17', 37, 5),
(651, 'Physics', 0, '2024-04-20 07:56:17', '2024-04-20 07:56:17', 37, 5),
(652, 'Physics Lab', 1, '2024-04-20 07:56:17', '2024-04-20 07:56:17', 37, 5),
(653, 'Communication skill', 0, '2024-04-20 07:56:17', '2024-04-20 07:56:17', 37, 5),
(654, 'Communication skill Lab', 1, '2024-04-20 07:56:17', '2024-04-20 07:56:17', 37, 5),
(655, 'Programming in C', 0, '2024-04-20 07:56:17', '2024-04-20 07:56:17', 37, 5),
(656, 'Programming in C Lab', 1, '2024-04-20 07:56:17', '2024-04-20 07:56:17', 37, 5),
(657, 'Creative Thinking', 0, '2024-04-20 07:56:17', '2024-04-20 07:56:17', 37, 5),
(658, 'Stattistics and Probability', 0, '2024-04-20 07:56:17', '2024-04-20 07:56:17', 37, 5),
(659, 'Environmental Science', 0, '2024-04-20 07:56:17', '2024-04-20 07:56:17', 37, 5),
(660, 'MathematicsII Tut', 0, '2024-04-20 07:56:17', '2024-04-20 07:56:17', 37, 5),
(661, 'Physics for Computer Engineers', 0, '2024-04-20 07:56:17', '2024-04-20 07:56:17', 37, 5),
(662, 'Communication Skills', 0, '2024-04-20 07:56:17', '2024-04-20 07:56:17', 37, 5),
(663, 'Communication Skills Lab', 1, '2024-04-20 07:56:17', '2024-04-20 07:56:17', 37, 5),
(664, 'Stattistics and Probability Tut', 0, '2024-04-20 07:56:17', '2024-04-20 07:56:17', 37, 5),
(665, 'Statistics and Probability', 0, '2024-04-20 07:56:17', '2024-04-20 07:56:17', 37, 5),
(666, 'Calculus', 0, '2024-04-20 07:56:17', '2024-04-20 07:56:17', 52, 5),
(667, 'Calculus Tut II', 0, '2024-04-20 07:56:17', '2024-04-20 07:56:17', 52, 5),
(668, 'Physics', 0, '2024-04-20 07:56:17', '2024-04-20 07:56:17', 52, 5),
(669, 'Physics Lab', 1, '2024-04-20 07:56:17', '2024-04-20 07:56:17', 52, 5),
(670, 'Prgramming in C', 0, '2024-04-20 07:56:17', '2024-04-20 07:56:17', 52, 5),
(671, 'Programming in C Lab', 1, '2024-04-20 07:56:17', '2024-04-20 07:56:17', 52, 5),
(672, 'Communication Skills', 0, '2024-04-20 07:56:17', '2024-04-20 07:56:17', 52, 5),
(673, 'Communication Skills Lab', 1, '2024-04-20 07:56:17', '2024-04-20 07:56:17', 52, 5),
(674, 'Creative Thinking', 0, '2024-04-20 07:56:17', '2024-04-20 07:56:17', 52, 5),
(675, 'Statistics for Data Science', 0, '2024-04-20 07:56:17', '2024-04-20 07:56:17', 52, 5),
(676, 'Statistics for Data ScienceTut II', 0, '2024-04-20 07:56:17', '2024-04-20 07:56:17', 52, 5),
(677, 'Software Tools for Artificial Intelligence and Machine learning', 0, '2024-04-20 07:56:17', '2024-04-20 07:56:17', 52, 5),
(678, 'Environmental Science', 0, '2024-04-20 07:56:17', '2024-04-20 07:56:17', 52, 5),
(679, 'MathematicsII', 0, '2024-04-20 07:56:17', '2024-04-20 07:56:17', 49, 5),
(680, 'MAII Tut', 0, '2024-04-20 07:56:17', '2024-04-20 07:56:17', 49, 5),
(681, 'Fundamentals of Electrical and Electronics Engineering', 0, '2024-04-20 07:56:17', '2024-04-20 07:56:17', 49, 5),
(682, 'Fundamentals of Electrical and Electronics Engineering Lab', 1, '2024-04-20 07:56:17', '2024-04-20 07:56:17', 49, 5),
(683, 'Chemistry', 0, '2024-04-20 07:56:17', '2024-04-20 07:56:17', 49, 5),
(684, 'Chemistry Lab', 1, '2024-04-20 07:56:17', '2024-04-20 07:56:17', 49, 5),
(685, 'Programing and Problem Solving', 0, '2024-04-20 07:56:17', '2024-04-20 07:56:17', 49, 5),
(686, 'Programing and Problem Solving lab', 1, '2024-04-20 07:56:17', '2024-04-20 07:56:17', 49, 5),
(687, 'Engineering Graphics Lab', 1, '2024-04-20 07:56:17', '2024-04-20 07:56:17', 49, 5),
(688, 'Critical Thinking', 0, '2024-04-20 07:56:17', '2024-04-20 07:56:17', 49, 5),
(689, 'Data Analytics with Excel', 0, '2024-04-20 07:56:17', '2024-04-20 07:56:17', 49, 5),
(690, 'Tinker Lab', 1, '2024-04-20 07:56:17', '2024-04-20 07:56:17', 49, 5),
(691, 'FFL', 0, '2024-04-20 07:56:17', '2024-04-20 07:56:17', 49, 5),
(692, 'MathematicsII Tut', 0, '2024-04-20 07:56:17', '2024-04-20 07:56:17', 49, 5),
(693, 'Fundamental of Electical and Electronics Engineering', 0, '2024-04-20 07:56:17', '2024-04-20 07:56:17', 49, 5),
(694, 'Fundamental of Electical and Electronics Engineering Lab', 1, '2024-04-20 07:56:17', '2024-04-20 07:56:17', 49, 5),
(695, 'Programming and Problem Solving', 0, '2024-04-20 07:56:17', '2024-04-20 07:56:17', 49, 5),
(696, 'Programming and Problem Solving Lab', 1, '2024-04-20 07:56:17', '2024-04-20 07:56:17', 49, 5),
(697, 'Fitness For Life', 0, '2024-04-20 07:56:17', '2024-04-20 07:56:17', 49, 5),
(698, 'MAII Mathematics', 0, '2024-04-20 07:56:17', '2024-04-20 07:56:17', 40, 5),
(699, 'MAII MathematicsTut', 0, '2024-04-20 07:56:17', '2024-04-20 07:56:17', 40, 5),
(700, 'Chemistry', 0, '2024-04-20 07:56:17', '2024-04-20 07:56:17', 40, 5),
(701, 'Chemistry Lab', 1, '2024-04-20 07:56:17', '2024-04-20 07:56:17', 40, 5),
(702, 'Basic Electrical and Electronics Engineering', 0, '2024-04-20 07:56:17', '2024-04-20 07:56:17', 40, 5),
(703, 'Basic Electrical and Electronics Engineering lab', 1, '2024-04-20 07:56:17', '2024-04-20 07:56:17', 40, 5),
(704, 'Engineering Graphics', 0, '2024-04-20 07:56:17', '2024-04-20 07:56:17', 40, 5),
(705, 'Engineering Graphics Lab', 1, '2024-04-20 07:56:17', '2024-04-20 07:56:17', 40, 5),
(706, 'Software Tools for Robotics', 0, '2024-04-20 07:56:17', '2024-04-20 07:56:17', 40, 5),
(707, 'Critical Thinking', 0, '2024-04-20 07:56:17', '2024-04-20 07:56:17', 40, 5),
(708, 'Fitness For Life', 0, '2024-04-20 07:56:17', '2024-04-20 07:56:17', 40, 5),
(709, 'Tinker Lab', 1, '2024-04-20 07:56:17', '2024-04-20 07:56:17', 40, 5),
(710, 'Engineering Mathematics II', 0, '2024-04-20 07:56:17', '2024-04-20 07:56:17', 46, 5),
(711, 'Engineering Mathematics II Tut', 0, '2024-04-20 07:56:17', '2024-04-20 07:56:17', 46, 5),
(712, 'Chemistry', 0, '2024-04-20 07:56:17', '2024-04-20 07:56:17', 46, 5),
(713, 'Chemistry Lab', 1, '2024-04-20 07:56:17', '2024-04-20 07:56:17', 46, 5),
(714, 'Basic Electrical and Electronics Engineering', 0, '2024-04-20 07:56:17', '2024-04-20 07:56:17', 46, 5),
(715, 'Basic Electrical and Electronics Engineering lab', 1, '2024-04-20 07:56:17', '2024-04-20 07:56:17', 46, 5),
(716, 'Engineering Mechanics', 0, '2024-04-20 07:56:17', '2024-04-20 07:56:17', 46, 5),
(717, 'Engineering Mechanics Lab', 1, '2024-04-20 07:56:17', '2024-04-20 07:56:17', 46, 5),
(718, 'Software Tools for Mechanical engineering', 0, '2024-04-20 07:56:17', '2024-04-20 07:56:17', 46, 5),
(719, 'Fitness For Life', 0, '2024-04-20 07:56:17', '2024-04-20 07:56:17', 46, 5),
(720, 'Critical Thinking', 0, '2024-04-20 07:56:17', '2024-04-20 07:56:17', 46, 5),
(721, 'Tinker Lab', 1, '2024-04-20 07:56:17', '2024-04-20 07:56:17', 46, 5),
(722, 'Engineering MathematicsII', 0, '2024-04-20 07:56:17', '2024-04-20 07:56:17', 43, 5),
(723, 'Engineering MathematicsII Tut', 0, '2024-04-20 07:56:17', '2024-04-20 07:56:17', 43, 5),
(724, 'Chemistry', 0, '2024-04-20 07:56:17', '2024-04-20 07:56:17', 43, 5),
(725, 'Chemistry Lab', 1, '2024-04-20 07:56:17', '2024-04-20 07:56:17', 43, 5),
(726, 'Digital Land Surveying and Mapping', 0, '2024-04-20 07:56:17', '2024-04-20 07:56:17', 43, 5),
(727, 'Digital Land Surveying and Mapping Lab', 1, '2024-04-20 07:56:17', '2024-04-20 07:56:17', 43, 5),
(728, 'Indroduction to Python Programming Lab', 1, '2024-04-20 07:56:17', '2024-04-20 07:56:17', 43, 5),
(729, 'Building Construction Technology', 0, '2024-04-20 07:56:17', '2024-04-20 07:56:17', 43, 5),
(730, 'Basic of Sensors and Microcontrollers', 0, '2024-04-20 07:56:17', '2024-04-20 07:56:17', 43, 5),
(731, 'Basic of Sensors and Microcontrollers Lab', 1, '2024-04-20 07:56:17', '2024-04-20 07:56:17', 43, 5),
(732, 'Software Tools for Civil Engineers', 0, '2024-04-20 07:56:17', '2024-04-20 07:56:17', 43, 5),
(733, 'Critical Thinking', 0, '2024-04-20 07:56:17', '2024-04-20 07:56:17', 43, 5),
(734, 'Fitness For Life', 0, '2024-04-20 07:56:17', '2024-04-20 07:56:17', 43, 5),
(735, 'Tinker Lab', 1, '2024-04-20 07:56:17', '2024-04-20 07:56:17', 43, 5),
(736, 'CADCAM', 0, '2024-04-20 07:56:17', '2024-04-20 07:56:17', 48, 5),
(737, 'FCC H', 0, '2024-04-20 07:56:17', '2024-04-20 07:56:17', 48, 5),
(738, 'Project Based LearningII PBL II', 0, '2024-04-20 07:56:17', '2024-04-20 07:56:17', 48, 5),
(739, 'Capstone Course CC', 0, '2024-04-20 07:56:17', '2024-04-20 07:56:17', 48, 5),
(740, 'Principles of Economics PoE', 0, '2024-04-20 07:56:17', '2024-04-20 07:56:17', 48, 5),
(741, 'CADCAM Lab', 1, '2024-04-20 07:56:17', '2024-04-20 07:56:17', 48, 5),
(742, 'Finite Element Methods', 0, '2024-04-20 07:56:17', '2024-04-20 07:56:17', 48, 6),
(743, 'Jigs and Fixtures', 0, '2024-04-20 07:56:17', '2024-04-20 07:56:17', 48, 6),
(744, 'Finite Element Methods Lab', 1, '2024-04-20 07:56:17', '2024-04-20 07:56:17', 48, 6),
(745, 'Jigs and Fixtures Lab', 1, '2024-04-20 07:56:17', '2024-04-20 07:56:17', 48, 6),
(746, 'Power Plant Engineering', 0, '2024-04-20 07:56:17', '2024-04-20 07:56:17', 48, 6),
(747, 'Operations Research', 0, '2024-04-20 07:56:17', '2024-04-20 07:56:17', 48, 6),
(748, 'Java', 0, '2024-04-20 07:56:17', '2024-04-20 07:56:17', 48, 6),
(749, 'Introduction to Data Science', 0, '2024-04-20 07:56:17', '2024-04-20 07:56:17', 48, 6),
(750, '3D Printing and Prototyping', 0, '2024-04-20 07:56:17', '2024-04-20 07:56:17', 48, 6),
(751, 'Project management', 0, '2024-04-20 07:56:17', '2024-04-20 07:56:17', 48, 6),
(752, 'Composite Materials', 0, '2024-04-20 07:56:17', '2024-04-20 07:56:17', 48, 6),
(753, 'Engineering Design Optimization', 0, '2024-04-20 07:56:17', '2024-04-20 07:56:17', 48, 6),
(754, 'Computer Aided Design II Lab', 1, '2024-04-20 07:56:17', '2024-04-20 07:56:17', 48, 6),
(755, 'Computer Aided Manufacturing Lab', 1, '2024-04-20 07:56:17', '2024-04-20 07:56:17', 48, 6),
(756, 'Structural Dynamics and Non Linear Analysis Lab', 1, '2024-04-20 07:56:17', '2024-04-20 07:56:17', 48, 6),
(757, 'AI and ML for Smart Manufacturing', 0, '2024-04-20 07:56:17', '2024-04-20 07:56:17', 48, 6),
(758, 'Industrial Internet of Things', 0, '2024-04-20 07:56:17', '2024-04-20 07:56:17', 48, 6),
(759, 'Machine Learning and Artificial Intelligence Lab', 1, '2024-04-20 07:56:17', '2024-04-20 07:56:17', 48, 6),
(760, 'Service Learning', 0, '2024-04-20 07:56:17', '2024-04-20 07:56:17', 47, 5),
(761, 'Statistics Probability and Numerical Methods SPNM', 0, '2024-04-20 07:56:17', '2024-04-20 07:56:17', 47, 5),
(762, 'Statistics Probability and Numerical Methods Lab SPNM Lab', 1, '2024-04-20 07:56:17', '2024-04-20 07:56:17', 47, 5),
(763, 'Fluid Mechanics FM', 0, '2024-04-20 07:56:17', '2024-04-20 07:56:17', 47, 5),
(764, 'Fluid Mechanics Lab FM Lab', 1, '2024-04-20 07:56:17', '2024-04-20 07:56:17', 47, 5),
(765, 'Measurement and Metrology MM', 0, '2024-04-20 07:56:17', '2024-04-20 07:56:17', 47, 5),
(766, 'Measurement and Metrology Lab MM Lab', 1, '2024-04-20 07:56:17', '2024-04-20 07:56:17', 47, 5),
(767, 'Theory of Machines  I TOM I', 0, '2024-04-20 07:56:17', '2024-04-20 07:56:17', 47, 5),
(768, 'Theory of Machines  I LAb TOM I Lab', 1, '2024-04-20 07:56:17', '2024-04-20 07:56:17', 47, 5),
(769, 'Entrepreneurship Venture', 0, '2024-04-20 07:56:17', '2024-04-20 07:56:17', 47, 5),
(770, 'Introduction to Artificial Intelligence', 0, '2024-04-20 07:56:17', '2024-04-20 07:56:17', 47, 5),
(771, 'Foundation of Ethics', 0, '2024-04-20 07:56:17', '2024-04-20 07:56:17', 47, 6),
(772, 'Robotics Operating System', 0, '2024-04-20 07:56:17', '2024-04-20 07:56:17', 42, 5),
(773, 'Robotics Operating System Lab', 1, '2024-04-20 07:56:17', '2024-04-20 07:56:17', 42, 5),
(774, 'PLC and SCADA', 0, '2024-04-20 07:56:17', '2024-04-20 07:56:17', 42, 5),
(775, 'PLC and SCADA Lab', 1, '2024-04-20 07:56:17', '2024-04-20 07:56:17', 42, 5),
(776, 'Database Management and Warehousing', 0, '2024-04-20 07:56:17', '2024-04-20 07:56:17', 42, 5),
(777, 'Principles of Economics', 0, '2024-04-20 07:56:17', '2024-04-20 07:56:17', 42, 5),
(778, 'Path Planning and Reinforcement Learning', 0, '2024-04-20 07:56:17', '2024-04-20 07:56:17', 42, 6),
(779, 'Path Planning and Reinforcement Learning Lab', 1, '2024-04-20 07:56:17', '2024-04-20 07:56:17', 42, 6),
(780, 'Introduction to AI and Machine Learning', 0, '2024-04-20 07:56:17', '2024-04-20 07:56:17', 42, 6),
(781, 'Introduction to Data Science', 0, '2024-04-20 07:56:17', '2024-04-20 07:56:17', 42, 6),
(782, 'Java', 0, '2024-04-20 07:56:17', '2024-04-20 07:56:17', 42, 6),
(783, 'Project Management', 0, '2024-04-20 07:56:17', '2024-04-20 07:56:17', 42, 6),
(784, '3D Printing and Prototyping', 0, '2024-04-20 07:56:17', '2024-04-20 07:56:17', 42, 6),
(785, 'Service Learning', 0, '2024-04-20 07:56:17', '2024-04-20 07:56:17', 41, 5),
(786, 'Robotic Control Systems', 0, '2024-04-20 07:56:17', '2024-04-20 07:56:17', 41, 5),
(787, 'Robotic Control Systems Lab', 1, '2024-04-20 07:56:17', '2024-04-20 07:56:17', 41, 5),
(788, 'Kinematics and Dynamics of Robotics', 0, '2024-04-20 07:56:17', '2024-04-20 07:56:17', 41, 5),
(789, 'Kinematics and Dynamics of Robotics Lab', 1, '2024-04-20 07:56:17', '2024-04-20 07:56:17', 41, 5),
(790, 'Application of AI in Robotics and Automation', 0, '2024-04-20 07:56:17', '2024-04-20 07:56:17', 41, 5),
(791, 'Application of AI in Robotics and Automation Lab', 1, '2024-04-20 07:56:17', '2024-04-20 07:56:17', 41, 5),
(792, 'Applied Mathematics for Robotics', 0, '2024-04-20 07:56:17', '2024-04-20 07:56:17', 41, 5),
(793, 'Hydraulics and Pneumatics for Robots', 0, '2024-04-20 07:56:17', '2024-04-20 07:56:17', 41, 5),
(794, 'Hydraulics and Pneumatics for Robots Lab', 1, '2024-04-20 07:56:17', '2024-04-20 07:56:17', 41, 5),
(795, 'Entrepreneurship Venture', 0, '2024-04-20 07:56:17', '2024-04-20 07:56:17', 41, 5),
(796, 'Foundation of Ethics', 0, '2024-04-20 07:56:17', '2024-04-20 07:56:17', 41, 6),
(797, 'Introduction to Indian Philosophy', 0, '2024-04-20 07:56:17', '2024-04-20 07:56:17', 41, 6),
(798, 'Flexi Credit Course Programming with JAVA  Theory', 0, '2024-04-20 07:56:17', '2024-04-20 07:56:17', 53, 5),
(799, 'Flexi Credit CourseProgramming with JAVA Lab', 1, '2024-04-20 07:56:17', '2024-04-20 07:56:17', 53, 5),
(800, 'Supervised Machine Learning Theory', 0, '2024-04-20 07:56:17', '2024-04-20 07:56:17', 53, 5),
(801, 'Supervised Machine Learning Lab', 1, '2024-04-20 07:56:17', '2024-04-20 07:56:17', 53, 5),
(802, 'Unsupervised Learning Theory', 0, '2024-04-20 07:56:17', '2024-04-20 07:56:17', 53, 5),
(803, 'Unsupervised Learning Lab', 1, '2024-04-20 07:56:17', '2024-04-20 07:56:17', 53, 5),
(804, 'AI Ethics Theory', 0, '2024-04-20 07:56:17', '2024-04-20 07:56:17', 53, 5),
(805, 'Optimization Techniques for Machine Learning Theory', 0, '2024-04-20 07:56:17', '2024-04-20 07:56:17', 53, 5),
(806, 'Discrete Mathematics', 0, '2024-04-20 07:56:17', '2024-04-20 07:56:17', 53, 5),
(807, 'Discrete Mathematics Tut', 0, '2024-04-20 07:56:17', '2024-04-20 07:56:17', 53, 5),
(808, 'Principle of Economics Theory', 0, '2024-04-20 07:56:17', '2024-04-20 07:56:17', 53, 5),
(809, 'Basic German I', 0, '2024-04-20 07:56:17', '2024-04-20 07:56:17', 53, 6),
(810, 'Basic French I', 0, '2024-04-20 07:56:17', '2024-04-20 07:56:17', 53, 6),
(811, 'Generative Adversarial Networks GAN Theory', 0, '2024-04-20 07:56:17', '2024-04-20 07:56:17', 54, 5),
(812, 'Generative Adversarial Networks Lab GAN', 1, '2024-04-20 07:56:17', '2024-04-20 07:56:17', 54, 5),
(813, 'Reinforcement Learning Theory', 0, '2024-04-20 07:56:17', '2024-04-20 07:56:17', 54, 5),
(814, 'Reinforcement Learning Lab', 1, '2024-04-20 07:56:17', '2024-04-20 07:56:17', 54, 5),
(815, 'Computer Vision Theory', 0, '2024-04-20 07:56:17', '2024-04-20 07:56:17', 54, 5),
(816, 'Computer Vision Lab', 1, '2024-04-20 07:56:17', '2024-04-20 07:56:17', 54, 5),
(817, 'Full stack development Theory', 0, '2024-04-20 07:56:17', '2024-04-20 07:56:17', 54, 5),
(818, 'Full stack development Lab', 1, '2024-04-20 07:56:17', '2024-04-20 07:56:17', 54, 5),
(819, 'Organizatonal Behaviour Theory', 0, '2024-04-20 07:56:17', '2024-04-20 07:56:17', 54, 5),
(820, 'Open Source Technologies', 0, '2024-04-20 07:56:17', '2024-04-20 07:56:17', 54, 6),
(821, 'Introduction To Big Data', 0, '2024-04-20 07:56:17', '2024-04-20 07:56:17', 54, 6),
(822, 'Capstone course Theory', 0, '2024-04-20 07:56:17', '2024-04-20 07:56:17', 54, 5),
(823, 'Engineering Mathematics III', 0, '2024-04-20 07:56:17', '2024-04-20 07:56:17', 56, 7),
(824, 'Engineering Mathematics III Tut', 0, '2024-04-20 07:56:17', '2024-04-20 07:56:17', 56, 7),
(825, 'FlexiCredit Course OOPs with JAVA', 0, '2024-04-20 07:56:17', '2024-04-20 07:56:17', 56, 7),
(826, 'Database Management Systems', 0, '2024-04-20 07:56:17', '2024-04-20 07:56:17', 56, 7),
(827, 'Data Base Management Systems Lab', 1, '2024-04-20 07:56:17', '2024-04-20 07:56:17', 56, 7),
(828, 'Operating Systems', 0, '2024-04-20 07:56:17', '2024-04-20 07:56:17', 56, 7),
(829, 'Operating Systems Lab', 1, '2024-04-20 07:56:17', '2024-04-20 07:56:17', 56, 7),
(830, 'Basic French', 0, '2024-04-20 07:56:17', '2024-04-20 07:56:17', 56, 8),
(831, 'Basic German', 0, '2024-04-20 07:56:17', '2024-04-20 07:56:17', 56, 8),
(832, 'Distributed System and Resource Management', 0, '2024-04-20 07:56:17', '2024-04-20 07:56:17', 57, 7),
(833, 'FlexiCredit Course Web  Mobile Application Development', 0, '2024-04-20 07:56:17', '2024-04-20 07:56:17', 57, 7),
(834, 'Design Thinking', 0, '2024-04-20 07:56:17', '2024-04-20 07:56:17', 57, 7),
(835, 'Capstone Course', 0, '2024-04-20 07:56:17', '2024-04-20 07:56:17', 57, 7),
(836, 'Organizational Behaviour', 0, '2024-04-20 07:56:17', '2024-04-20 07:56:17', 57, 7),
(837, 'Data Warehousing and Mining 1', 0, '2024-04-20 07:56:17', '2024-04-20 07:56:17', 57, 8),
(838, 'Data Warehousing and Mining 2', 0, '2024-04-20 07:56:17', '2024-04-20 07:56:17', 57, 8),
(839, 'Data Warehousing and Mining Lab 1', 1, '2024-04-20 07:56:17', '2024-04-20 07:56:17', 57, 8),
(840, 'Data Warehousing and Mining Lab 2', 1, '2024-04-20 07:56:17', '2024-04-20 07:56:17', 57, 8),
(841, 'Internet of Things 1', 0, '2024-04-20 07:56:17', '2024-04-20 07:56:17', 57, 8),
(842, 'Internet of Things Lab 1', 1, '2024-04-20 07:56:17', '2024-04-20 07:56:17', 57, 8),
(843, 'Image Processing 1', 0, '2024-04-20 07:56:17', '2024-04-20 07:56:17', 57, 8),
(844, 'Image Processing Lab 1', 1, '2024-04-20 07:56:17', '2024-04-20 07:56:17', 57, 8),
(845, 'Artificial Intelligence 1', 0, '2024-04-20 07:56:17', '2024-04-20 07:56:17', 57, 8),
(846, 'Artificial Intelligence Lab 2', 1, '2024-04-20 07:56:17', '2024-04-20 07:56:17', 57, 8),
(847, 'Artificial Intelligence Lab 5', 1, '2024-04-20 07:56:17', '2024-04-20 07:56:17', 57, 8),
(848, 'Artificial Intelligence Lab 3', 1, '2024-04-20 07:56:17', '2024-04-20 07:56:17', 57, 8),
(849, 'Human Computer Interface 1', 0, '2024-04-20 07:56:17', '2024-04-20 07:56:17', 57, 8),
(850, 'Human Computer Interface Lab 1', 1, '2024-04-20 07:56:17', '2024-04-20 07:56:17', 57, 8),
(851, 'Advanced Algorithms 1', 0, '2024-04-20 07:56:17', '2024-04-20 07:56:17', 57, 8),
(852, 'Advanced Algorithms Lab 1', 1, '2024-04-20 07:56:17', '2024-04-20 07:56:17', 57, 8),
(853, 'Advanced Algorithms Lab 2', 1, '2024-04-20 07:56:17', '2024-04-20 07:56:17', 57, 8),
(854, 'Introduction to Big Data 1', 0, '2024-04-20 07:56:17', '2024-04-20 07:56:17', 57, 8),
(855, 'Introduction to Big Data 2', 0, '2024-04-20 07:56:17', '2024-04-20 07:56:17', 57, 8),
(856, 'Open Source Technology 1', 0, '2024-04-20 07:56:17', '2024-04-20 07:56:17', 57, 8),
(857, 'Open Source Technology 2', 0, '2024-04-20 07:56:17', '2024-04-20 07:56:17', 57, 8),
(858, 'Open Source Technology 3', 0, '2024-04-20 07:56:17', '2024-04-20 07:56:17', 57, 8),
(859, 'Data Warehousing and Mining Lab 3', 1, '2024-04-20 07:56:17', '2024-04-20 07:56:17', 57, 8),
(860, 'Data Warehousing and Mining Lab 4', 1, '2024-04-20 07:56:17', '2024-04-20 07:56:17', 57, 8),
(861, 'Internet of Things Lab 2', 1, '2024-04-20 07:56:17', '2024-04-20 07:56:17', 57, 8),
(862, 'Internet of Things Lab 3', 1, '2024-04-20 07:56:17', '2024-04-20 07:56:17', 57, 8),
(863, 'Artificial Intelligence Lab 4', 1, '2024-04-20 07:56:17', '2024-04-20 07:56:17', 57, 8),
(864, 'Advanced Algorithms Lab 3', 1, '2024-04-20 07:56:17', '2024-04-20 07:56:17', 57, 8),
(865, 'Advanced Algorithms Lab 4', 1, '2024-04-20 07:56:17', '2024-04-20 07:56:17', 57, 8),
(866, 'Artificial Intelligence Lab 1', 1, '2024-04-20 07:56:17', '2024-04-20 07:56:17', 57, 8),
(867, 'Service Learning', 0, '2024-04-20 07:56:17', '2024-04-20 07:56:17', 62, 7),
(868, 'Statistics Probability and Numerical Methods SPNM', 0, '2024-04-20 07:56:17', '2024-04-20 07:56:17', 62, 7),
(869, 'Statistics Probability and Numerical Methods Lab SPNM Lab', 1, '2024-04-20 07:56:17', '2024-04-20 07:56:17', 62, 7),
(870, 'Computer Aided Structural Analysis I CASA', 0, '2024-04-20 07:56:17', '2024-04-20 07:56:17', 62, 7),
(871, 'Princples of Economics  POE', 0, '2024-04-20 07:56:17', '2024-04-20 07:56:17', 62, 7),
(872, 'Open Channel Flow OCF', 0, '2024-04-20 07:56:17', '2024-04-20 07:56:17', 62, 7),
(873, 'Open Channel Flow Simulation Lab OCFS Lab', 1, '2024-04-20 07:56:17', '2024-04-20 07:56:17', 62, 7),
(874, 'Geotechnical Engineering GE', 0, '2024-04-20 07:56:17', '2024-04-20 07:56:17', 62, 7),
(875, 'Geotechnical Engineering Lab GE Lab', 1, '2024-04-20 07:56:17', '2024-04-20 07:56:17', 62, 7),
(876, 'Entrepreneurship Venture', 0, '2024-04-20 07:56:17', '2024-04-20 07:56:17', 62, 7),
(877, 'Foundation of Ethics', 0, '2024-04-20 07:56:17', '2024-04-20 07:56:17', 62, 8),
(878, 'Introduction to Indian Philosophy', 0, '2024-04-20 07:56:17', '2024-04-20 07:56:17', 62, 8),
(879, 'Environmental Engineering II EE II', 0, '2024-04-20 07:56:17', '2024-04-20 07:56:17', 63, 7),
(880, 'FlexiCredit Course', 0, '2024-04-20 07:56:17', '2024-04-20 07:56:17', 63, 7),
(881, 'Structural DesignII SD II', 0, '2024-04-20 07:56:17', '2024-04-20 07:56:17', 63, 7),
(882, 'Capstone Course', 0, '2024-04-20 07:56:17', '2024-04-20 07:56:17', 63, 7),
(883, 'FlexiCredit Course Lab', 1, '2024-04-20 07:56:17', '2024-04-20 07:56:17', 63, 7),
(884, 'Principal of Economics POE', 0, '2024-04-20 07:56:17', '2024-04-20 07:56:17', 63, 7),
(885, 'Bridge Engineering', 0, '2024-04-20 07:56:17', '2024-04-20 07:56:17', 63, 8),
(886, 'Introduction To Remote Sensing And Gis', 0, '2024-04-20 07:56:17', '2024-04-20 07:56:17', 63, 8),
(887, 'Environmental Systems Lab', 1, '2024-04-20 07:56:17', '2024-04-20 07:56:17', 63, 8),
(888, '3d Printing And Prototyping', 0, '2024-04-20 07:56:17', '2024-04-20 07:56:17', 63, 8),
(889, 'Project Management', 0, '2024-04-20 07:56:17', '2024-04-20 07:56:17', 63, 8),
(890, 'Control Systems', 0, '2024-04-20 07:56:17', '2024-04-20 07:56:17', 68, 7),
(891, 'Control Systems Lab', 1, '2024-04-20 07:56:17', '2024-04-20 07:56:17', 68, 7),
(892, 'Electromagnetic Field Theory', 0, '2024-04-20 07:56:17', '2024-04-20 07:56:17', 68, 7),
(893, 'Analog Circuit Design', 0, '2024-04-20 07:56:17', '2024-04-20 07:56:17', 68, 7),
(894, 'Analog Circuit Design Lab', 1, '2024-04-20 07:56:17', '2024-04-20 07:56:17', 68, 7),
(895, 'Principles of Communication', 0, '2024-04-20 07:56:17', '2024-04-20 07:56:17', 68, 7),
(896, 'Principles of Communication Lab', 1, '2024-04-20 07:56:17', '2024-04-20 07:56:17', 68, 7),
(897, 'Entrepreneurship Venture', 0, '2024-04-20 07:56:17', '2024-04-20 07:56:17', 68, 7),
(898, 'Service Learning', 0, '2024-04-20 07:56:17', '2024-04-20 07:56:17', 68, 7),
(899, 'Hardware Interfacing and Sensor Integration', 0, '2024-04-20 07:56:17', '2024-04-20 07:56:17', 68, 7),
(900, 'Hardware Interfacing and Sensor Integration Lab', 1, '2024-04-20 07:56:17', '2024-04-20 07:56:17', 68, 7),
(901, 'Introduction to Indian Philosophy', 0, '2024-04-20 07:56:17', '2024-04-20 07:56:17', 68, 8),
(902, 'Foundation of Ethics', 0, '2024-04-20 07:56:17', '2024-04-20 07:56:17', 68, 8),
(903, 'Computer Networks', 0, '2024-04-20 07:56:17', '2024-04-20 07:56:17', 69, 7),
(904, 'Computer Networks Lab', 1, '2024-04-20 07:56:17', '2024-04-20 07:56:17', 69, 7),
(905, 'Electronic Design Workshop', 0, '2024-04-20 07:56:17', '2024-04-20 07:56:17', 69, 7),
(906, 'Capstone Course', 0, '2024-04-20 07:56:17', '2024-04-20 07:56:17', 69, 7),
(907, 'Principles of Economics', 0, '2024-04-20 07:56:17', '2024-04-20 07:56:17', 69, 7),
(908, 'Digital Design with Verilog', 0, '2024-04-20 07:56:17', '2024-04-20 07:56:17', 69, 7),
(909, 'Digital Design with Verilog Lab', 1, '2024-04-20 07:56:17', '2024-04-20 07:56:17', 69, 7),
(910, 'Digital Image Processing', 0, '2024-04-20 07:56:17', '2024-04-20 07:56:17', 69, 8),
(911, 'Digital Image Processing Lab', 1, '2024-04-20 07:56:17', '2024-04-20 07:56:17', 69, 8),
(912, 'Microwaves and Radar', 0, '2024-04-20 07:56:17', '2024-04-20 07:56:17', 69, 8),
(913, 'Microwaves and Radar Lab', 1, '2024-04-20 07:56:17', '2024-04-20 07:56:17', 69, 8),
(914, 'Embedded System Design', 0, '2024-04-20 07:56:17', '2024-04-20 07:56:17', 69, 8),
(915, 'Embedded System Design Lab', 1, '2024-04-20 07:56:17', '2024-04-20 07:56:17', 69, 8),
(916, 'Digital CMOS VLSI Design', 0, '2024-04-20 07:56:17', '2024-04-20 07:56:17', 69, 8),
(917, 'CAD for VLSI Design Lab', 1, '2024-04-20 07:56:17', '2024-04-20 07:56:17', 69, 8),
(918, 'Project Management', 0, '2024-04-20 07:56:17', '2024-04-20 07:56:17', 69, 8),
(919, 'Java', 0, '2024-04-20 07:56:17', '2024-04-20 07:56:17', 69, 8),
(920, 'Introduction to Data Science', 0, '2024-04-20 07:56:17', '2024-04-20 07:56:17', 69, 8),
(921, 'Introduction To Ai & Ml', 0, '2024-04-20 07:56:17', '2024-04-20 07:56:17', 69, 8),
(922, 'Project Based LearningIII', 0, '2024-04-20 07:56:17', '2024-04-20 07:56:17', 69, 7),
(923, 'MathematicsII', 0, '2024-04-20 07:56:17', '2024-04-20 07:56:17', 55, 7),
(924, 'MathematicsTutII', 0, '2024-04-20 07:56:17', '2024-04-20 07:56:17', 55, 7),
(925, 'Physics', 0, '2024-04-20 07:56:17', '2024-04-20 07:56:17', 55, 7),
(926, 'Physics Lab', 1, '2024-04-20 07:56:17', '2024-04-20 07:56:17', 55, 7),
(927, 'Communication skill', 0, '2024-04-20 07:56:17', '2024-04-20 07:56:17', 55, 7),
(928, 'Communication skill Lab', 1, '2024-04-20 07:56:17', '2024-04-20 07:56:17', 55, 7),
(929, 'Programming in C', 0, '2024-04-20 07:56:17', '2024-04-20 07:56:17', 55, 7),
(930, 'Programming in C Lab', 1, '2024-04-20 07:56:17', '2024-04-20 07:56:17', 55, 7),
(931, 'Creative Thinking', 0, '2024-04-20 07:56:17', '2024-04-20 07:56:17', 55, 7),
(932, 'Stattistics and Probability', 0, '2024-04-20 07:56:17', '2024-04-20 07:56:17', 55, 7),
(933, 'Environmental Science', 0, '2024-04-20 07:56:17', '2024-04-20 07:56:17', 55, 7),
(934, 'MathematicsII Tut', 0, '2024-04-20 07:56:17', '2024-04-20 07:56:17', 55, 7),
(935, 'Physics for Computer Engineers', 0, '2024-04-20 07:56:17', '2024-04-20 07:56:17', 55, 7),
(936, 'Communication Skills', 0, '2024-04-20 07:56:17', '2024-04-20 07:56:17', 55, 7),
(937, 'Communication Skills Lab', 1, '2024-04-20 07:56:17', '2024-04-20 07:56:17', 55, 7),
(938, 'Stattistics and Probability Tut', 0, '2024-04-20 07:56:17', '2024-04-20 07:56:17', 55, 7),
(939, 'Statistics and Probability', 0, '2024-04-20 07:56:17', '2024-04-20 07:56:17', 55, 7),
(940, 'Calculus', 0, '2024-04-20 07:56:17', '2024-04-20 07:56:17', 70, 7),
(941, 'Calculus Tut II', 0, '2024-04-20 07:56:17', '2024-04-20 07:56:17', 70, 7),
(942, 'Physics', 0, '2024-04-20 07:56:17', '2024-04-20 07:56:17', 70, 7),
(943, 'Physics Lab', 1, '2024-04-20 07:56:17', '2024-04-20 07:56:17', 70, 7),
(944, 'Prgramming in C', 0, '2024-04-20 07:56:17', '2024-04-20 07:56:17', 70, 7),
(945, 'Programming in C Lab', 1, '2024-04-20 07:56:17', '2024-04-20 07:56:17', 70, 7),
(946, 'Communication Skills', 0, '2024-04-20 07:56:17', '2024-04-20 07:56:17', 70, 7),
(947, 'Communication Skills Lab', 1, '2024-04-20 07:56:17', '2024-04-20 07:56:17', 70, 7),
(948, 'Creative Thinking', 0, '2024-04-20 07:56:17', '2024-04-20 07:56:17', 70, 7),
(949, 'Statistics for Data Science', 0, '2024-04-20 07:56:17', '2024-04-20 07:56:17', 70, 7),
(950, 'Statistics for Data ScienceTut II', 0, '2024-04-20 07:56:17', '2024-04-20 07:56:17', 70, 7),
(951, 'Software Tools for Artificial Intelligence and Machine learning', 0, '2024-04-20 07:56:17', '2024-04-20 07:56:17', 70, 7),
(952, 'Environmental Science', 0, '2024-04-20 07:56:17', '2024-04-20 07:56:17', 70, 7),
(953, 'MathematicsII', 0, '2024-04-20 07:56:17', '2024-04-20 07:56:17', 67, 7),
(954, 'MAII Tut', 0, '2024-04-20 07:56:17', '2024-04-20 07:56:17', 67, 7),
(955, 'Fundamentals of Electrical and Electronics Engineering', 0, '2024-04-20 07:56:17', '2024-04-20 07:56:17', 67, 7),
(956, 'Fundamentals of Electrical and Electronics Engineering Lab', 1, '2024-04-20 07:56:17', '2024-04-20 07:56:17', 67, 7),
(957, 'Chemistry', 0, '2024-04-20 07:56:17', '2024-04-20 07:56:17', 67, 7),
(958, 'Chemistry Lab', 1, '2024-04-20 07:56:17', '2024-04-20 07:56:17', 67, 7),
(959, 'Programing and Problem Solving', 0, '2024-04-20 07:56:17', '2024-04-20 07:56:17', 67, 7),
(960, 'Programing and Problem Solving lab', 1, '2024-04-20 07:56:17', '2024-04-20 07:56:17', 67, 7),
(961, 'Engineering Graphics Lab', 1, '2024-04-20 07:56:17', '2024-04-20 07:56:17', 67, 7),
(962, 'Critical Thinking', 0, '2024-04-20 07:56:17', '2024-04-20 07:56:17', 67, 7),
(963, 'Data Analytics with Excel', 0, '2024-04-20 07:56:17', '2024-04-20 07:56:17', 67, 7),
(964, 'Tinker Lab', 1, '2024-04-20 07:56:17', '2024-04-20 07:56:17', 67, 7),
(965, 'FFL', 0, '2024-04-20 07:56:17', '2024-04-20 07:56:17', 67, 7),
(966, 'MathematicsII Tut', 0, '2024-04-20 07:56:17', '2024-04-20 07:56:17', 67, 7),
(967, 'Fundamental of Electical and Electronics Engineering', 0, '2024-04-20 07:56:17', '2024-04-20 07:56:17', 67, 7),
(968, 'Fundamental of Electical and Electronics Engineering Lab', 1, '2024-04-20 07:56:17', '2024-04-20 07:56:17', 67, 7),
(969, 'Programming and Problem Solving', 0, '2024-04-20 07:56:17', '2024-04-20 07:56:17', 67, 7),
(970, 'Programming and Problem Solving Lab', 1, '2024-04-20 07:56:17', '2024-04-20 07:56:17', 67, 7),
(971, 'Fitness For Life', 0, '2024-04-20 07:56:17', '2024-04-20 07:56:17', 67, 7),
(972, 'MAII Mathematics', 0, '2024-04-20 07:56:17', '2024-04-20 07:56:17', 58, 7),
(973, 'MAII MathematicsTut', 0, '2024-04-20 07:56:17', '2024-04-20 07:56:17', 58, 7),
(974, 'Chemistry', 0, '2024-04-20 07:56:17', '2024-04-20 07:56:17', 58, 7),
(975, 'Chemistry Lab', 1, '2024-04-20 07:56:17', '2024-04-20 07:56:17', 58, 7),
(976, 'Basic Electrical and Electronics Engineering', 0, '2024-04-20 07:56:17', '2024-04-20 07:56:17', 58, 7),
(977, 'Basic Electrical and Electronics Engineering lab', 1, '2024-04-20 07:56:17', '2024-04-20 07:56:17', 58, 7),
(978, 'Engineering Graphics', 0, '2024-04-20 07:56:17', '2024-04-20 07:56:17', 58, 7),
(979, 'Engineering Graphics Lab', 1, '2024-04-20 07:56:17', '2024-04-20 07:56:17', 58, 7),
(980, 'Software Tools for Robotics', 0, '2024-04-20 07:56:17', '2024-04-20 07:56:17', 58, 7),
(981, 'Critical Thinking', 0, '2024-04-20 07:56:17', '2024-04-20 07:56:17', 58, 7),
(982, 'Fitness For Life', 0, '2024-04-20 07:56:17', '2024-04-20 07:56:17', 58, 7),
(983, 'Tinker Lab', 1, '2024-04-20 07:56:17', '2024-04-20 07:56:17', 58, 7),
(984, 'Engineering Mathematics II', 0, '2024-04-20 07:56:17', '2024-04-20 07:56:17', 64, 7),
(985, 'Engineering Mathematics II Tut', 0, '2024-04-20 07:56:17', '2024-04-20 07:56:17', 64, 7),
(986, 'Chemistry', 0, '2024-04-20 07:56:17', '2024-04-20 07:56:17', 64, 7),
(987, 'Chemistry Lab', 1, '2024-04-20 07:56:17', '2024-04-20 07:56:17', 64, 7),
(988, 'Basic Electrical and Electronics Engineering', 0, '2024-04-20 07:56:17', '2024-04-20 07:56:17', 64, 7),
(989, 'Basic Electrical and Electronics Engineering lab', 1, '2024-04-20 07:56:17', '2024-04-20 07:56:17', 64, 7),
(990, 'Engineering Mechanics', 0, '2024-04-20 07:56:17', '2024-04-20 07:56:17', 64, 7),
(991, 'Engineering Mechanics Lab', 1, '2024-04-20 07:56:17', '2024-04-20 07:56:17', 64, 7),
(992, 'Software Tools for Mechanical engineering', 0, '2024-04-20 07:56:17', '2024-04-20 07:56:17', 64, 7),
(993, 'Fitness For Life', 0, '2024-04-20 07:56:17', '2024-04-20 07:56:17', 64, 7),
(994, 'Critical Thinking', 0, '2024-04-20 07:56:17', '2024-04-20 07:56:17', 64, 7),
(995, 'Tinker Lab', 1, '2024-04-20 07:56:17', '2024-04-20 07:56:17', 64, 7),
(996, 'Engineering MathematicsII', 0, '2024-04-20 07:56:17', '2024-04-20 07:56:17', 61, 7),
(997, 'Engineering MathematicsII Tut', 0, '2024-04-20 07:56:17', '2024-04-20 07:56:17', 61, 7),
(998, 'Chemistry', 0, '2024-04-20 07:56:17', '2024-04-20 07:56:17', 61, 7),
(999, 'Chemistry Lab', 1, '2024-04-20 07:56:17', '2024-04-20 07:56:17', 61, 7),
(1000, 'Digital Land Surveying and Mapping', 0, '2024-04-20 07:56:17', '2024-04-20 07:56:17', 61, 7),
(1001, 'Digital Land Surveying and Mapping Lab', 1, '2024-04-20 07:56:17', '2024-04-20 07:56:17', 61, 7),
(1002, 'Indroduction to Python Programming Lab', 1, '2024-04-20 07:56:17', '2024-04-20 07:56:17', 61, 7),
(1003, 'Building Construction Technology', 0, '2024-04-20 07:56:17', '2024-04-20 07:56:17', 61, 7),
(1004, 'Basic of Sensors and Microcontrollers', 0, '2024-04-20 07:56:17', '2024-04-20 07:56:17', 61, 7),
(1005, 'Basic of Sensors and Microcontrollers Lab', 1, '2024-04-20 07:56:17', '2024-04-20 07:56:17', 61, 7),
(1006, 'Software Tools for Civil Engineers', 0, '2024-04-20 07:56:17', '2024-04-20 07:56:17', 61, 7),
(1007, 'Critical Thinking', 0, '2024-04-20 07:56:17', '2024-04-20 07:56:17', 61, 7),
(1008, 'Fitness For Life', 0, '2024-04-20 07:56:17', '2024-04-20 07:56:17', 61, 7),
(1009, 'Tinker Lab', 1, '2024-04-20 07:56:17', '2024-04-20 07:56:17', 61, 7),
(1010, 'CADCAM', 0, '2024-04-20 07:56:17', '2024-04-20 07:56:17', 66, 7),
(1011, 'FCC H', 0, '2024-04-20 07:56:17', '2024-04-20 07:56:17', 66, 7),
(1012, 'Project Based LearningII PBL II', 0, '2024-04-20 07:56:17', '2024-04-20 07:56:17', 66, 7),
(1013, 'Capstone Course CC', 0, '2024-04-20 07:56:17', '2024-04-20 07:56:17', 66, 7),
(1014, 'Principles of Economics PoE', 0, '2024-04-20 07:56:17', '2024-04-20 07:56:17', 66, 7),
(1015, 'CADCAM Lab', 1, '2024-04-20 07:56:17', '2024-04-20 07:56:17', 66, 7),
(1016, 'Finite Element Methods', 0, '2024-04-20 07:56:17', '2024-04-20 07:56:17', 66, 8),
(1017, 'Jigs and Fixtures', 0, '2024-04-20 07:56:17', '2024-04-20 07:56:17', 66, 8),
(1018, 'Finite Element Methods Lab', 1, '2024-04-20 07:56:17', '2024-04-20 07:56:17', 66, 8),
(1019, 'Jigs and Fixtures Lab', 1, '2024-04-20 07:56:17', '2024-04-20 07:56:17', 66, 8),
(1020, 'Power Plant Engineering', 0, '2024-04-20 07:56:17', '2024-04-20 07:56:17', 66, 8),
(1021, 'Operations Research', 0, '2024-04-20 07:56:17', '2024-04-20 07:56:17', 66, 8),
(1022, 'Java', 0, '2024-04-20 07:56:17', '2024-04-20 07:56:17', 66, 8),
(1023, 'Introduction to Data Science', 0, '2024-04-20 07:56:17', '2024-04-20 07:56:17', 66, 8),
(1024, '3D Printing and Prototyping', 0, '2024-04-20 07:56:17', '2024-04-20 07:56:17', 66, 8),
(1025, 'Project management', 0, '2024-04-20 07:56:17', '2024-04-20 07:56:17', 66, 8),
(1026, 'Composite Materials', 0, '2024-04-20 07:56:17', '2024-04-20 07:56:17', 66, 8),
(1027, 'Engineering Design Optimization', 0, '2024-04-20 07:56:17', '2024-04-20 07:56:17', 66, 8),
(1028, 'Computer Aided Design II Lab', 1, '2024-04-20 07:56:17', '2024-04-20 07:56:17', 66, 8),
(1029, 'Computer Aided Manufacturing Lab', 1, '2024-04-20 07:56:17', '2024-04-20 07:56:17', 66, 8),
(1030, 'Structural Dynamics and Non Linear Analysis Lab', 1, '2024-04-20 07:56:17', '2024-04-20 07:56:17', 66, 8),
(1031, 'AI and ML for Smart Manufacturing', 0, '2024-04-20 07:56:17', '2024-04-20 07:56:17', 66, 8),
(1032, 'Industrial Internet of Things', 0, '2024-04-20 07:56:17', '2024-04-20 07:56:17', 66, 8),
(1033, 'Machine Learning and Artificial Intelligence Lab', 1, '2024-04-20 07:56:17', '2024-04-20 07:56:17', 66, 8),
(1034, 'Service Learning', 0, '2024-04-20 07:56:17', '2024-04-20 07:56:17', 65, 7),
(1035, 'Statistics Probability and Numerical Methods SPNM', 0, '2024-04-20 07:56:17', '2024-04-20 07:56:17', 65, 7),
(1036, 'Statistics Probability and Numerical Methods Lab SPNM Lab', 1, '2024-04-20 07:56:17', '2024-04-20 07:56:17', 65, 7),
(1037, 'Fluid Mechanics FM', 0, '2024-04-20 07:56:17', '2024-04-20 07:56:17', 65, 7),
(1038, 'Fluid Mechanics Lab FM Lab', 1, '2024-04-20 07:56:17', '2024-04-20 07:56:17', 65, 7),
(1039, 'Measurement and Metrology MM', 0, '2024-04-20 07:56:17', '2024-04-20 07:56:17', 65, 7),
(1040, 'Measurement and Metrology Lab MM Lab', 1, '2024-04-20 07:56:17', '2024-04-20 07:56:17', 65, 7),
(1041, 'Theory of Machines  I TOM I', 0, '2024-04-20 07:56:17', '2024-04-20 07:56:17', 65, 7),
(1042, 'Theory of Machines  I LAb TOM I Lab', 1, '2024-04-20 07:56:17', '2024-04-20 07:56:17', 65, 7),
(1043, 'Entrepreneurship Venture', 0, '2024-04-20 07:56:17', '2024-04-20 07:56:17', 65, 7),
(1044, 'Introduction to Artificial Intelligence', 0, '2024-04-20 07:56:17', '2024-04-20 07:56:17', 65, 7),
(1045, 'Foundation of Ethics', 0, '2024-04-20 07:56:17', '2024-04-20 07:56:17', 65, 8),
(1046, 'Robotics Operating System', 0, '2024-04-20 07:56:17', '2024-04-20 07:56:17', 60, 7),
(1047, 'Robotics Operating System Lab', 1, '2024-04-20 07:56:17', '2024-04-20 07:56:17', 60, 7),
(1048, 'PLC and SCADA', 0, '2024-04-20 07:56:17', '2024-04-20 07:56:17', 60, 7),
(1049, 'PLC and SCADA Lab', 1, '2024-04-20 07:56:17', '2024-04-20 07:56:17', 60, 7),
(1050, 'Database Management and Warehousing', 0, '2024-04-20 07:56:17', '2024-04-20 07:56:17', 60, 7),
(1051, 'Principles of Economics', 0, '2024-04-20 07:56:17', '2024-04-20 07:56:17', 60, 7),
(1052, 'Path Planning and Reinforcement Learning', 0, '2024-04-20 07:56:17', '2024-04-20 07:56:17', 60, 8),
(1053, 'Path Planning and Reinforcement Learning Lab', 1, '2024-04-20 07:56:17', '2024-04-20 07:56:17', 60, 8),
(1054, 'Introduction to AI and Machine Learning', 0, '2024-04-20 07:56:17', '2024-04-20 07:56:17', 60, 8),
(1055, 'Introduction to Data Science', 0, '2024-04-20 07:56:17', '2024-04-20 07:56:17', 60, 8),
(1056, 'Java', 0, '2024-04-20 07:56:17', '2024-04-20 07:56:17', 60, 8),
(1057, 'Project Management', 0, '2024-04-20 07:56:17', '2024-04-20 07:56:17', 60, 8),
(1058, '3D Printing and Prototyping', 0, '2024-04-20 07:56:17', '2024-04-20 07:56:17', 60, 8),
(1059, 'Service Learning', 0, '2024-04-20 07:56:17', '2024-04-20 07:56:17', 59, 7),
(1060, 'Robotic Control Systems', 0, '2024-04-20 07:56:17', '2024-04-20 07:56:17', 59, 7),
(1061, 'Robotic Control Systems Lab', 1, '2024-04-20 07:56:17', '2024-04-20 07:56:17', 59, 7),
(1062, 'Kinematics and Dynamics of Robotics', 0, '2024-04-20 07:56:17', '2024-04-20 07:56:17', 59, 7),
(1063, 'Kinematics and Dynamics of Robotics Lab', 1, '2024-04-20 07:56:17', '2024-04-20 07:56:17', 59, 7),
(1064, 'Application of AI in Robotics and Automation', 0, '2024-04-20 07:56:17', '2024-04-20 07:56:17', 59, 7),
(1065, 'Application of AI in Robotics and Automation Lab', 1, '2024-04-20 07:56:17', '2024-04-20 07:56:17', 59, 7),
(1066, 'Applied Mathematics for Robotics', 0, '2024-04-20 07:56:17', '2024-04-20 07:56:17', 59, 7),
(1067, 'Hydraulics and Pneumatics for Robots', 0, '2024-04-20 07:56:17', '2024-04-20 07:56:17', 59, 7),
(1068, 'Hydraulics and Pneumatics for Robots Lab', 1, '2024-04-20 07:56:17', '2024-04-20 07:56:17', 59, 7),
(1069, 'Entrepreneurship Venture', 0, '2024-04-20 07:56:17', '2024-04-20 07:56:17', 59, 7),
(1070, 'Foundation of Ethics', 0, '2024-04-20 07:56:17', '2024-04-20 07:56:17', 59, 8),
(1071, 'Introduction to Indian Philosophy', 0, '2024-04-20 07:56:17', '2024-04-20 07:56:17', 59, 8),
(1072, 'Flexi Credit Course Programming with JAVA  Theory', 0, '2024-04-20 07:56:17', '2024-04-20 07:56:17', 71, 7),
(1073, 'Flexi Credit CourseProgramming with JAVA Lab', 1, '2024-04-20 07:56:17', '2024-04-20 07:56:17', 71, 7),
(1074, 'Supervised Machine Learning Theory', 0, '2024-04-20 07:56:17', '2024-04-20 07:56:17', 71, 7),
(1075, 'Supervised Machine Learning Lab', 1, '2024-04-20 07:56:17', '2024-04-20 07:56:17', 71, 7),
(1076, 'Unsupervised Learning Theory', 0, '2024-04-20 07:56:17', '2024-04-20 07:56:17', 71, 7),
(1077, 'Unsupervised Learning Lab', 1, '2024-04-20 07:56:17', '2024-04-20 07:56:17', 71, 7),
(1078, 'AI Ethics Theory', 0, '2024-04-20 07:56:17', '2024-04-20 07:56:17', 71, 7),
(1079, 'Optimization Techniques for Machine Learning Theory', 0, '2024-04-20 07:56:17', '2024-04-20 07:56:17', 71, 7),
(1080, 'Discrete Mathematics', 0, '2024-04-20 07:56:17', '2024-04-20 07:56:17', 71, 7),
(1081, 'Discrete Mathematics Tut', 0, '2024-04-20 07:56:17', '2024-04-20 07:56:17', 71, 7),
(1082, 'Principle of Economics Theory', 0, '2024-04-20 07:56:17', '2024-04-20 07:56:17', 71, 7),
(1083, 'Basic German I', 0, '2024-04-20 07:56:17', '2024-04-20 07:56:17', 71, 8),
(1084, 'Basic French I', 0, '2024-04-20 07:56:17', '2024-04-20 07:56:17', 71, 8),
(1085, 'Generative Adversarial Networks GAN Theory', 0, '2024-04-20 07:56:17', '2024-04-20 07:56:17', 72, 7),
(1086, 'Generative Adversarial Networks Lab GAN', 1, '2024-04-20 07:56:17', '2024-04-20 07:56:17', 72, 7),
(1087, 'Reinforcement Learning Theory', 0, '2024-04-20 07:56:17', '2024-04-20 07:56:17', 72, 7),
(1088, 'Reinforcement Learning Lab', 1, '2024-04-20 07:56:17', '2024-04-20 07:56:17', 72, 7),
(1089, 'Computer Vision Theory', 0, '2024-04-20 07:56:17', '2024-04-20 07:56:17', 72, 7),
(1090, 'Computer Vision Lab', 1, '2024-04-20 07:56:17', '2024-04-20 07:56:17', 72, 7),
(1091, 'Full stack development Theory', 0, '2024-04-20 07:56:17', '2024-04-20 07:56:17', 72, 7),
(1092, 'Full stack development Lab', 1, '2024-04-20 07:56:17', '2024-04-20 07:56:17', 72, 7),
(1093, 'Organizatonal Behaviour Theory', 0, '2024-04-20 07:56:17', '2024-04-20 07:56:17', 72, 7),
(1094, 'Open Source Technologies', 0, '2024-04-20 07:56:17', '2024-04-20 07:56:17', 72, 8),
(1095, 'Introduction To Big Data', 0, '2024-04-20 07:56:17', '2024-04-20 07:56:17', 72, 8),
(1096, 'Capstone course Theory', 0, '2024-04-20 07:56:17', '2024-04-20 07:56:17', 72, 7);

-- --------------------------------------------------------

--
-- Table structure for table `teach`
--

CREATE TABLE `teach` (
  `id` int(10) UNSIGNED NOT NULL,
  `createdAt` datetime DEFAULT NULL,
  `updatedAt` datetime DEFAULT NULL,
  `TeacherId` int(10) UNSIGNED NOT NULL,
  `SubjectId` int(10) UNSIGNED NOT NULL
) ENGINE=InnoDB DEFAULT CHARSET=utf8mb4 COLLATE=utf8mb4_general_ci;

--
-- Dumping data for table `teach`
--

INSERT INTO `teach` (`id`, `createdAt`, `updatedAt`, `TeacherId`, `SubjectId`) VALUES
(1, '2024-04-20 07:56:17', '2024-04-20 07:56:17', 1, 1),
(2, '2024-04-20 07:56:17', '2024-04-20 07:56:17', 2, 1),
(3, '2024-04-20 07:56:17', '2024-04-20 07:56:17', 1, 2),
(4, '2024-04-20 07:56:17', '2024-04-20 07:56:17', 2, 2),
(5, '2024-04-20 07:56:17', '2024-04-20 07:56:17', 3, 3),
(6, '2024-04-20 07:56:17', '2024-04-20 07:56:17', 4, 3),
(7, '2024-04-20 07:56:17', '2024-04-20 07:56:17', 5, 3),
(8, '2024-04-20 07:56:17', '2024-04-20 07:56:17', 6, 3),
(9, '2024-04-20 07:56:17', '2024-04-20 07:56:17', 7, 4),
(10, '2024-04-20 07:56:17', '2024-04-20 07:56:17', 8, 4),
(11, '2024-04-20 07:56:17', '2024-04-20 07:56:17', 9, 4),
(12, '2024-04-20 07:56:17', '2024-04-20 07:56:17', 7, 5),
(13, '2024-04-20 07:56:17', '2024-04-20 07:56:17', 10, 5),
(14, '2024-04-20 07:56:17', '2024-04-20 07:56:17', 11, 5),
(15, '2024-04-20 07:56:17', '2024-04-20 07:56:17', 12, 5),
(16, '2024-04-20 07:56:17', '2024-04-20 07:56:17', 13, 5),
(17, '2024-04-20 07:56:17', '2024-04-20 07:56:17', 14, 5),
(18, '2024-04-20 07:56:17', '2024-04-20 07:56:17', 15, 5),
(19, '2024-04-20 07:56:17', '2024-04-20 07:56:17', 16, 6),
(20, '2024-04-20 07:56:17', '2024-04-20 07:56:17', 17, 6),
(21, '2024-04-20 07:56:17', '2024-04-20 07:56:17', 18, 6),
(22, '2024-04-20 07:56:17', '2024-04-20 07:56:17', 16, 7),
(23, '2024-04-20 07:56:17', '2024-04-20 07:56:17', 19, 7),
(24, '2024-04-20 07:56:17', '2024-04-20 07:56:17', 18, 7),
(25, '2024-04-20 07:56:17', '2024-04-20 07:56:17', 20, 8),
(26, '2024-04-20 07:56:17', '2024-04-20 07:56:17', 21, 9),
(27, '2024-04-20 07:56:17', '2024-04-20 07:56:17', 22, 10),
(28, '2024-04-20 07:56:17', '2024-04-20 07:56:17', 23, 10),
(29, '2024-04-20 07:56:17', '2024-04-20 07:56:17', 24, 11),
(30, '2024-04-20 07:56:17', '2024-04-20 07:56:17', 25, 11),
(31, '2024-04-20 07:56:17', '2024-04-20 07:56:17', 6, 11),
(32, '2024-04-20 07:56:17', '2024-04-20 07:56:17', 26, 12),
(33, '2024-04-20 07:56:17', '2024-04-20 07:56:17', 27, 13),
(34, '2024-04-20 07:56:17', '2024-04-20 07:56:17', 28, 14),
(35, '2024-04-20 07:56:17', '2024-04-20 07:56:17', 29, 15),
(36, '2024-04-20 07:56:17', '2024-04-20 07:56:17', 11, 16),
(37, '2024-04-20 07:56:17', '2024-04-20 07:56:17', 29, 17),
(38, '2024-04-20 07:56:17', '2024-04-20 07:56:17', 11, 18),
(39, '2024-04-20 07:56:17', '2024-04-20 07:56:17', 30, 19),
(40, '2024-04-20 07:56:17', '2024-04-20 07:56:17', 30, 20),
(41, '2024-04-20 07:56:17', '2024-04-20 07:56:17', 14, 21),
(42, '2024-04-20 07:56:17', '2024-04-20 07:56:17', 14, 22),
(43, '2024-04-20 07:56:17', '2024-04-20 07:56:17', 31, 23),
(44, '2024-04-20 07:56:17', '2024-04-20 07:56:17', 31, 24),
(45, '2024-04-20 07:56:17', '2024-04-20 07:56:17', 32, 25),
(46, '2024-04-20 07:56:17', '2024-04-20 07:56:17', 33, 26),
(47, '2024-04-20 07:56:17', '2024-04-20 07:56:17', 34, 27),
(48, '2024-04-20 07:56:17', '2024-04-20 07:56:17', 34, 28),
(49, '2024-04-20 07:56:17', '2024-04-20 07:56:17', 35, 29),
(50, '2024-04-20 07:56:17', '2024-04-20 07:56:17', 36, 30),
(51, '2024-04-20 07:56:17', '2024-04-20 07:56:17', 37, 31),
(52, '2024-04-20 07:56:17', '2024-04-20 07:56:17', 38, 32),
(53, '2024-04-20 07:56:17', '2024-04-20 07:56:17', 39, 33),
(54, '2024-04-20 07:56:17', '2024-04-20 07:56:17', 10, 34),
(55, '2024-04-20 07:56:17', '2024-04-20 07:56:17', 34, 35),
(56, '2024-04-20 07:56:17', '2024-04-20 07:56:17', 40, 36),
(57, '2024-04-20 07:56:17', '2024-04-20 07:56:17', 11, 37),
(58, '2024-04-20 07:56:17', '2024-04-20 07:56:17', 29, 38),
(59, '2024-04-20 07:56:17', '2024-04-20 07:56:17', 30, 39),
(60, '2024-04-20 07:56:17', '2024-04-20 07:56:17', 30, 40),
(61, '2024-04-20 07:56:17', '2024-04-20 07:56:17', 31, 41),
(62, '2024-04-20 07:56:17', '2024-04-20 07:56:17', 36, 42),
(63, '2024-04-20 07:56:17', '2024-04-20 07:56:17', 37, 43),
(64, '2024-04-20 07:56:17', '2024-04-20 07:56:17', 33, 44),
(65, '2024-04-20 07:56:17', '2024-04-20 07:56:17', 41, 45),
(66, '2024-04-20 07:56:17', '2024-04-20 07:56:17', 42, 45),
(67, '2024-04-20 07:56:17', '2024-04-20 07:56:17', 43, 46),
(68, '2024-04-20 07:56:17', '2024-04-20 07:56:17', 43, 47),
(69, '2024-04-20 07:56:17', '2024-04-20 07:56:17', 44, 48),
(70, '2024-04-20 07:56:17', '2024-04-20 07:56:17', 45, 49),
(71, '2024-04-20 07:56:17', '2024-04-20 07:56:17', 46, 50),
(72, '2024-04-20 07:56:17', '2024-04-20 07:56:17', 46, 51),
(73, '2024-04-20 07:56:17', '2024-04-20 07:56:17', 47, 52),
(74, '2024-04-20 07:56:17', '2024-04-20 07:56:17', 47, 53),
(75, '2024-04-20 07:56:17', '2024-04-20 07:56:17', 48, 54),
(76, '2024-04-20 07:56:17', '2024-04-20 07:56:17', 49, 55),
(77, '2024-04-20 07:56:17', '2024-04-20 07:56:17', 50, 56),
(78, '2024-04-20 07:56:17', '2024-04-20 07:56:17', 42, 57),
(79, '2024-04-20 07:56:17', '2024-04-20 07:56:17', 51, 58),
(80, '2024-04-20 07:56:17', '2024-04-20 07:56:17', 52, 59),
(81, '2024-04-20 07:56:17', '2024-04-20 07:56:17', 41, 60),
(82, '2024-04-20 07:56:17', '2024-04-20 07:56:17', 51, 61),
(83, '2024-04-20 07:56:17', '2024-04-20 07:56:17', 45, 62),
(84, '2024-04-20 07:56:17', '2024-04-20 07:56:17', 52, 63),
(85, '2024-04-20 07:56:17', '2024-04-20 07:56:17', 53, 64),
(86, '2024-04-20 07:56:17', '2024-04-20 07:56:17', 54, 65),
(87, '2024-04-20 07:56:17', '2024-04-20 07:56:17', 55, 66),
(88, '2024-04-20 07:56:17', '2024-04-20 07:56:17', 56, 67),
(89, '2024-04-20 07:56:17', '2024-04-20 07:56:17', 57, 68),
(90, '2024-04-20 07:56:17', '2024-04-20 07:56:17', 58, 68),
(91, '2024-04-20 07:56:17', '2024-04-20 07:56:17', 57, 69),
(92, '2024-04-20 07:56:17', '2024-04-20 07:56:17', 58, 69),
(93, '2024-04-20 07:56:17', '2024-04-20 07:56:17', 59, 70),
(94, '2024-04-20 07:56:17', '2024-04-20 07:56:17', 60, 71),
(95, '2024-04-20 07:56:17', '2024-04-20 07:56:17', 61, 71),
(96, '2024-04-20 07:56:17', '2024-04-20 07:56:17', 60, 72),
(97, '2024-04-20 07:56:17', '2024-04-20 07:56:17', 61, 72),
(98, '2024-04-20 07:56:17', '2024-04-20 07:56:17', 62, 73),
(99, '2024-04-20 07:56:17', '2024-04-20 07:56:17', 63, 74),
(100, '2024-04-20 07:56:17', '2024-04-20 07:56:17', 62, 74),
(101, '2024-04-20 07:56:17', '2024-04-20 07:56:17', 64, 74),
(102, '2024-04-20 07:56:17', '2024-04-20 07:56:17', 26, 75),
(103, '2024-04-20 07:56:17', '2024-04-20 07:56:17', 65, 76),
(104, '2024-04-20 07:56:17', '2024-04-20 07:56:17', 66, 77),
(105, '2024-04-20 07:56:17', '2024-04-20 07:56:17', 66, 78),
(106, '2024-04-20 07:56:17', '2024-04-20 07:56:17', 67, 78),
(107, '2024-04-20 07:56:17', '2024-04-20 07:56:17', 68, 79),
(108, '2024-04-20 07:56:17', '2024-04-20 07:56:17', 69, 80),
(109, '2024-04-20 07:56:17', '2024-04-20 07:56:17', 70, 81),
(110, '2024-04-20 07:56:17', '2024-04-20 07:56:17', 65, 81),
(111, '2024-04-20 07:56:17', '2024-04-20 07:56:17', 70, 82),
(112, '2024-04-20 07:56:17', '2024-04-20 07:56:17', 61, 83),
(113, '2024-04-20 07:56:17', '2024-04-20 07:56:17', 71, 83),
(114, '2024-04-20 07:56:17', '2024-04-20 07:56:17', 72, 83),
(115, '2024-04-20 07:56:17', '2024-04-20 07:56:17', 59, 83),
(116, '2024-04-20 07:56:17', '2024-04-20 07:56:17', 63, 84),
(117, '2024-04-20 07:56:17', '2024-04-20 07:56:17', 73, 85),
(118, '2024-04-20 07:56:17', '2024-04-20 07:56:17', 74, 86),
(119, '2024-04-20 07:56:17', '2024-04-20 07:56:17', 67, 86),
(120, '2024-04-20 07:56:17', '2024-04-20 07:56:17', 74, 87),
(121, '2024-04-20 07:56:17', '2024-04-20 07:56:17', 67, 87),
(122, '2024-04-20 07:56:17', '2024-04-20 07:56:17', 72, 88),
(123, '2024-04-20 07:56:17', '2024-04-20 07:56:17', 72, 89),
(124, '2024-04-20 07:56:17', '2024-04-20 07:56:17', 74, 90),
(125, '2024-04-20 07:56:17', '2024-04-20 07:56:17', 74, 91),
(126, '2024-04-20 07:56:17', '2024-04-20 07:56:17', 75, 92),
(127, '2024-04-20 07:56:17', '2024-04-20 07:56:17', 75, 93),
(128, '2024-04-20 07:56:17', '2024-04-20 07:56:17', 76, 94),
(129, '2024-04-20 07:56:17', '2024-04-20 07:56:17', 76, 95),
(130, '2024-04-20 07:56:17', '2024-04-20 07:56:17', 56, 96),
(131, '2024-04-20 07:56:17', '2024-04-20 07:56:17', 22, 97),
(132, '2024-04-20 07:56:17', '2024-04-20 07:56:17', 77, 98),
(133, '2024-04-20 07:56:17', '2024-04-20 07:56:17', 78, 99),
(134, '2024-04-20 07:56:17', '2024-04-20 07:56:17', 79, 100),
(135, '2024-04-20 07:56:17', '2024-04-20 07:56:17', 80, 101),
(136, '2024-04-20 07:56:17', '2024-04-20 07:56:17', 80, 102),
(137, '2024-04-20 07:56:17', '2024-04-20 07:56:17', 81, 103),
(138, '2024-04-20 07:56:17', '2024-04-20 07:56:17', 81, 104),
(139, '2024-04-20 07:56:17', '2024-04-20 07:56:17', 82, 105),
(140, '2024-04-20 07:56:17', '2024-04-20 07:56:17', 82, 106),
(141, '2024-04-20 07:56:17', '2024-04-20 07:56:17', 83, 107),
(142, '2024-04-20 07:56:17', '2024-04-20 07:56:17', 83, 108),
(143, '2024-04-20 07:56:17', '2024-04-20 07:56:17', 84, 108),
(144, '2024-04-20 07:56:17', '2024-04-20 07:56:17', 85, 108),
(145, '2024-04-20 07:56:17', '2024-04-20 07:56:17', 86, 109),
(146, '2024-04-20 07:56:17', '2024-04-20 07:56:17', 87, 110),
(147, '2024-04-20 07:56:17', '2024-04-20 07:56:17', 88, 111),
(148, '2024-04-20 07:56:17', '2024-04-20 07:56:17', 80, 112),
(149, '2024-04-20 07:56:17', '2024-04-20 07:56:17', 89, 112),
(150, '2024-04-20 07:56:17', '2024-04-20 07:56:17', 90, 112),
(151, '2024-04-20 07:56:17', '2024-04-20 07:56:17', 91, 113),
(152, '2024-04-20 07:56:17', '2024-04-20 07:56:17', 91, 104),
(153, '2024-04-20 07:56:17', '2024-04-20 07:56:17', 82, 114),
(154, '2024-04-20 07:56:17', '2024-04-20 07:56:17', 92, 115),
(155, '2024-04-20 07:56:17', '2024-04-20 07:56:17', 82, 115),
(156, '2024-04-20 07:56:17', '2024-04-20 07:56:17', 84, 107),
(157, '2024-04-20 07:56:17', '2024-04-20 07:56:17', 93, 108),
(158, '2024-04-20 07:56:17', '2024-04-20 07:56:17', 94, 108),
(159, '2024-04-20 07:56:17', '2024-04-20 07:56:17', 89, 116),
(160, '2024-04-20 07:56:17', '2024-04-20 07:56:17', 90, 101),
(161, '2024-04-20 07:56:17', '2024-04-20 07:56:17', 95, 104),
(162, '2024-04-20 07:56:17', '2024-04-20 07:56:17', 92, 114),
(163, '2024-04-20 07:56:17', '2024-04-20 07:56:17', 89, 117),
(164, '2024-04-20 07:56:17', '2024-04-20 07:56:17', 96, 118),
(165, '2024-04-20 07:56:17', '2024-04-20 07:56:17', 96, 119),
(166, '2024-04-20 07:56:17', '2024-04-20 07:56:17', 95, 120),
(167, '2024-04-20 07:56:17', '2024-04-20 07:56:17', 95, 121),
(168, '2024-04-20 07:56:17', '2024-04-20 07:56:17', 86, 121),
(169, '2024-04-20 07:56:17', '2024-04-20 07:56:17', 97, 122),
(170, '2024-04-20 07:56:17', '2024-04-20 07:56:17', 98, 123),
(171, '2024-04-20 07:56:17', '2024-04-20 07:56:17', 99, 123),
(172, '2024-04-20 07:56:17', '2024-04-20 07:56:17', 100, 124),
(173, '2024-04-20 07:56:17', '2024-04-20 07:56:17', 100, 125),
(174, '2024-04-20 07:56:17', '2024-04-20 07:56:17', 86, 126),
(175, '2024-04-20 07:56:17', '2024-04-20 07:56:17', 101, 127),
(176, '2024-04-20 07:56:17', '2024-04-20 07:56:17', 101, 128),
(177, '2024-04-20 07:56:17', '2024-04-20 07:56:17', 102, 128),
(178, '2024-04-20 07:56:17', '2024-04-20 07:56:17', 103, 129),
(179, '2024-04-20 07:56:17', '2024-04-20 07:56:17', 104, 130),
(180, '2024-04-20 07:56:17', '2024-04-20 07:56:17', 105, 119),
(181, '2024-04-20 07:56:17', '2024-04-20 07:56:17', 106, 128),
(182, '2024-04-20 07:56:17', '2024-04-20 07:56:17', 107, 129),
(183, '2024-04-20 07:56:17', '2024-04-20 07:56:17', 108, 131),
(184, '2024-04-20 07:56:17', '2024-04-20 07:56:17', 108, 132),
(185, '2024-04-20 07:56:17', '2024-04-20 07:56:17', 109, 133),
(186, '2024-04-20 07:56:17', '2024-04-20 07:56:17', 109, 134),
(187, '2024-04-20 07:56:17', '2024-04-20 07:56:17', 110, 135),
(188, '2024-04-20 07:56:17', '2024-04-20 07:56:17', 110, 136),
(189, '2024-04-20 07:56:17', '2024-04-20 07:56:17', 111, 137),
(190, '2024-04-20 07:56:17', '2024-04-20 07:56:17', 111, 138),
(191, '2024-04-20 07:56:17', '2024-04-20 07:56:17', 112, 139),
(192, '2024-04-20 07:56:17', '2024-04-20 07:56:17', 113, 139),
(193, '2024-04-20 07:56:17', '2024-04-20 07:56:17', 92, 140),
(194, '2024-04-20 07:56:17', '2024-04-20 07:56:17', 114, 141),
(195, '2024-04-20 07:56:17', '2024-04-20 07:56:17', 115, 141),
(196, '2024-04-20 07:56:17', '2024-04-20 07:56:17', 81, 142),
(197, '2024-04-20 07:56:17', '2024-04-20 07:56:17', 116, 142),
(198, '2024-04-20 07:56:17', '2024-04-20 07:56:17', 71, 142),
(199, '2024-04-20 07:56:17', '2024-04-20 07:56:17', 117, 142),
(200, '2024-04-20 07:56:17', '2024-04-20 07:56:17', 118, 142),
(201, '2024-04-20 07:56:17', '2024-04-20 07:56:17', 119, 142),
(202, '2024-04-20 07:56:17', '2024-04-20 07:56:17', 55, 142),
(203, '2024-04-20 07:56:17', '2024-04-20 07:56:17', 120, 142),
(204, '2024-04-20 07:56:17', '2024-04-20 07:56:17', 94, 142),
(205, '2024-04-20 07:56:17', '2024-04-20 07:56:17', 121, 142),
(206, '2024-04-20 07:56:17', '2024-04-20 07:56:17', 122, 143),
(207, '2024-04-20 07:56:17', '2024-04-20 07:56:17', 90, 144),
(208, '2024-04-20 07:56:17', '2024-04-20 07:56:17', 108, 144),
(209, '2024-04-20 07:56:17', '2024-04-20 07:56:17', 123, 145),
(210, '2024-04-20 07:56:17', '2024-04-20 07:56:17', 124, 146),
(211, '2024-04-20 07:56:17', '2024-04-20 07:56:17', 109, 146),
(212, '2024-04-20 07:56:17', '2024-04-20 07:56:17', 125, 136),
(213, '2024-04-20 07:56:17', '2024-04-20 07:56:17', 126, 147),
(214, '2024-04-20 07:56:17', '2024-04-20 07:56:17', 126, 148),
(215, '2024-04-20 07:56:17', '2024-04-20 07:56:17', 127, 139),
(216, '2024-04-20 07:56:17', '2024-04-20 07:56:17', 111, 141),
(217, '2024-04-20 07:56:17', '2024-04-20 07:56:17', 122, 149),
(218, '2024-04-20 07:56:17', '2024-04-20 07:56:17', 102, 150),
(219, '2024-04-20 07:56:17', '2024-04-20 07:56:17', 102, 151),
(220, '2024-04-20 07:56:17', '2024-04-20 07:56:17', 128, 152),
(221, '2024-04-20 07:56:17', '2024-04-20 07:56:17', 128, 153),
(222, '2024-04-20 07:56:17', '2024-04-20 07:56:17', 129, 154),
(223, '2024-04-20 07:56:17', '2024-04-20 07:56:17', 129, 155),
(224, '2024-04-20 07:56:17', '2024-04-20 07:56:17', 130, 156),
(225, '2024-04-20 07:56:17', '2024-04-20 07:56:17', 130, 157),
(226, '2024-04-20 07:56:17', '2024-04-20 07:56:17', 131, 158),
(227, '2024-04-20 07:56:17', '2024-04-20 07:56:17', 92, 159),
(228, '2024-04-20 07:56:17', '2024-04-20 07:56:17', 122, 160),
(229, '2024-04-20 07:56:17', '2024-04-20 07:56:17', 120, 161),
(230, '2024-04-20 07:56:17', '2024-04-20 07:56:17', 85, 161),
(231, '2024-04-20 07:56:17', '2024-04-20 07:56:17', 132, 161),
(232, '2024-04-20 07:56:17', '2024-04-20 07:56:17', 81, 161),
(233, '2024-04-20 07:56:17', '2024-04-20 07:56:17', 119, 161),
(234, '2024-04-20 07:56:17', '2024-04-20 07:56:17', 94, 161),
(235, '2024-04-20 07:56:17', '2024-04-20 07:56:17', 55, 161),
(236, '2024-04-20 07:56:17', '2024-04-20 07:56:17', 118, 161),
(237, '2024-04-20 07:56:17', '2024-04-20 07:56:17', 116, 161),
(238, '2024-04-20 07:56:17', '2024-04-20 07:56:17', 71, 161),
(239, '2024-04-20 07:56:17', '2024-04-20 07:56:17', 105, 162),
(240, '2024-04-20 07:56:17', '2024-04-20 07:56:17', 105, 163),
(241, '2024-04-20 07:56:17', '2024-04-20 07:56:17', 132, 164),
(242, '2024-04-20 07:56:17', '2024-04-20 07:56:17', 132, 165),
(243, '2024-04-20 07:56:17', '2024-04-20 07:56:17', 124, 166),
(244, '2024-04-20 07:56:17', '2024-04-20 07:56:17', 124, 167),
(245, '2024-04-20 07:56:17', '2024-04-20 07:56:17', 133, 168),
(246, '2024-04-20 07:56:17', '2024-04-20 07:56:17', 134, 169),
(247, '2024-04-20 07:56:17', '2024-04-20 07:56:17', 127, 170),
(248, '2024-04-20 07:56:17', '2024-04-20 07:56:17', 122, 171),
(249, '2024-04-20 07:56:17', '2024-04-20 07:56:17', 92, 172),
(250, '2024-04-20 07:56:17', '2024-04-20 07:56:17', 85, 173),
(251, '2024-04-20 07:56:17', '2024-04-20 07:56:17', 132, 173),
(252, '2024-04-20 07:56:17', '2024-04-20 07:56:17', 81, 173),
(253, '2024-04-20 07:56:17', '2024-04-20 07:56:17', 118, 173),
(254, '2024-04-20 07:56:17', '2024-04-20 07:56:17', 94, 173),
(255, '2024-04-20 07:56:17', '2024-04-20 07:56:17', 119, 173),
(256, '2024-04-20 07:56:17', '2024-04-20 07:56:17', 55, 173),
(257, '2024-04-20 07:56:17', '2024-04-20 07:56:17', 116, 173),
(258, '2024-04-20 07:56:17', '2024-04-20 07:56:17', 71, 173),
(259, '2024-04-20 07:56:17', '2024-04-20 07:56:17', 120, 173),
(260, '2024-04-20 07:56:17', '2024-04-20 07:56:17', 105, 174),
(261, '2024-04-20 07:56:17', '2024-04-20 07:56:17', 105, 175),
(262, '2024-04-20 07:56:17', '2024-04-20 07:56:17', 132, 176),
(263, '2024-04-20 07:56:17', '2024-04-20 07:56:17', 125, 177),
(264, '2024-04-20 07:56:17', '2024-04-20 07:56:17', 135, 178),
(265, '2024-04-20 07:56:17', '2024-04-20 07:56:17', 135, 179),
(266, '2024-04-20 07:56:17', '2024-04-20 07:56:17', 136, 180),
(267, '2024-04-20 07:56:17', '2024-04-20 07:56:17', 137, 181),
(268, '2024-04-20 07:56:17', '2024-04-20 07:56:17', 138, 182),
(269, '2024-04-20 07:56:17', '2024-04-20 07:56:17', 138, 183),
(270, '2024-04-20 07:56:17', '2024-04-20 07:56:17', 137, 184),
(271, '2024-04-20 07:56:17', '2024-04-20 07:56:17', 92, 185),
(272, '2024-04-20 07:56:17', '2024-04-20 07:56:17', 122, 186),
(273, '2024-04-20 07:56:17', '2024-04-20 07:56:17', 85, 187),
(274, '2024-04-20 07:56:17', '2024-04-20 07:56:17', 132, 187),
(275, '2024-04-20 07:56:17', '2024-04-20 07:56:17', 81, 187),
(276, '2024-04-20 07:56:17', '2024-04-20 07:56:17', 118, 187),
(277, '2024-04-20 07:56:17', '2024-04-20 07:56:17', 94, 187),
(278, '2024-04-20 07:56:17', '2024-04-20 07:56:17', 119, 187),
(279, '2024-04-20 07:56:17', '2024-04-20 07:56:17', 55, 187),
(280, '2024-04-20 07:56:17', '2024-04-20 07:56:17', 116, 187),
(281, '2024-04-20 07:56:17', '2024-04-20 07:56:17', 71, 187),
(282, '2024-04-20 07:56:17', '2024-04-20 07:56:17', 120, 187),
(283, '2024-04-20 07:56:17', '2024-04-20 07:56:17', 139, 188),
(284, '2024-04-20 07:56:17', '2024-04-20 07:56:17', 140, 189),
(285, '2024-04-20 07:56:17', '2024-04-20 07:56:17', 141, 189),
(286, '2024-04-20 07:56:17', '2024-04-20 07:56:17', 142, 190),
(287, '2024-04-20 07:56:17', '2024-04-20 07:56:17', 56, 191),
(288, '2024-04-20 07:56:17', '2024-04-20 07:56:17', 143, 191),
(289, '2024-04-20 07:56:17', '2024-04-20 07:56:17', 144, 192),
(290, '2024-04-20 07:56:17', '2024-04-20 07:56:17', 139, 193),
(291, '2024-04-20 07:56:17', '2024-04-20 07:56:17', 55, 193),
(292, '2024-04-20 07:56:17', '2024-04-20 07:56:17', 145, 194),
(293, '2024-04-20 07:56:17', '2024-04-20 07:56:17', 139, 195),
(294, '2024-04-20 07:56:17', '2024-04-20 07:56:17', 145, 196),
(295, '2024-04-20 07:56:17', '2024-04-20 07:56:17', 146, 197),
(296, '2024-04-20 07:56:17', '2024-04-20 07:56:17', 140, 198),
(297, '2024-04-20 07:56:17', '2024-04-20 07:56:17', 147, 199),
(298, '2024-04-20 07:56:17', '2024-04-20 07:56:17', 22, 200),
(299, '2024-04-20 07:56:17', '2024-04-20 07:56:17', 148, 201),
(300, '2024-04-20 07:56:17', '2024-04-20 07:56:17', 55, 202),
(301, '2024-04-20 07:56:17', '2024-04-20 07:56:17', 56, 203),
(302, '2024-04-20 07:56:17', '2024-04-20 07:56:17', 149, 204),
(303, '2024-04-20 07:56:17', '2024-04-20 07:56:17', 145, 205),
(304, '2024-04-20 07:56:17', '2024-04-20 07:56:17', 150, 206),
(305, '2024-04-20 07:56:17', '2024-04-20 07:56:17', 151, 206),
(306, '2024-04-20 07:56:17', '2024-04-20 07:56:17', 139, 207),
(307, '2024-04-20 07:56:17', '2024-04-20 07:56:17', 145, 208),
(308, '2024-04-20 07:56:17', '2024-04-20 07:56:17', 152, 208),
(309, '2024-04-20 07:56:17', '2024-04-20 07:56:17', 153, 209),
(310, '2024-04-20 07:56:17', '2024-04-20 07:56:17', 153, 210),
(311, '2024-04-20 07:56:17', '2024-04-20 07:56:17', 153, 211),
(312, '2024-04-20 07:56:17', '2024-04-20 07:56:17', 140, 212),
(313, '2024-04-20 07:56:17', '2024-04-20 07:56:17', 154, 213),
(314, '2024-04-20 07:56:17', '2024-04-20 07:56:17', 43, 213),
(315, '2024-04-20 07:56:17', '2024-04-20 07:56:17', 154, 214),
(316, '2024-04-20 07:56:17', '2024-04-20 07:56:17', 43, 214),
(317, '2024-04-20 07:56:17', '2024-04-20 07:56:17', 141, 215),
(318, '2024-04-20 07:56:17', '2024-04-20 07:56:17', 141, 216),
(319, '2024-04-20 07:56:17', '2024-04-20 07:56:17', 140, 216),
(320, '2024-04-20 07:56:17', '2024-04-20 07:56:17', 147, 217),
(321, '2024-04-20 07:56:17', '2024-04-20 07:56:17', 56, 218),
(322, '2024-04-20 07:56:17', '2024-04-20 07:56:17', 147, 218),
(323, '2024-04-20 07:56:17', '2024-04-20 07:56:17', 55, 219),
(324, '2024-04-20 07:56:17', '2024-04-20 07:56:17', 56, 220),
(325, '2024-04-20 07:56:17', '2024-04-20 07:56:17', 72, 221),
(326, '2024-04-20 07:56:17', '2024-04-20 07:56:17', 155, 222),
(327, '2024-04-20 07:56:17', '2024-04-20 07:56:17', 156, 223),
(328, '2024-04-20 07:56:17', '2024-04-20 07:56:17', 157, 224),
(329, '2024-04-20 07:56:17', '2024-04-20 07:56:17', 157, 225),
(330, '2024-04-20 07:56:17', '2024-04-20 07:56:17', 158, 226),
(331, '2024-04-20 07:56:17', '2024-04-20 07:56:17', 158, 227),
(332, '2024-04-20 07:56:17', '2024-04-20 07:56:17', 159, 227),
(333, '2024-04-20 07:56:17', '2024-04-20 07:56:17', 7, 228),
(334, '2024-04-20 07:56:17', '2024-04-20 07:56:17', 160, 229),
(335, '2024-04-20 07:56:17', '2024-04-20 07:56:17', 159, 230),
(336, '2024-04-20 07:56:17', '2024-04-20 07:56:17', 159, 231),
(337, '2024-04-20 07:56:17', '2024-04-20 07:56:17', 78, 232),
(338, '2024-04-20 07:56:17', '2024-04-20 07:56:17', 77, 233),
(339, '2024-04-20 07:56:17', '2024-04-20 07:56:17', 22, 234),
(340, '2024-04-20 07:56:17', '2024-04-20 07:56:17', 161, 235),
(341, '2024-04-20 07:56:17', '2024-04-20 07:56:17', 162, 236),
(342, '2024-04-20 07:56:17', '2024-04-20 07:56:17', 163, 237),
(343, '2024-04-20 07:56:17', '2024-04-20 07:56:17', 164, 238),
(344, '2024-04-20 07:56:17', '2024-04-20 07:56:17', 164, 239),
(345, '2024-04-20 07:56:17', '2024-04-20 07:56:17', 165, 240),
(346, '2024-04-20 07:56:17', '2024-04-20 07:56:17', 165, 241),
(347, '2024-04-20 07:56:17', '2024-04-20 07:56:17', 166, 242),
(348, '2024-04-20 07:56:17', '2024-04-20 07:56:17', 166, 243),
(349, '2024-04-20 07:56:17', '2024-04-20 07:56:17', 2, 244),
(350, '2024-04-20 07:56:17', '2024-04-20 07:56:17', 167, 245),
(351, '2024-04-20 07:56:17', '2024-04-20 07:56:17', 167, 246),
(352, '2024-04-20 07:56:17', '2024-04-20 07:56:17', 168, 247),
(353, '2024-04-20 07:56:17', '2024-04-20 07:56:17', 169, 248),
(354, '2024-04-20 07:56:17', '2024-04-20 07:56:17', 170, 249),
(355, '2024-04-20 07:56:17', '2024-04-20 07:56:17', 171, 250),
(356, '2024-04-20 07:56:17', '2024-04-20 07:56:17', 172, 251),
(357, '2024-04-20 07:56:17', '2024-04-20 07:56:17', 173, 251),
(358, '2024-04-20 07:56:17', '2024-04-20 07:56:17', 174, 252),
(359, '2024-04-20 07:56:17', '2024-04-20 07:56:17', 175, 252),
(360, '2024-04-20 07:56:17', '2024-04-20 07:56:17', 176, 252),
(361, '2024-04-20 07:56:17', '2024-04-20 07:56:17', 175, 253),
(362, '2024-04-20 07:56:17', '2024-04-20 07:56:17', 177, 253),
(363, '2024-04-20 07:56:17', '2024-04-20 07:56:17', 176, 253),
(364, '2024-04-20 07:56:17', '2024-04-20 07:56:17', 178, 254),
(365, '2024-04-20 07:56:17', '2024-04-20 07:56:17', 179, 254),
(366, '2024-04-20 07:56:17', '2024-04-20 07:56:17', 180, 254),
(367, '2024-04-20 07:56:17', '2024-04-20 07:56:17', 179, 255),
(368, '2024-04-20 07:56:17', '2024-04-20 07:56:17', 180, 255),
(369, '2024-04-20 07:56:17', '2024-04-20 07:56:17', 181, 256),
(370, '2024-04-20 07:56:17', '2024-04-20 07:56:17', 182, 257),
(371, '2024-04-20 07:56:17', '2024-04-20 07:56:17', 183, 258),
(372, '2024-04-20 07:56:17', '2024-04-20 07:56:17', 89, 259),
(373, '2024-04-20 07:56:17', '2024-04-20 07:56:17', 183, 259),
(374, '2024-04-20 07:56:17', '2024-04-20 07:56:17', 160, 260),
(375, '2024-04-20 07:56:17', '2024-04-20 07:56:17', 184, 261),
(376, '2024-04-20 07:56:17', '2024-04-20 07:56:17', 185, 262),
(377, '2024-04-20 07:56:17', '2024-04-20 07:56:17', 186, 263),
(378, '2024-04-20 07:56:17', '2024-04-20 07:56:17', 187, 264),
(379, '2024-04-20 07:56:17', '2024-04-20 07:56:17', 188, 264),
(380, '2024-04-20 07:56:17', '2024-04-20 07:56:17', 189, 265),
(381, '2024-04-20 07:56:17', '2024-04-20 07:56:17', 190, 266),
(382, '2024-04-20 07:56:17', '2024-04-20 07:56:17', 155, 266),
(383, '2024-04-20 07:56:17', '2024-04-20 07:56:17', 191, 267),
(384, '2024-04-20 07:56:17', '2024-04-20 07:56:17', 191, 268),
(385, '2024-04-20 07:56:17', '2024-04-20 07:56:17', 172, 268),
(386, '2024-04-20 07:56:17', '2024-04-20 07:56:17', 171, 269),
(387, '2024-04-20 07:56:17', '2024-04-20 07:56:17', 192, 270),
(388, '2024-04-20 07:56:17', '2024-04-20 07:56:17', 193, 271),
(389, '2024-04-20 07:56:17', '2024-04-20 07:56:17', 194, 272),
(390, '2024-04-20 07:56:17', '2024-04-20 07:56:17', 195, 273),
(391, '2024-04-20 07:56:17', '2024-04-20 07:56:17', 196, 274),
(392, '2024-04-20 07:56:17', '2024-04-20 07:56:17', 197, 275),
(393, '2024-04-20 07:56:17', '2024-04-20 07:56:17', 198, 275),
(394, '2024-04-20 07:56:17', '2024-04-20 07:56:17', 197, 276),
(395, '2024-04-20 07:56:17', '2024-04-20 07:56:17', 198, 276),
(396, '2024-04-20 07:56:17', '2024-04-20 07:56:17', 199, 277),
(397, '2024-04-20 07:56:17', '2024-04-20 07:56:17', 200, 277),
(398, '2024-04-20 07:56:17', '2024-04-20 07:56:17', 201, 277),
(399, '2024-04-20 07:56:17', '2024-04-20 07:56:17', 202, 277),
(400, '2024-04-20 07:56:17', '2024-04-20 07:56:17', 203, 278),
(401, '2024-04-20 07:56:17', '2024-04-20 07:56:17', 204, 278),
(402, '2024-04-20 07:56:17', '2024-04-20 07:56:17', 205, 278),
(403, '2024-04-20 07:56:17', '2024-04-20 07:56:17', 203, 279),
(404, '2024-04-20 07:56:17', '2024-04-20 07:56:17', 206, 279),
(405, '2024-04-20 07:56:17', '2024-04-20 07:56:17', 207, 279),
(406, '2024-04-20 07:56:17', '2024-04-20 07:56:17', 208, 279),
(407, '2024-04-20 07:56:17', '2024-04-20 07:56:17', 209, 279),
(408, '2024-04-20 07:56:17', '2024-04-20 07:56:17', 210, 279),
(409, '2024-04-20 07:56:17', '2024-04-20 07:56:17', 211, 279),
(410, '2024-04-20 07:56:17', '2024-04-20 07:56:17', 212, 280),
(411, '2024-04-20 07:56:17', '2024-04-20 07:56:17', 213, 280),
(412, '2024-04-20 07:56:17', '2024-04-20 07:56:17', 214, 280),
(413, '2024-04-20 07:56:17', '2024-04-20 07:56:17', 212, 281),
(414, '2024-04-20 07:56:17', '2024-04-20 07:56:17', 215, 281),
(415, '2024-04-20 07:56:17', '2024-04-20 07:56:17', 214, 281),
(416, '2024-04-20 07:56:17', '2024-04-20 07:56:17', 216, 282),
(417, '2024-04-20 07:56:17', '2024-04-20 07:56:17', 217, 283),
(418, '2024-04-20 07:56:17', '2024-04-20 07:56:17', 218, 284),
(419, '2024-04-20 07:56:17', '2024-04-20 07:56:17', 219, 284),
(420, '2024-04-20 07:56:17', '2024-04-20 07:56:17', 220, 285),
(421, '2024-04-20 07:56:17', '2024-04-20 07:56:17', 221, 285),
(422, '2024-04-20 07:56:17', '2024-04-20 07:56:17', 202, 285),
(423, '2024-04-20 07:56:17', '2024-04-20 07:56:17', 222, 286),
(424, '2024-04-20 07:56:17', '2024-04-20 07:56:17', 223, 287),
(425, '2024-04-20 07:56:17', '2024-04-20 07:56:17', 224, 288),
(426, '2024-04-20 07:56:17', '2024-04-20 07:56:17', 225, 289),
(427, '2024-04-20 07:56:17', '2024-04-20 07:56:17', 207, 290),
(428, '2024-04-20 07:56:17', '2024-04-20 07:56:17', 225, 291),
(429, '2024-04-20 07:56:17', '2024-04-20 07:56:17', 207, 292),
(430, '2024-04-20 07:56:17', '2024-04-20 07:56:17', 226, 293),
(431, '2024-04-20 07:56:17', '2024-04-20 07:56:17', 226, 294),
(432, '2024-04-20 07:56:17', '2024-04-20 07:56:17', 210, 295),
(433, '2024-04-20 07:56:17', '2024-04-20 07:56:17', 210, 296),
(434, '2024-04-20 07:56:17', '2024-04-20 07:56:17', 227, 297),
(435, '2024-04-20 07:56:17', '2024-04-20 07:56:17', 227, 298),
(436, '2024-04-20 07:56:17', '2024-04-20 07:56:17', 228, 299),
(437, '2024-04-20 07:56:17', '2024-04-20 07:56:17', 229, 300),
(438, '2024-04-20 07:56:17', '2024-04-20 07:56:17', 230, 301),
(439, '2024-04-20 07:56:17', '2024-04-20 07:56:17', 230, 302),
(440, '2024-04-20 07:56:17', '2024-04-20 07:56:17', 231, 303),
(441, '2024-04-20 07:56:17', '2024-04-20 07:56:17', 232, 304),
(442, '2024-04-20 07:56:17', '2024-04-20 07:56:17', 233, 305),
(443, '2024-04-20 07:56:17', '2024-04-20 07:56:17', 234, 306),
(444, '2024-04-20 07:56:17', '2024-04-20 07:56:17', 235, 307),
(445, '2024-04-20 07:56:17', '2024-04-20 07:56:17', 206, 308),
(446, '2024-04-20 07:56:17', '2024-04-20 07:56:17', 230, 309),
(447, '2024-04-20 07:56:17', '2024-04-20 07:56:17', 236, 310),
(448, '2024-04-20 07:56:17', '2024-04-20 07:56:17', 207, 311),
(449, '2024-04-20 07:56:17', '2024-04-20 07:56:17', 225, 312),
(450, '2024-04-20 07:56:17', '2024-04-20 07:56:17', 226, 313),
(451, '2024-04-20 07:56:17', '2024-04-20 07:56:17', 226, 314),
(452, '2024-04-20 07:56:17', '2024-04-20 07:56:17', 227, 315),
(453, '2024-04-20 07:56:17', '2024-04-20 07:56:17', 232, 316),
(454, '2024-04-20 07:56:17', '2024-04-20 07:56:17', 233, 317),
(455, '2024-04-20 07:56:17', '2024-04-20 07:56:17', 229, 318),
(456, '2024-04-20 07:56:17', '2024-04-20 07:56:17', 237, 319),
(457, '2024-04-20 07:56:17', '2024-04-20 07:56:17', 238, 319),
(458, '2024-04-20 07:56:17', '2024-04-20 07:56:17', 239, 320),
(459, '2024-04-20 07:56:17', '2024-04-20 07:56:17', 239, 321),
(460, '2024-04-20 07:56:17', '2024-04-20 07:56:17', 240, 322),
(461, '2024-04-20 07:56:17', '2024-04-20 07:56:17', 241, 323),
(462, '2024-04-20 07:56:17', '2024-04-20 07:56:17', 242, 324),
(463, '2024-04-20 07:56:17', '2024-04-20 07:56:17', 242, 325),
(464, '2024-04-20 07:56:17', '2024-04-20 07:56:17', 243, 326),
(465, '2024-04-20 07:56:17', '2024-04-20 07:56:17', 243, 327),
(466, '2024-04-20 07:56:17', '2024-04-20 07:56:17', 244, 328),
(467, '2024-04-20 07:56:17', '2024-04-20 07:56:17', 245, 329),
(468, '2024-04-20 07:56:17', '2024-04-20 07:56:17', 246, 330),
(469, '2024-04-20 07:56:17', '2024-04-20 07:56:17', 238, 331),
(470, '2024-04-20 07:56:17', '2024-04-20 07:56:17', 247, 332),
(471, '2024-04-20 07:56:17', '2024-04-20 07:56:17', 248, 333),
(472, '2024-04-20 07:56:17', '2024-04-20 07:56:17', 237, 334),
(473, '2024-04-20 07:56:17', '2024-04-20 07:56:17', 247, 335),
(474, '2024-04-20 07:56:17', '2024-04-20 07:56:17', 241, 336),
(475, '2024-04-20 07:56:17', '2024-04-20 07:56:17', 248, 337),
(476, '2024-04-20 07:56:17', '2024-04-20 07:56:17', 249, 338),
(477, '2024-04-20 07:56:17', '2024-04-20 07:56:17', 250, 339),
(478, '2024-04-20 07:56:17', '2024-04-20 07:56:17', 251, 340),
(479, '2024-04-20 07:56:17', '2024-04-20 07:56:17', 252, 341),
(480, '2024-04-20 07:56:17', '2024-04-20 07:56:17', 253, 342),
(481, '2024-04-20 07:56:17', '2024-04-20 07:56:17', 254, 342),
(482, '2024-04-20 07:56:17', '2024-04-20 07:56:17', 253, 343),
(483, '2024-04-20 07:56:17', '2024-04-20 07:56:17', 254, 343),
(484, '2024-04-20 07:56:17', '2024-04-20 07:56:17', 255, 344),
(485, '2024-04-20 07:56:17', '2024-04-20 07:56:17', 256, 345),
(486, '2024-04-20 07:56:17', '2024-04-20 07:56:17', 257, 345),
(487, '2024-04-20 07:56:17', '2024-04-20 07:56:17', 256, 346),
(488, '2024-04-20 07:56:17', '2024-04-20 07:56:17', 257, 346),
(489, '2024-04-20 07:56:17', '2024-04-20 07:56:17', 258, 347),
(490, '2024-04-20 07:56:17', '2024-04-20 07:56:17', 259, 348),
(491, '2024-04-20 07:56:17', '2024-04-20 07:56:17', 258, 348),
(492, '2024-04-20 07:56:17', '2024-04-20 07:56:17', 260, 348),
(493, '2024-04-20 07:56:17', '2024-04-20 07:56:17', 222, 349),
(494, '2024-04-20 07:56:17', '2024-04-20 07:56:17', 261, 350),
(495, '2024-04-20 07:56:17', '2024-04-20 07:56:17', 262, 351),
(496, '2024-04-20 07:56:17', '2024-04-20 07:56:17', 262, 352),
(497, '2024-04-20 07:56:17', '2024-04-20 07:56:17', 263, 352),
(498, '2024-04-20 07:56:17', '2024-04-20 07:56:17', 264, 353),
(499, '2024-04-20 07:56:17', '2024-04-20 07:56:17', 265, 354),
(500, '2024-04-20 07:56:17', '2024-04-20 07:56:17', 266, 355),
(501, '2024-04-20 07:56:17', '2024-04-20 07:56:17', 261, 355),
(502, '2024-04-20 07:56:17', '2024-04-20 07:56:17', 266, 356),
(503, '2024-04-20 07:56:17', '2024-04-20 07:56:17', 257, 357),
(504, '2024-04-20 07:56:17', '2024-04-20 07:56:17', 267, 357),
(505, '2024-04-20 07:56:17', '2024-04-20 07:56:17', 268, 357),
(506, '2024-04-20 07:56:17', '2024-04-20 07:56:17', 255, 357),
(507, '2024-04-20 07:56:17', '2024-04-20 07:56:17', 259, 358),
(508, '2024-04-20 07:56:17', '2024-04-20 07:56:17', 269, 359),
(509, '2024-04-20 07:56:17', '2024-04-20 07:56:17', 270, 360),
(510, '2024-04-20 07:56:17', '2024-04-20 07:56:17', 263, 360),
(511, '2024-04-20 07:56:17', '2024-04-20 07:56:17', 270, 361),
(512, '2024-04-20 07:56:17', '2024-04-20 07:56:17', 263, 361),
(513, '2024-04-20 07:56:17', '2024-04-20 07:56:17', 268, 362),
(514, '2024-04-20 07:56:17', '2024-04-20 07:56:17', 268, 363),
(515, '2024-04-20 07:56:17', '2024-04-20 07:56:17', 270, 364),
(516, '2024-04-20 07:56:17', '2024-04-20 07:56:17', 270, 365),
(517, '2024-04-20 07:56:17', '2024-04-20 07:56:17', 271, 366),
(518, '2024-04-20 07:56:17', '2024-04-20 07:56:17', 271, 367),
(519, '2024-04-20 07:56:17', '2024-04-20 07:56:17', 272, 368),
(520, '2024-04-20 07:56:17', '2024-04-20 07:56:17', 272, 369),
(521, '2024-04-20 07:56:17', '2024-04-20 07:56:17', 252, 370),
(522, '2024-04-20 07:56:17', '2024-04-20 07:56:17', 218, 371),
(523, '2024-04-20 07:56:17', '2024-04-20 07:56:17', 273, 372),
(524, '2024-04-20 07:56:17', '2024-04-20 07:56:17', 274, 373),
(525, '2024-04-20 07:56:17', '2024-04-20 07:56:17', 275, 374),
(526, '2024-04-20 07:56:17', '2024-04-20 07:56:17', 276, 375),
(527, '2024-04-20 07:56:17', '2024-04-20 07:56:17', 276, 376),
(528, '2024-04-20 07:56:17', '2024-04-20 07:56:17', 277, 377),
(529, '2024-04-20 07:56:17', '2024-04-20 07:56:17', 277, 378),
(530, '2024-04-20 07:56:17', '2024-04-20 07:56:17', 278, 379),
(531, '2024-04-20 07:56:17', '2024-04-20 07:56:17', 278, 380),
(532, '2024-04-20 07:56:17', '2024-04-20 07:56:17', 279, 381),
(533, '2024-04-20 07:56:17', '2024-04-20 07:56:17', 279, 382),
(534, '2024-04-20 07:56:17', '2024-04-20 07:56:17', 280, 382),
(535, '2024-04-20 07:56:17', '2024-04-20 07:56:17', 281, 382),
(536, '2024-04-20 07:56:17', '2024-04-20 07:56:17', 282, 383),
(537, '2024-04-20 07:56:17', '2024-04-20 07:56:17', 283, 384),
(538, '2024-04-20 07:56:17', '2024-04-20 07:56:17', 284, 385),
(539, '2024-04-20 07:56:17', '2024-04-20 07:56:17', 276, 386),
(540, '2024-04-20 07:56:17', '2024-04-20 07:56:17', 285, 386),
(541, '2024-04-20 07:56:17', '2024-04-20 07:56:17', 286, 386),
(542, '2024-04-20 07:56:17', '2024-04-20 07:56:17', 287, 387),
(543, '2024-04-20 07:56:17', '2024-04-20 07:56:17', 287, 378),
(544, '2024-04-20 07:56:17', '2024-04-20 07:56:17', 278, 388),
(545, '2024-04-20 07:56:17', '2024-04-20 07:56:17', 288, 389),
(546, '2024-04-20 07:56:17', '2024-04-20 07:56:17', 278, 389),
(547, '2024-04-20 07:56:17', '2024-04-20 07:56:17', 280, 381),
(548, '2024-04-20 07:56:17', '2024-04-20 07:56:17', 289, 382),
(549, '2024-04-20 07:56:17', '2024-04-20 07:56:17', 290, 382),
(550, '2024-04-20 07:56:17', '2024-04-20 07:56:17', 285, 390),
(551, '2024-04-20 07:56:17', '2024-04-20 07:56:17', 286, 375),
(552, '2024-04-20 07:56:17', '2024-04-20 07:56:17', 291, 378),
(553, '2024-04-20 07:56:17', '2024-04-20 07:56:17', 288, 388),
(554, '2024-04-20 07:56:17', '2024-04-20 07:56:17', 285, 391),
(555, '2024-04-20 07:56:17', '2024-04-20 07:56:17', 292, 392),
(556, '2024-04-20 07:56:17', '2024-04-20 07:56:17', 292, 393),
(557, '2024-04-20 07:56:17', '2024-04-20 07:56:17', 291, 394),
(558, '2024-04-20 07:56:17', '2024-04-20 07:56:17', 291, 395),
(559, '2024-04-20 07:56:17', '2024-04-20 07:56:17', 282, 395),
(560, '2024-04-20 07:56:17', '2024-04-20 07:56:17', 293, 396),
(561, '2024-04-20 07:56:17', '2024-04-20 07:56:17', 294, 397),
(562, '2024-04-20 07:56:17', '2024-04-20 07:56:17', 295, 397),
(563, '2024-04-20 07:56:17', '2024-04-20 07:56:17', 296, 398),
(564, '2024-04-20 07:56:17', '2024-04-20 07:56:17', 296, 399),
(565, '2024-04-20 07:56:17', '2024-04-20 07:56:17', 282, 400),
(566, '2024-04-20 07:56:17', '2024-04-20 07:56:17', 297, 401),
(567, '2024-04-20 07:56:17', '2024-04-20 07:56:17', 297, 402),
(568, '2024-04-20 07:56:17', '2024-04-20 07:56:17', 298, 402),
(569, '2024-04-20 07:56:17', '2024-04-20 07:56:17', 299, 403),
(570, '2024-04-20 07:56:17', '2024-04-20 07:56:17', 300, 404),
(571, '2024-04-20 07:56:17', '2024-04-20 07:56:17', 301, 393),
(572, '2024-04-20 07:56:17', '2024-04-20 07:56:17', 302, 402),
(573, '2024-04-20 07:56:17', '2024-04-20 07:56:17', 303, 403),
(574, '2024-04-20 07:56:17', '2024-04-20 07:56:17', 304, 405),
(575, '2024-04-20 07:56:17', '2024-04-20 07:56:17', 304, 406),
(576, '2024-04-20 07:56:17', '2024-04-20 07:56:17', 305, 407),
(577, '2024-04-20 07:56:17', '2024-04-20 07:56:17', 305, 408),
(578, '2024-04-20 07:56:17', '2024-04-20 07:56:17', 306, 409),
(579, '2024-04-20 07:56:17', '2024-04-20 07:56:17', 306, 410),
(580, '2024-04-20 07:56:17', '2024-04-20 07:56:17', 307, 411),
(581, '2024-04-20 07:56:17', '2024-04-20 07:56:17', 307, 412),
(582, '2024-04-20 07:56:17', '2024-04-20 07:56:17', 308, 413),
(583, '2024-04-20 07:56:17', '2024-04-20 07:56:17', 309, 413),
(584, '2024-04-20 07:56:17', '2024-04-20 07:56:17', 288, 414),
(585, '2024-04-20 07:56:17', '2024-04-20 07:56:17', 310, 415),
(586, '2024-04-20 07:56:17', '2024-04-20 07:56:17', 311, 415),
(587, '2024-04-20 07:56:17', '2024-04-20 07:56:17', 277, 416),
(588, '2024-04-20 07:56:17', '2024-04-20 07:56:17', 312, 416),
(589, '2024-04-20 07:56:17', '2024-04-20 07:56:17', 267, 416),
(590, '2024-04-20 07:56:17', '2024-04-20 07:56:17', 313, 416),
(591, '2024-04-20 07:56:17', '2024-04-20 07:56:17', 314, 416),
(592, '2024-04-20 07:56:17', '2024-04-20 07:56:17', 315, 416),
(593, '2024-04-20 07:56:17', '2024-04-20 07:56:17', 251, 416),
(594, '2024-04-20 07:56:17', '2024-04-20 07:56:17', 316, 416),
(595, '2024-04-20 07:56:17', '2024-04-20 07:56:17', 290, 416),
(596, '2024-04-20 07:56:17', '2024-04-20 07:56:17', 317, 416),
(597, '2024-04-20 07:56:17', '2024-04-20 07:56:17', 318, 417),
(598, '2024-04-20 07:56:17', '2024-04-20 07:56:17', 286, 418),
(599, '2024-04-20 07:56:17', '2024-04-20 07:56:17', 304, 418),
(600, '2024-04-20 07:56:17', '2024-04-20 07:56:17', 319, 419),
(601, '2024-04-20 07:56:17', '2024-04-20 07:56:17', 320, 420),
(602, '2024-04-20 07:56:17', '2024-04-20 07:56:17', 305, 420),
(603, '2024-04-20 07:56:17', '2024-04-20 07:56:17', 321, 410),
(604, '2024-04-20 07:56:17', '2024-04-20 07:56:17', 322, 421),
(605, '2024-04-20 07:56:17', '2024-04-20 07:56:17', 322, 422),
(606, '2024-04-20 07:56:17', '2024-04-20 07:56:17', 323, 413),
(607, '2024-04-20 07:56:17', '2024-04-20 07:56:17', 307, 415),
(608, '2024-04-20 07:56:17', '2024-04-20 07:56:17', 318, 423),
(609, '2024-04-20 07:56:17', '2024-04-20 07:56:17', 298, 424),
(610, '2024-04-20 07:56:17', '2024-04-20 07:56:17', 298, 425),
(611, '2024-04-20 07:56:17', '2024-04-20 07:56:17', 324, 426),
(612, '2024-04-20 07:56:17', '2024-04-20 07:56:17', 324, 427),
(613, '2024-04-20 07:56:17', '2024-04-20 07:56:17', 325, 428),
(614, '2024-04-20 07:56:17', '2024-04-20 07:56:17', 325, 429),
(615, '2024-04-20 07:56:17', '2024-04-20 07:56:17', 326, 430),
(616, '2024-04-20 07:56:17', '2024-04-20 07:56:17', 326, 431),
(617, '2024-04-20 07:56:17', '2024-04-20 07:56:17', 327, 432),
(618, '2024-04-20 07:56:17', '2024-04-20 07:56:17', 288, 433),
(619, '2024-04-20 07:56:17', '2024-04-20 07:56:17', 318, 434),
(620, '2024-04-20 07:56:17', '2024-04-20 07:56:17', 316, 435),
(621, '2024-04-20 07:56:17', '2024-04-20 07:56:17', 281, 435),
(622, '2024-04-20 07:56:17', '2024-04-20 07:56:17', 328, 435),
(623, '2024-04-20 07:56:17', '2024-04-20 07:56:17', 277, 435),
(624, '2024-04-20 07:56:17', '2024-04-20 07:56:17', 315, 435),
(625, '2024-04-20 07:56:17', '2024-04-20 07:56:17', 290, 435),
(626, '2024-04-20 07:56:17', '2024-04-20 07:56:17', 251, 435),
(627, '2024-04-20 07:56:17', '2024-04-20 07:56:17', 314, 435),
(628, '2024-04-20 07:56:17', '2024-04-20 07:56:17', 312, 435),
(629, '2024-04-20 07:56:17', '2024-04-20 07:56:17', 267, 435),
(630, '2024-04-20 07:56:17', '2024-04-20 07:56:17', 301, 436),
(631, '2024-04-20 07:56:17', '2024-04-20 07:56:17', 301, 437),
(632, '2024-04-20 07:56:17', '2024-04-20 07:56:17', 328, 438),
(633, '2024-04-20 07:56:17', '2024-04-20 07:56:17', 328, 439),
(634, '2024-04-20 07:56:17', '2024-04-20 07:56:17', 320, 440),
(635, '2024-04-20 07:56:17', '2024-04-20 07:56:17', 320, 441),
(636, '2024-04-20 07:56:17', '2024-04-20 07:56:17', 329, 442),
(637, '2024-04-20 07:56:17', '2024-04-20 07:56:17', 330, 443),
(638, '2024-04-20 07:56:17', '2024-04-20 07:56:17', 323, 444),
(639, '2024-04-20 07:56:17', '2024-04-20 07:56:17', 318, 445),
(640, '2024-04-20 07:56:17', '2024-04-20 07:56:17', 288, 446),
(641, '2024-04-20 07:56:17', '2024-04-20 07:56:17', 281, 447),
(642, '2024-04-20 07:56:17', '2024-04-20 07:56:17', 328, 447),
(643, '2024-04-20 07:56:17', '2024-04-20 07:56:17', 277, 447),
(644, '2024-04-20 07:56:17', '2024-04-20 07:56:17', 314, 447),
(645, '2024-04-20 07:56:17', '2024-04-20 07:56:17', 290, 447),
(646, '2024-04-20 07:56:17', '2024-04-20 07:56:17', 315, 447),
(647, '2024-04-20 07:56:17', '2024-04-20 07:56:17', 251, 447),
(648, '2024-04-20 07:56:17', '2024-04-20 07:56:17', 312, 447),
(649, '2024-04-20 07:56:17', '2024-04-20 07:56:17', 267, 447),
(650, '2024-04-20 07:56:17', '2024-04-20 07:56:17', 316, 447),
(651, '2024-04-20 07:56:17', '2024-04-20 07:56:17', 301, 448),
(652, '2024-04-20 07:56:17', '2024-04-20 07:56:17', 301, 449),
(653, '2024-04-20 07:56:17', '2024-04-20 07:56:17', 328, 450),
(654, '2024-04-20 07:56:17', '2024-04-20 07:56:17', 321, 451),
(655, '2024-04-20 07:56:17', '2024-04-20 07:56:17', 331, 452),
(656, '2024-04-20 07:56:17', '2024-04-20 07:56:17', 331, 453),
(657, '2024-04-20 07:56:17', '2024-04-20 07:56:17', 332, 454),
(658, '2024-04-20 07:56:17', '2024-04-20 07:56:17', 333, 455),
(659, '2024-04-20 07:56:17', '2024-04-20 07:56:17', 334, 456),
(660, '2024-04-20 07:56:17', '2024-04-20 07:56:17', 334, 457),
(661, '2024-04-20 07:56:17', '2024-04-20 07:56:17', 333, 458),
(662, '2024-04-20 07:56:17', '2024-04-20 07:56:17', 288, 459),
(663, '2024-04-20 07:56:17', '2024-04-20 07:56:17', 318, 460),
(664, '2024-04-20 07:56:17', '2024-04-20 07:56:17', 281, 461),
(665, '2024-04-20 07:56:17', '2024-04-20 07:56:17', 328, 461),
(666, '2024-04-20 07:56:17', '2024-04-20 07:56:17', 277, 461),
(667, '2024-04-20 07:56:17', '2024-04-20 07:56:17', 314, 461),
(668, '2024-04-20 07:56:17', '2024-04-20 07:56:17', 290, 461),
(669, '2024-04-20 07:56:17', '2024-04-20 07:56:17', 315, 461),
(670, '2024-04-20 07:56:17', '2024-04-20 07:56:17', 251, 461),
(671, '2024-04-20 07:56:17', '2024-04-20 07:56:17', 312, 461),
(672, '2024-04-20 07:56:17', '2024-04-20 07:56:17', 267, 461),
(673, '2024-04-20 07:56:17', '2024-04-20 07:56:17', 316, 461),
(674, '2024-04-20 07:56:17', '2024-04-20 07:56:17', 335, 462),
(675, '2024-04-20 07:56:17', '2024-04-20 07:56:17', 336, 463),
(676, '2024-04-20 07:56:17', '2024-04-20 07:56:17', 337, 463),
(677, '2024-04-20 07:56:17', '2024-04-20 07:56:17', 338, 464),
(678, '2024-04-20 07:56:17', '2024-04-20 07:56:17', 252, 465),
(679, '2024-04-20 07:56:17', '2024-04-20 07:56:17', 339, 465),
(680, '2024-04-20 07:56:17', '2024-04-20 07:56:17', 340, 466),
(681, '2024-04-20 07:56:17', '2024-04-20 07:56:17', 335, 467),
(682, '2024-04-20 07:56:17', '2024-04-20 07:56:17', 251, 467),
(683, '2024-04-20 07:56:17', '2024-04-20 07:56:17', 341, 468),
(684, '2024-04-20 07:56:17', '2024-04-20 07:56:17', 335, 469),
(685, '2024-04-20 07:56:17', '2024-04-20 07:56:17', 341, 470),
(686, '2024-04-20 07:56:17', '2024-04-20 07:56:17', 342, 471),
(687, '2024-04-20 07:56:17', '2024-04-20 07:56:17', 336, 472),
(688, '2024-04-20 07:56:17', '2024-04-20 07:56:17', 343, 473),
(689, '2024-04-20 07:56:17', '2024-04-20 07:56:17', 218, 474),
(690, '2024-04-20 07:56:17', '2024-04-20 07:56:17', 344, 475),
(691, '2024-04-20 07:56:17', '2024-04-20 07:56:17', 251, 476),
(692, '2024-04-20 07:56:17', '2024-04-20 07:56:17', 252, 477),
(693, '2024-04-20 07:56:17', '2024-04-20 07:56:17', 345, 478),
(694, '2024-04-20 07:56:17', '2024-04-20 07:56:17', 341, 479),
(695, '2024-04-20 07:56:17', '2024-04-20 07:56:17', 346, 480),
(696, '2024-04-20 07:56:17', '2024-04-20 07:56:17', 347, 480),
(697, '2024-04-20 07:56:17', '2024-04-20 07:56:17', 335, 481),
(698, '2024-04-20 07:56:17', '2024-04-20 07:56:17', 341, 482),
(699, '2024-04-20 07:56:17', '2024-04-20 07:56:17', 348, 482),
(700, '2024-04-20 07:56:17', '2024-04-20 07:56:17', 349, 483),
(701, '2024-04-20 07:56:17', '2024-04-20 07:56:17', 349, 484),
(702, '2024-04-20 07:56:17', '2024-04-20 07:56:17', 349, 485),
(703, '2024-04-20 07:56:17', '2024-04-20 07:56:17', 336, 486),
(704, '2024-04-20 07:56:17', '2024-04-20 07:56:17', 350, 487),
(705, '2024-04-20 07:56:17', '2024-04-20 07:56:17', 239, 487),
(706, '2024-04-20 07:56:17', '2024-04-20 07:56:17', 350, 488),
(707, '2024-04-20 07:56:17', '2024-04-20 07:56:17', 239, 488),
(708, '2024-04-20 07:56:17', '2024-04-20 07:56:17', 337, 489),
(709, '2024-04-20 07:56:17', '2024-04-20 07:56:17', 337, 490),
(710, '2024-04-20 07:56:17', '2024-04-20 07:56:17', 336, 490),
(711, '2024-04-20 07:56:17', '2024-04-20 07:56:17', 343, 491),
(712, '2024-04-20 07:56:17', '2024-04-20 07:56:17', 252, 492),
(713, '2024-04-20 07:56:17', '2024-04-20 07:56:17', 343, 492),
(714, '2024-04-20 07:56:17', '2024-04-20 07:56:17', 251, 493),
(715, '2024-04-20 07:56:17', '2024-04-20 07:56:17', 252, 494),
(716, '2024-04-20 07:56:17', '2024-04-20 07:56:17', 268, 495),
(717, '2024-04-20 07:56:17', '2024-04-20 07:56:17', 351, 496),
(718, '2024-04-20 07:56:17', '2024-04-20 07:56:17', 352, 497),
(719, '2024-04-20 07:56:17', '2024-04-20 07:56:17', 353, 498),
(720, '2024-04-20 07:56:17', '2024-04-20 07:56:17', 353, 499),
(721, '2024-04-20 07:56:17', '2024-04-20 07:56:17', 354, 500),
(722, '2024-04-20 07:56:17', '2024-04-20 07:56:17', 354, 501),
(723, '2024-04-20 07:56:17', '2024-04-20 07:56:17', 355, 501),
(724, '2024-04-20 07:56:17', '2024-04-20 07:56:17', 203, 502),
(725, '2024-04-20 07:56:17', '2024-04-20 07:56:17', 356, 503),
(726, '2024-04-20 07:56:17', '2024-04-20 07:56:17', 355, 504),
(727, '2024-04-20 07:56:17', '2024-04-20 07:56:17', 355, 505),
(728, '2024-04-20 07:56:17', '2024-04-20 07:56:17', 274, 506),
(729, '2024-04-20 07:56:17', '2024-04-20 07:56:17', 273, 507),
(730, '2024-04-20 07:56:17', '2024-04-20 07:56:17', 218, 508),
(731, '2024-04-20 07:56:17', '2024-04-20 07:56:17', 357, 509),
(732, '2024-04-20 07:56:17', '2024-04-20 07:56:17', 358, 510),
(733, '2024-04-20 07:56:17', '2024-04-20 07:56:17', 359, 511),
(734, '2024-04-20 07:56:17', '2024-04-20 07:56:17', 360, 512),
(735, '2024-04-20 07:56:17', '2024-04-20 07:56:17', 360, 513),
(736, '2024-04-20 07:56:17', '2024-04-20 07:56:17', 361, 514),
(737, '2024-04-20 07:56:17', '2024-04-20 07:56:17', 361, 515),
(738, '2024-04-20 07:56:17', '2024-04-20 07:56:17', 362, 516),
(739, '2024-04-20 07:56:17', '2024-04-20 07:56:17', 362, 517),
(740, '2024-04-20 07:56:17', '2024-04-20 07:56:17', 198, 518),
(741, '2024-04-20 07:56:17', '2024-04-20 07:56:17', 363, 519),
(742, '2024-04-20 07:56:17', '2024-04-20 07:56:17', 363, 520),
(743, '2024-04-20 07:56:17', '2024-04-20 07:56:17', 364, 521),
(744, '2024-04-20 07:56:17', '2024-04-20 07:56:17', 365, 522),
(745, '2024-04-20 07:56:17', '2024-04-20 07:56:17', 366, 523),
(746, '2024-04-20 07:56:17', '2024-04-20 07:56:17', 367, 524),
(747, '2024-04-20 07:56:17', '2024-04-20 07:56:17', 368, 525),
(748, '2024-04-20 07:56:17', '2024-04-20 07:56:17', 369, 525),
(749, '2024-04-20 07:56:17', '2024-04-20 07:56:17', 370, 526),
(750, '2024-04-20 07:56:17', '2024-04-20 07:56:17', 371, 526),
(751, '2024-04-20 07:56:17', '2024-04-20 07:56:17', 372, 526),
(752, '2024-04-20 07:56:17', '2024-04-20 07:56:17', 371, 527),
(753, '2024-04-20 07:56:17', '2024-04-20 07:56:17', 373, 527),
(754, '2024-04-20 07:56:17', '2024-04-20 07:56:17', 372, 527),
(755, '2024-04-20 07:56:17', '2024-04-20 07:56:17', 374, 528),
(756, '2024-04-20 07:56:17', '2024-04-20 07:56:17', 375, 528),
(757, '2024-04-20 07:56:17', '2024-04-20 07:56:17', 376, 528),
(758, '2024-04-20 07:56:17', '2024-04-20 07:56:17', 375, 529),
(759, '2024-04-20 07:56:17', '2024-04-20 07:56:17', 376, 529),
(760, '2024-04-20 07:56:17', '2024-04-20 07:56:17', 377, 530),
(761, '2024-04-20 07:56:17', '2024-04-20 07:56:17', 378, 531),
(762, '2024-04-20 07:56:17', '2024-04-20 07:56:17', 379, 532),
(763, '2024-04-20 07:56:17', '2024-04-20 07:56:17', 285, 533),
(764, '2024-04-20 07:56:17', '2024-04-20 07:56:17', 379, 533),
(765, '2024-04-20 07:56:17', '2024-04-20 07:56:17', 356, 534),
(766, '2024-04-20 07:56:17', '2024-04-20 07:56:17', 380, 535),
(767, '2024-04-20 07:56:17', '2024-04-20 07:56:17', 381, 536),
(768, '2024-04-20 07:56:17', '2024-04-20 07:56:17', 382, 537),
(769, '2024-04-20 07:56:17', '2024-04-20 07:56:17', 383, 538),
(770, '2024-04-20 07:56:17', '2024-04-20 07:56:17', 384, 538),
(771, '2024-04-20 07:56:17', '2024-04-20 07:56:17', 385, 539),
(772, '2024-04-20 07:56:17', '2024-04-20 07:56:17', 386, 540),
(773, '2024-04-20 07:56:17', '2024-04-20 07:56:17', 351, 540),
(774, '2024-04-20 07:56:17', '2024-04-20 07:56:17', 387, 541),
(775, '2024-04-20 07:56:17', '2024-04-20 07:56:17', 387, 542),
(776, '2024-04-20 07:56:17', '2024-04-20 07:56:17', 368, 542),
(777, '2024-04-20 07:56:17', '2024-04-20 07:56:17', 367, 543),
(778, '2024-04-20 07:56:17', '2024-04-20 07:56:17', 388, 544),
(779, '2024-04-20 07:56:17', '2024-04-20 07:56:17', 389, 545),
(780, '2024-04-20 07:56:17', '2024-04-20 07:56:17', 390, 546),
(781, '2024-04-20 07:56:17', '2024-04-20 07:56:17', 391, 547),
(782, '2024-04-20 07:56:17', '2024-04-20 07:56:17', 392, 548),
(783, '2024-04-20 07:56:17', '2024-04-20 07:56:17', 393, 549),
(784, '2024-04-20 07:56:17', '2024-04-20 07:56:17', 394, 549),
(785, '2024-04-20 07:56:17', '2024-04-20 07:56:17', 393, 550),
(786, '2024-04-20 07:56:17', '2024-04-20 07:56:17', 394, 550),
(787, '2024-04-20 07:56:17', '2024-04-20 07:56:17', 395, 551),
(788, '2024-04-20 07:56:17', '2024-04-20 07:56:17', 396, 551),
(789, '2024-04-20 07:56:17', '2024-04-20 07:56:17', 397, 551),
(790, '2024-04-20 07:56:17', '2024-04-20 07:56:17', 398, 551),
(791, '2024-04-20 07:56:17', '2024-04-20 07:56:17', 399, 552),
(792, '2024-04-20 07:56:17', '2024-04-20 07:56:17', 400, 552),
(793, '2024-04-20 07:56:17', '2024-04-20 07:56:17', 401, 552),
(794, '2024-04-20 07:56:17', '2024-04-20 07:56:17', 399, 553),
(795, '2024-04-20 07:56:17', '2024-04-20 07:56:17', 402, 553),
(796, '2024-04-20 07:56:17', '2024-04-20 07:56:17', 403, 553),
(797, '2024-04-20 07:56:17', '2024-04-20 07:56:17', 404, 553),
(798, '2024-04-20 07:56:17', '2024-04-20 07:56:17', 405, 553),
(799, '2024-04-20 07:56:17', '2024-04-20 07:56:17', 406, 553),
(800, '2024-04-20 07:56:17', '2024-04-20 07:56:17', 407, 553),
(801, '2024-04-20 07:56:17', '2024-04-20 07:56:17', 408, 554),
(802, '2024-04-20 07:56:17', '2024-04-20 07:56:17', 409, 554),
(803, '2024-04-20 07:56:17', '2024-04-20 07:56:17', 410, 554),
(804, '2024-04-20 07:56:17', '2024-04-20 07:56:17', 408, 555),
(805, '2024-04-20 07:56:17', '2024-04-20 07:56:17', 411, 555),
(806, '2024-04-20 07:56:17', '2024-04-20 07:56:17', 410, 555),
(807, '2024-04-20 07:56:17', '2024-04-20 07:56:17', 412, 556),
(808, '2024-04-20 07:56:17', '2024-04-20 07:56:17', 413, 557),
(809, '2024-04-20 07:56:17', '2024-04-20 07:56:17', 414, 558),
(810, '2024-04-20 07:56:17', '2024-04-20 07:56:17', 415, 558),
(811, '2024-04-20 07:56:17', '2024-04-20 07:56:17', 416, 559),
(812, '2024-04-20 07:56:17', '2024-04-20 07:56:17', 417, 559),
(813, '2024-04-20 07:56:17', '2024-04-20 07:56:17', 398, 559),
(814, '2024-04-20 07:56:17', '2024-04-20 07:56:17', 418, 560),
(815, '2024-04-20 07:56:17', '2024-04-20 07:56:17', 419, 561),
(816, '2024-04-20 07:56:17', '2024-04-20 07:56:17', 420, 562),
(817, '2024-04-20 07:56:17', '2024-04-20 07:56:17', 421, 563),
(818, '2024-04-20 07:56:17', '2024-04-20 07:56:17', 403, 564),
(819, '2024-04-20 07:56:17', '2024-04-20 07:56:17', 421, 565),
(820, '2024-04-20 07:56:17', '2024-04-20 07:56:17', 403, 566),
(821, '2024-04-20 07:56:17', '2024-04-20 07:56:17', 422, 567),
(822, '2024-04-20 07:56:17', '2024-04-20 07:56:17', 422, 568),
(823, '2024-04-20 07:56:17', '2024-04-20 07:56:17', 406, 569),
(824, '2024-04-20 07:56:17', '2024-04-20 07:56:17', 406, 570),
(825, '2024-04-20 07:56:17', '2024-04-20 07:56:17', 423, 571),
(826, '2024-04-20 07:56:17', '2024-04-20 07:56:17', 423, 572);
INSERT INTO `teach` (`id`, `createdAt`, `updatedAt`, `TeacherId`, `SubjectId`) VALUES
(827, '2024-04-20 07:56:17', '2024-04-20 07:56:17', 424, 573),
(828, '2024-04-20 07:56:17', '2024-04-20 07:56:17', 425, 574),
(829, '2024-04-20 07:56:17', '2024-04-20 07:56:17', 426, 575),
(830, '2024-04-20 07:56:17', '2024-04-20 07:56:17', 426, 576),
(831, '2024-04-20 07:56:17', '2024-04-20 07:56:17', 427, 577),
(832, '2024-04-20 07:56:17', '2024-04-20 07:56:17', 428, 578),
(833, '2024-04-20 07:56:17', '2024-04-20 07:56:17', 429, 579),
(834, '2024-04-20 07:56:17', '2024-04-20 07:56:17', 430, 580),
(835, '2024-04-20 07:56:17', '2024-04-20 07:56:17', 431, 581),
(836, '2024-04-20 07:56:17', '2024-04-20 07:56:17', 402, 582),
(837, '2024-04-20 07:56:17', '2024-04-20 07:56:17', 426, 583),
(838, '2024-04-20 07:56:17', '2024-04-20 07:56:17', 432, 584),
(839, '2024-04-20 07:56:17', '2024-04-20 07:56:17', 403, 585),
(840, '2024-04-20 07:56:17', '2024-04-20 07:56:17', 421, 586),
(841, '2024-04-20 07:56:17', '2024-04-20 07:56:17', 422, 587),
(842, '2024-04-20 07:56:17', '2024-04-20 07:56:17', 422, 588),
(843, '2024-04-20 07:56:17', '2024-04-20 07:56:17', 423, 589),
(844, '2024-04-20 07:56:17', '2024-04-20 07:56:17', 428, 590),
(845, '2024-04-20 07:56:17', '2024-04-20 07:56:17', 429, 591),
(846, '2024-04-20 07:56:17', '2024-04-20 07:56:17', 425, 592),
(847, '2024-04-20 07:56:17', '2024-04-20 07:56:17', 433, 593),
(848, '2024-04-20 07:56:17', '2024-04-20 07:56:17', 434, 593),
(849, '2024-04-20 07:56:17', '2024-04-20 07:56:17', 435, 594),
(850, '2024-04-20 07:56:17', '2024-04-20 07:56:17', 435, 595),
(851, '2024-04-20 07:56:17', '2024-04-20 07:56:17', 436, 596),
(852, '2024-04-20 07:56:17', '2024-04-20 07:56:17', 437, 597),
(853, '2024-04-20 07:56:17', '2024-04-20 07:56:17', 438, 598),
(854, '2024-04-20 07:56:17', '2024-04-20 07:56:17', 438, 599),
(855, '2024-04-20 07:56:17', '2024-04-20 07:56:17', 439, 600),
(856, '2024-04-20 07:56:17', '2024-04-20 07:56:17', 439, 601),
(857, '2024-04-20 07:56:17', '2024-04-20 07:56:17', 440, 602),
(858, '2024-04-20 07:56:17', '2024-04-20 07:56:17', 441, 603),
(859, '2024-04-20 07:56:17', '2024-04-20 07:56:17', 442, 604),
(860, '2024-04-20 07:56:17', '2024-04-20 07:56:17', 434, 605),
(861, '2024-04-20 07:56:17', '2024-04-20 07:56:17', 443, 606),
(862, '2024-04-20 07:56:17', '2024-04-20 07:56:17', 444, 607),
(863, '2024-04-20 07:56:17', '2024-04-20 07:56:17', 433, 608),
(864, '2024-04-20 07:56:17', '2024-04-20 07:56:17', 443, 609),
(865, '2024-04-20 07:56:17', '2024-04-20 07:56:17', 437, 610),
(866, '2024-04-20 07:56:17', '2024-04-20 07:56:17', 444, 611),
(867, '2024-04-20 07:56:17', '2024-04-20 07:56:17', 445, 612),
(868, '2024-04-20 07:56:17', '2024-04-20 07:56:17', 446, 613),
(869, '2024-04-20 07:56:17', '2024-04-20 07:56:17', 447, 614),
(870, '2024-04-20 07:56:17', '2024-04-20 07:56:17', 448, 615),
(871, '2024-04-20 07:56:17', '2024-04-20 07:56:17', 449, 616),
(872, '2024-04-20 07:56:17', '2024-04-20 07:56:17', 450, 616),
(873, '2024-04-20 07:56:17', '2024-04-20 07:56:17', 449, 617),
(874, '2024-04-20 07:56:17', '2024-04-20 07:56:17', 450, 617),
(875, '2024-04-20 07:56:17', '2024-04-20 07:56:17', 451, 618),
(876, '2024-04-20 07:56:17', '2024-04-20 07:56:17', 452, 619),
(877, '2024-04-20 07:56:17', '2024-04-20 07:56:17', 453, 619),
(878, '2024-04-20 07:56:17', '2024-04-20 07:56:17', 452, 620),
(879, '2024-04-20 07:56:17', '2024-04-20 07:56:17', 453, 620),
(880, '2024-04-20 07:56:17', '2024-04-20 07:56:17', 454, 621),
(881, '2024-04-20 07:56:17', '2024-04-20 07:56:17', 455, 622),
(882, '2024-04-20 07:56:17', '2024-04-20 07:56:17', 454, 622),
(883, '2024-04-20 07:56:17', '2024-04-20 07:56:17', 456, 622),
(884, '2024-04-20 07:56:17', '2024-04-20 07:56:17', 418, 623),
(885, '2024-04-20 07:56:17', '2024-04-20 07:56:17', 457, 624),
(886, '2024-04-20 07:56:17', '2024-04-20 07:56:17', 458, 625),
(887, '2024-04-20 07:56:17', '2024-04-20 07:56:17', 458, 626),
(888, '2024-04-20 07:56:17', '2024-04-20 07:56:17', 459, 626),
(889, '2024-04-20 07:56:17', '2024-04-20 07:56:17', 460, 627),
(890, '2024-04-20 07:56:17', '2024-04-20 07:56:17', 461, 628),
(891, '2024-04-20 07:56:17', '2024-04-20 07:56:17', 462, 629),
(892, '2024-04-20 07:56:17', '2024-04-20 07:56:17', 457, 629),
(893, '2024-04-20 07:56:17', '2024-04-20 07:56:17', 462, 630),
(894, '2024-04-20 07:56:17', '2024-04-20 07:56:17', 453, 631),
(895, '2024-04-20 07:56:17', '2024-04-20 07:56:17', 463, 631),
(896, '2024-04-20 07:56:17', '2024-04-20 07:56:17', 464, 631),
(897, '2024-04-20 07:56:17', '2024-04-20 07:56:17', 451, 631),
(898, '2024-04-20 07:56:17', '2024-04-20 07:56:17', 455, 632),
(899, '2024-04-20 07:56:17', '2024-04-20 07:56:17', 465, 633),
(900, '2024-04-20 07:56:17', '2024-04-20 07:56:17', 466, 634),
(901, '2024-04-20 07:56:17', '2024-04-20 07:56:17', 459, 634),
(902, '2024-04-20 07:56:17', '2024-04-20 07:56:17', 466, 635),
(903, '2024-04-20 07:56:17', '2024-04-20 07:56:17', 459, 635),
(904, '2024-04-20 07:56:17', '2024-04-20 07:56:17', 464, 636),
(905, '2024-04-20 07:56:17', '2024-04-20 07:56:17', 464, 637),
(906, '2024-04-20 07:56:17', '2024-04-20 07:56:17', 466, 638),
(907, '2024-04-20 07:56:17', '2024-04-20 07:56:17', 466, 639),
(908, '2024-04-20 07:56:17', '2024-04-20 07:56:17', 467, 640),
(909, '2024-04-20 07:56:17', '2024-04-20 07:56:17', 467, 641),
(910, '2024-04-20 07:56:17', '2024-04-20 07:56:17', 468, 642),
(911, '2024-04-20 07:56:17', '2024-04-20 07:56:17', 468, 643),
(912, '2024-04-20 07:56:17', '2024-04-20 07:56:17', 448, 644),
(913, '2024-04-20 07:56:17', '2024-04-20 07:56:17', 414, 645),
(914, '2024-04-20 07:56:17', '2024-04-20 07:56:17', 469, 646),
(915, '2024-04-20 07:56:17', '2024-04-20 07:56:17', 470, 647),
(916, '2024-04-20 07:56:17', '2024-04-20 07:56:17', 471, 648),
(917, '2024-04-20 07:56:17', '2024-04-20 07:56:17', 472, 649),
(918, '2024-04-20 07:56:17', '2024-04-20 07:56:17', 472, 650),
(919, '2024-04-20 07:56:17', '2024-04-20 07:56:17', 473, 651),
(920, '2024-04-20 07:56:17', '2024-04-20 07:56:17', 473, 652),
(921, '2024-04-20 07:56:17', '2024-04-20 07:56:17', 474, 653),
(922, '2024-04-20 07:56:17', '2024-04-20 07:56:17', 474, 654),
(923, '2024-04-20 07:56:17', '2024-04-20 07:56:17', 475, 655),
(924, '2024-04-20 07:56:17', '2024-04-20 07:56:17', 475, 656),
(925, '2024-04-20 07:56:17', '2024-04-20 07:56:17', 476, 656),
(926, '2024-04-20 07:56:17', '2024-04-20 07:56:17', 477, 656),
(927, '2024-04-20 07:56:17', '2024-04-20 07:56:17', 478, 657),
(928, '2024-04-20 07:56:17', '2024-04-20 07:56:17', 479, 658),
(929, '2024-04-20 07:56:17', '2024-04-20 07:56:17', 480, 659),
(930, '2024-04-20 07:56:17', '2024-04-20 07:56:17', 472, 660),
(931, '2024-04-20 07:56:17', '2024-04-20 07:56:17', 481, 660),
(932, '2024-04-20 07:56:17', '2024-04-20 07:56:17', 482, 660),
(933, '2024-04-20 07:56:17', '2024-04-20 07:56:17', 483, 661),
(934, '2024-04-20 07:56:17', '2024-04-20 07:56:17', 483, 652),
(935, '2024-04-20 07:56:17', '2024-04-20 07:56:17', 474, 662),
(936, '2024-04-20 07:56:17', '2024-04-20 07:56:17', 484, 663),
(937, '2024-04-20 07:56:17', '2024-04-20 07:56:17', 474, 663),
(938, '2024-04-20 07:56:17', '2024-04-20 07:56:17', 476, 655),
(939, '2024-04-20 07:56:17', '2024-04-20 07:56:17', 485, 656),
(940, '2024-04-20 07:56:17', '2024-04-20 07:56:17', 486, 656),
(941, '2024-04-20 07:56:17', '2024-04-20 07:56:17', 481, 664),
(942, '2024-04-20 07:56:17', '2024-04-20 07:56:17', 482, 649),
(943, '2024-04-20 07:56:17', '2024-04-20 07:56:17', 487, 652),
(944, '2024-04-20 07:56:17', '2024-04-20 07:56:17', 484, 662),
(945, '2024-04-20 07:56:17', '2024-04-20 07:56:17', 481, 665),
(946, '2024-04-20 07:56:17', '2024-04-20 07:56:17', 488, 666),
(947, '2024-04-20 07:56:17', '2024-04-20 07:56:17', 488, 667),
(948, '2024-04-20 07:56:17', '2024-04-20 07:56:17', 487, 668),
(949, '2024-04-20 07:56:17', '2024-04-20 07:56:17', 487, 669),
(950, '2024-04-20 07:56:17', '2024-04-20 07:56:17', 478, 669),
(951, '2024-04-20 07:56:17', '2024-04-20 07:56:17', 489, 670),
(952, '2024-04-20 07:56:17', '2024-04-20 07:56:17', 490, 671),
(953, '2024-04-20 07:56:17', '2024-04-20 07:56:17', 491, 671),
(954, '2024-04-20 07:56:17', '2024-04-20 07:56:17', 492, 672),
(955, '2024-04-20 07:56:17', '2024-04-20 07:56:17', 492, 673),
(956, '2024-04-20 07:56:17', '2024-04-20 07:56:17', 478, 674),
(957, '2024-04-20 07:56:17', '2024-04-20 07:56:17', 493, 675),
(958, '2024-04-20 07:56:17', '2024-04-20 07:56:17', 493, 676),
(959, '2024-04-20 07:56:17', '2024-04-20 07:56:17', 494, 676),
(960, '2024-04-20 07:56:17', '2024-04-20 07:56:17', 495, 677),
(961, '2024-04-20 07:56:17', '2024-04-20 07:56:17', 496, 678),
(962, '2024-04-20 07:56:17', '2024-04-20 07:56:17', 497, 667),
(963, '2024-04-20 07:56:17', '2024-04-20 07:56:17', 498, 676),
(964, '2024-04-20 07:56:17', '2024-04-20 07:56:17', 499, 677),
(965, '2024-04-20 07:56:17', '2024-04-20 07:56:17', 500, 679),
(966, '2024-04-20 07:56:17', '2024-04-20 07:56:17', 500, 680),
(967, '2024-04-20 07:56:17', '2024-04-20 07:56:17', 501, 681),
(968, '2024-04-20 07:56:17', '2024-04-20 07:56:17', 501, 682),
(969, '2024-04-20 07:56:17', '2024-04-20 07:56:17', 502, 683),
(970, '2024-04-20 07:56:17', '2024-04-20 07:56:17', 502, 684),
(971, '2024-04-20 07:56:17', '2024-04-20 07:56:17', 503, 685),
(972, '2024-04-20 07:56:17', '2024-04-20 07:56:17', 503, 686),
(973, '2024-04-20 07:56:17', '2024-04-20 07:56:17', 504, 687),
(974, '2024-04-20 07:56:17', '2024-04-20 07:56:17', 505, 687),
(975, '2024-04-20 07:56:17', '2024-04-20 07:56:17', 484, 688),
(976, '2024-04-20 07:56:17', '2024-04-20 07:56:17', 506, 689),
(977, '2024-04-20 07:56:17', '2024-04-20 07:56:17', 507, 689),
(978, '2024-04-20 07:56:17', '2024-04-20 07:56:17', 473, 690),
(979, '2024-04-20 07:56:17', '2024-04-20 07:56:17', 508, 690),
(980, '2024-04-20 07:56:17', '2024-04-20 07:56:17', 463, 690),
(981, '2024-04-20 07:56:17', '2024-04-20 07:56:17', 509, 690),
(982, '2024-04-20 07:56:17', '2024-04-20 07:56:17', 510, 690),
(983, '2024-04-20 07:56:17', '2024-04-20 07:56:17', 511, 690),
(984, '2024-04-20 07:56:17', '2024-04-20 07:56:17', 447, 690),
(985, '2024-04-20 07:56:17', '2024-04-20 07:56:17', 512, 690),
(986, '2024-04-20 07:56:17', '2024-04-20 07:56:17', 486, 690),
(987, '2024-04-20 07:56:17', '2024-04-20 07:56:17', 513, 690),
(988, '2024-04-20 07:56:17', '2024-04-20 07:56:17', 514, 691),
(989, '2024-04-20 07:56:17', '2024-04-20 07:56:17', 482, 692),
(990, '2024-04-20 07:56:17', '2024-04-20 07:56:17', 500, 692),
(991, '2024-04-20 07:56:17', '2024-04-20 07:56:17', 515, 693),
(992, '2024-04-20 07:56:17', '2024-04-20 07:56:17', 516, 694),
(993, '2024-04-20 07:56:17', '2024-04-20 07:56:17', 501, 694),
(994, '2024-04-20 07:56:17', '2024-04-20 07:56:17', 517, 684),
(995, '2024-04-20 07:56:17', '2024-04-20 07:56:17', 518, 695),
(996, '2024-04-20 07:56:17', '2024-04-20 07:56:17', 518, 696),
(997, '2024-04-20 07:56:17', '2024-04-20 07:56:17', 519, 687),
(998, '2024-04-20 07:56:17', '2024-04-20 07:56:17', 503, 689),
(999, '2024-04-20 07:56:17', '2024-04-20 07:56:17', 514, 697),
(1000, '2024-04-20 07:56:17', '2024-04-20 07:56:17', 494, 698),
(1001, '2024-04-20 07:56:17', '2024-04-20 07:56:17', 494, 699),
(1002, '2024-04-20 07:56:17', '2024-04-20 07:56:17', 520, 700),
(1003, '2024-04-20 07:56:17', '2024-04-20 07:56:17', 520, 701),
(1004, '2024-04-20 07:56:17', '2024-04-20 07:56:17', 521, 702),
(1005, '2024-04-20 07:56:17', '2024-04-20 07:56:17', 521, 703),
(1006, '2024-04-20 07:56:17', '2024-04-20 07:56:17', 522, 704),
(1007, '2024-04-20 07:56:17', '2024-04-20 07:56:17', 522, 705),
(1008, '2024-04-20 07:56:17', '2024-04-20 07:56:17', 523, 706),
(1009, '2024-04-20 07:56:17', '2024-04-20 07:56:17', 484, 707),
(1010, '2024-04-20 07:56:17', '2024-04-20 07:56:17', 514, 708),
(1011, '2024-04-20 07:56:17', '2024-04-20 07:56:17', 512, 709),
(1012, '2024-04-20 07:56:17', '2024-04-20 07:56:17', 477, 709),
(1013, '2024-04-20 07:56:17', '2024-04-20 07:56:17', 524, 709),
(1014, '2024-04-20 07:56:17', '2024-04-20 07:56:17', 473, 709),
(1015, '2024-04-20 07:56:17', '2024-04-20 07:56:17', 511, 709),
(1016, '2024-04-20 07:56:17', '2024-04-20 07:56:17', 486, 709),
(1017, '2024-04-20 07:56:17', '2024-04-20 07:56:17', 447, 709),
(1018, '2024-04-20 07:56:17', '2024-04-20 07:56:17', 510, 709),
(1019, '2024-04-20 07:56:17', '2024-04-20 07:56:17', 508, 709),
(1020, '2024-04-20 07:56:17', '2024-04-20 07:56:17', 463, 709),
(1021, '2024-04-20 07:56:17', '2024-04-20 07:56:17', 497, 710),
(1022, '2024-04-20 07:56:17', '2024-04-20 07:56:17', 497, 711),
(1023, '2024-04-20 07:56:17', '2024-04-20 07:56:17', 524, 712),
(1024, '2024-04-20 07:56:17', '2024-04-20 07:56:17', 524, 713),
(1025, '2024-04-20 07:56:17', '2024-04-20 07:56:17', 516, 714),
(1026, '2024-04-20 07:56:17', '2024-04-20 07:56:17', 516, 715),
(1027, '2024-04-20 07:56:17', '2024-04-20 07:56:17', 525, 716),
(1028, '2024-04-20 07:56:17', '2024-04-20 07:56:17', 526, 717),
(1029, '2024-04-20 07:56:17', '2024-04-20 07:56:17', 519, 718),
(1030, '2024-04-20 07:56:17', '2024-04-20 07:56:17', 514, 719),
(1031, '2024-04-20 07:56:17', '2024-04-20 07:56:17', 484, 720),
(1032, '2024-04-20 07:56:17', '2024-04-20 07:56:17', 477, 721),
(1033, '2024-04-20 07:56:17', '2024-04-20 07:56:17', 524, 721),
(1034, '2024-04-20 07:56:17', '2024-04-20 07:56:17', 473, 721),
(1035, '2024-04-20 07:56:17', '2024-04-20 07:56:17', 510, 721),
(1036, '2024-04-20 07:56:17', '2024-04-20 07:56:17', 486, 721),
(1037, '2024-04-20 07:56:17', '2024-04-20 07:56:17', 511, 721),
(1038, '2024-04-20 07:56:17', '2024-04-20 07:56:17', 447, 721),
(1039, '2024-04-20 07:56:17', '2024-04-20 07:56:17', 508, 721),
(1040, '2024-04-20 07:56:17', '2024-04-20 07:56:17', 463, 721),
(1041, '2024-04-20 07:56:17', '2024-04-20 07:56:17', 512, 721),
(1042, '2024-04-20 07:56:17', '2024-04-20 07:56:17', 497, 722),
(1043, '2024-04-20 07:56:17', '2024-04-20 07:56:17', 497, 723),
(1044, '2024-04-20 07:56:17', '2024-04-20 07:56:17', 524, 724),
(1045, '2024-04-20 07:56:17', '2024-04-20 07:56:17', 517, 725),
(1046, '2024-04-20 07:56:17', '2024-04-20 07:56:17', 527, 726),
(1047, '2024-04-20 07:56:17', '2024-04-20 07:56:17', 527, 727),
(1048, '2024-04-20 07:56:17', '2024-04-20 07:56:17', 528, 728),
(1049, '2024-04-20 07:56:17', '2024-04-20 07:56:17', 529, 729),
(1050, '2024-04-20 07:56:17', '2024-04-20 07:56:17', 530, 730),
(1051, '2024-04-20 07:56:17', '2024-04-20 07:56:17', 530, 731),
(1052, '2024-04-20 07:56:17', '2024-04-20 07:56:17', 529, 732),
(1053, '2024-04-20 07:56:17', '2024-04-20 07:56:17', 484, 733),
(1054, '2024-04-20 07:56:17', '2024-04-20 07:56:17', 514, 734),
(1055, '2024-04-20 07:56:17', '2024-04-20 07:56:17', 477, 735),
(1056, '2024-04-20 07:56:17', '2024-04-20 07:56:17', 524, 735),
(1057, '2024-04-20 07:56:17', '2024-04-20 07:56:17', 473, 735),
(1058, '2024-04-20 07:56:17', '2024-04-20 07:56:17', 510, 735),
(1059, '2024-04-20 07:56:17', '2024-04-20 07:56:17', 486, 735),
(1060, '2024-04-20 07:56:17', '2024-04-20 07:56:17', 511, 735),
(1061, '2024-04-20 07:56:17', '2024-04-20 07:56:17', 447, 735),
(1062, '2024-04-20 07:56:17', '2024-04-20 07:56:17', 508, 735),
(1063, '2024-04-20 07:56:17', '2024-04-20 07:56:17', 463, 735),
(1064, '2024-04-20 07:56:17', '2024-04-20 07:56:17', 512, 735),
(1065, '2024-04-20 07:56:17', '2024-04-20 07:56:17', 531, 736),
(1066, '2024-04-20 07:56:17', '2024-04-20 07:56:17', 532, 737),
(1067, '2024-04-20 07:56:17', '2024-04-20 07:56:17', 533, 737),
(1068, '2024-04-20 07:56:17', '2024-04-20 07:56:17', 534, 738),
(1069, '2024-04-20 07:56:17', '2024-04-20 07:56:17', 448, 739),
(1070, '2024-04-20 07:56:17', '2024-04-20 07:56:17', 535, 739),
(1071, '2024-04-20 07:56:17', '2024-04-20 07:56:17', 536, 740),
(1072, '2024-04-20 07:56:17', '2024-04-20 07:56:17', 531, 741),
(1073, '2024-04-20 07:56:17', '2024-04-20 07:56:17', 447, 741),
(1074, '2024-04-20 07:56:17', '2024-04-20 07:56:17', 537, 742),
(1075, '2024-04-20 07:56:17', '2024-04-20 07:56:17', 531, 743),
(1076, '2024-04-20 07:56:17', '2024-04-20 07:56:17', 537, 744),
(1077, '2024-04-20 07:56:17', '2024-04-20 07:56:17', 538, 745),
(1078, '2024-04-20 07:56:17', '2024-04-20 07:56:17', 532, 746),
(1079, '2024-04-20 07:56:17', '2024-04-20 07:56:17', 539, 747),
(1080, '2024-04-20 07:56:17', '2024-04-20 07:56:17', 414, 748),
(1081, '2024-04-20 07:56:17', '2024-04-20 07:56:17', 540, 749),
(1082, '2024-04-20 07:56:17', '2024-04-20 07:56:17', 447, 750),
(1083, '2024-04-20 07:56:17', '2024-04-20 07:56:17', 448, 751),
(1084, '2024-04-20 07:56:17', '2024-04-20 07:56:17', 541, 752),
(1085, '2024-04-20 07:56:17', '2024-04-20 07:56:17', 537, 753),
(1086, '2024-04-20 07:56:17', '2024-04-20 07:56:17', 542, 754),
(1087, '2024-04-20 07:56:17', '2024-04-20 07:56:17', 543, 754),
(1088, '2024-04-20 07:56:17', '2024-04-20 07:56:17', 531, 755),
(1089, '2024-04-20 07:56:17', '2024-04-20 07:56:17', 537, 756),
(1090, '2024-04-20 07:56:17', '2024-04-20 07:56:17', 544, 756),
(1091, '2024-04-20 07:56:17', '2024-04-20 07:56:17', 545, 757),
(1092, '2024-04-20 07:56:17', '2024-04-20 07:56:17', 545, 758),
(1093, '2024-04-20 07:56:17', '2024-04-20 07:56:17', 545, 759),
(1094, '2024-04-20 07:56:17', '2024-04-20 07:56:17', 532, 760),
(1095, '2024-04-20 07:56:17', '2024-04-20 07:56:17', 546, 761),
(1096, '2024-04-20 07:56:17', '2024-04-20 07:56:17', 435, 761),
(1097, '2024-04-20 07:56:17', '2024-04-20 07:56:17', 546, 762),
(1098, '2024-04-20 07:56:17', '2024-04-20 07:56:17', 435, 762),
(1099, '2024-04-20 07:56:17', '2024-04-20 07:56:17', 533, 763),
(1100, '2024-04-20 07:56:17', '2024-04-20 07:56:17', 533, 764),
(1101, '2024-04-20 07:56:17', '2024-04-20 07:56:17', 532, 764),
(1102, '2024-04-20 07:56:17', '2024-04-20 07:56:17', 539, 765),
(1103, '2024-04-20 07:56:17', '2024-04-20 07:56:17', 448, 766),
(1104, '2024-04-20 07:56:17', '2024-04-20 07:56:17', 539, 766),
(1105, '2024-04-20 07:56:17', '2024-04-20 07:56:17', 447, 767),
(1106, '2024-04-20 07:56:17', '2024-04-20 07:56:17', 448, 768),
(1107, '2024-04-20 07:56:17', '2024-04-20 07:56:17', 464, 769),
(1108, '2024-04-20 07:56:17', '2024-04-20 07:56:17', 547, 770),
(1109, '2024-04-20 07:56:17', '2024-04-20 07:56:17', 548, 771),
(1110, '2024-04-20 07:56:17', '2024-04-20 07:56:17', 549, 772),
(1111, '2024-04-20 07:56:17', '2024-04-20 07:56:17', 549, 773),
(1112, '2024-04-20 07:56:17', '2024-04-20 07:56:17', 550, 774),
(1113, '2024-04-20 07:56:17', '2024-04-20 07:56:17', 550, 775),
(1114, '2024-04-20 07:56:17', '2024-04-20 07:56:17', 551, 775),
(1115, '2024-04-20 07:56:17', '2024-04-20 07:56:17', 399, 776),
(1116, '2024-04-20 07:56:17', '2024-04-20 07:56:17', 552, 777),
(1117, '2024-04-20 07:56:17', '2024-04-20 07:56:17', 551, 778),
(1118, '2024-04-20 07:56:17', '2024-04-20 07:56:17', 551, 779),
(1119, '2024-04-20 07:56:17', '2024-04-20 07:56:17', 470, 780),
(1120, '2024-04-20 07:56:17', '2024-04-20 07:56:17', 469, 781),
(1121, '2024-04-20 07:56:17', '2024-04-20 07:56:17', 414, 782),
(1122, '2024-04-20 07:56:17', '2024-04-20 07:56:17', 553, 783),
(1123, '2024-04-20 07:56:17', '2024-04-20 07:56:17', 554, 784),
(1124, '2024-04-20 07:56:17', '2024-04-20 07:56:17', 555, 785),
(1125, '2024-04-20 07:56:17', '2024-04-20 07:56:17', 556, 786),
(1126, '2024-04-20 07:56:17', '2024-04-20 07:56:17', 556, 787),
(1127, '2024-04-20 07:56:17', '2024-04-20 07:56:17', 557, 788),
(1128, '2024-04-20 07:56:17', '2024-04-20 07:56:17', 557, 789),
(1129, '2024-04-20 07:56:17', '2024-04-20 07:56:17', 558, 790),
(1130, '2024-04-20 07:56:17', '2024-04-20 07:56:17', 558, 791),
(1131, '2024-04-20 07:56:17', '2024-04-20 07:56:17', 394, 792),
(1132, '2024-04-20 07:56:17', '2024-04-20 07:56:17', 559, 793),
(1133, '2024-04-20 07:56:17', '2024-04-20 07:56:17', 559, 794),
(1134, '2024-04-20 07:56:17', '2024-04-20 07:56:17', 560, 795),
(1135, '2024-04-20 07:56:17', '2024-04-20 07:56:17', 561, 796),
(1136, '2024-04-20 07:56:17', '2024-04-20 07:56:17', 562, 797),
(1137, '2024-04-20 07:56:17', '2024-04-20 07:56:17', 563, 798),
(1138, '2024-04-20 07:56:17', '2024-04-20 07:56:17', 564, 799),
(1139, '2024-04-20 07:56:17', '2024-04-20 07:56:17', 565, 799),
(1140, '2024-04-20 07:56:17', '2024-04-20 07:56:17', 566, 800),
(1141, '2024-04-20 07:56:17', '2024-04-20 07:56:17', 567, 800),
(1142, '2024-04-20 07:56:17', '2024-04-20 07:56:17', 568, 800),
(1143, '2024-04-20 07:56:17', '2024-04-20 07:56:17', 567, 801),
(1144, '2024-04-20 07:56:17', '2024-04-20 07:56:17', 569, 801),
(1145, '2024-04-20 07:56:17', '2024-04-20 07:56:17', 568, 801),
(1146, '2024-04-20 07:56:17', '2024-04-20 07:56:17', 570, 802),
(1147, '2024-04-20 07:56:17', '2024-04-20 07:56:17', 571, 802),
(1148, '2024-04-20 07:56:17', '2024-04-20 07:56:17', 572, 802),
(1149, '2024-04-20 07:56:17', '2024-04-20 07:56:17', 571, 803),
(1150, '2024-04-20 07:56:17', '2024-04-20 07:56:17', 572, 803),
(1151, '2024-04-20 07:56:17', '2024-04-20 07:56:17', 573, 804),
(1152, '2024-04-20 07:56:17', '2024-04-20 07:56:17', 574, 805),
(1153, '2024-04-20 07:56:17', '2024-04-20 07:56:17', 575, 806),
(1154, '2024-04-20 07:56:17', '2024-04-20 07:56:17', 481, 807),
(1155, '2024-04-20 07:56:17', '2024-04-20 07:56:17', 575, 807),
(1156, '2024-04-20 07:56:17', '2024-04-20 07:56:17', 552, 808),
(1157, '2024-04-20 07:56:17', '2024-04-20 07:56:17', 576, 809),
(1158, '2024-04-20 07:56:17', '2024-04-20 07:56:17', 577, 810),
(1159, '2024-04-20 07:56:17', '2024-04-20 07:56:17', 578, 811),
(1160, '2024-04-20 07:56:17', '2024-04-20 07:56:17', 579, 812),
(1161, '2024-04-20 07:56:17', '2024-04-20 07:56:17', 580, 812),
(1162, '2024-04-20 07:56:17', '2024-04-20 07:56:17', 581, 813),
(1163, '2024-04-20 07:56:17', '2024-04-20 07:56:17', 582, 814),
(1164, '2024-04-20 07:56:17', '2024-04-20 07:56:17', 547, 814),
(1165, '2024-04-20 07:56:17', '2024-04-20 07:56:17', 583, 815),
(1166, '2024-04-20 07:56:17', '2024-04-20 07:56:17', 583, 816),
(1167, '2024-04-20 07:56:17', '2024-04-20 07:56:17', 564, 816),
(1168, '2024-04-20 07:56:17', '2024-04-20 07:56:17', 563, 817),
(1169, '2024-04-20 07:56:17', '2024-04-20 07:56:17', 584, 818),
(1170, '2024-04-20 07:56:17', '2024-04-20 07:56:17', 585, 819),
(1171, '2024-04-20 07:56:17', '2024-04-20 07:56:17', 586, 820),
(1172, '2024-04-20 07:56:17', '2024-04-20 07:56:17', 587, 821),
(1173, '2024-04-20 07:56:17', '2024-04-20 07:56:17', 588, 822),
(1174, '2024-04-20 07:56:18', '2024-04-20 07:56:18', 589, 823),
(1175, '2024-04-20 07:56:18', '2024-04-20 07:56:18', 590, 823),
(1176, '2024-04-20 07:56:18', '2024-04-20 07:56:18', 589, 824),
(1177, '2024-04-20 07:56:18', '2024-04-20 07:56:18', 590, 824),
(1178, '2024-04-20 07:56:18', '2024-04-20 07:56:18', 591, 825),
(1179, '2024-04-20 07:56:18', '2024-04-20 07:56:18', 592, 825),
(1180, '2024-04-20 07:56:18', '2024-04-20 07:56:18', 593, 825),
(1181, '2024-04-20 07:56:18', '2024-04-20 07:56:18', 594, 825),
(1182, '2024-04-20 07:56:18', '2024-04-20 07:56:18', 595, 826),
(1183, '2024-04-20 07:56:18', '2024-04-20 07:56:18', 596, 826),
(1184, '2024-04-20 07:56:18', '2024-04-20 07:56:18', 597, 826),
(1185, '2024-04-20 07:56:18', '2024-04-20 07:56:18', 595, 827),
(1186, '2024-04-20 07:56:18', '2024-04-20 07:56:18', 598, 827),
(1187, '2024-04-20 07:56:18', '2024-04-20 07:56:18', 599, 827),
(1188, '2024-04-20 07:56:18', '2024-04-20 07:56:18', 600, 827),
(1189, '2024-04-20 07:56:18', '2024-04-20 07:56:18', 601, 827),
(1190, '2024-04-20 07:56:18', '2024-04-20 07:56:18', 602, 827),
(1191, '2024-04-20 07:56:18', '2024-04-20 07:56:18', 603, 827),
(1192, '2024-04-20 07:56:18', '2024-04-20 07:56:18', 604, 828),
(1193, '2024-04-20 07:56:18', '2024-04-20 07:56:18', 605, 828),
(1194, '2024-04-20 07:56:18', '2024-04-20 07:56:18', 606, 828),
(1195, '2024-04-20 07:56:18', '2024-04-20 07:56:18', 604, 829),
(1196, '2024-04-20 07:56:18', '2024-04-20 07:56:18', 607, 829),
(1197, '2024-04-20 07:56:18', '2024-04-20 07:56:18', 606, 829),
(1198, '2024-04-20 07:56:18', '2024-04-20 07:56:18', 608, 830),
(1199, '2024-04-20 07:56:18', '2024-04-20 07:56:18', 609, 831),
(1200, '2024-04-20 07:56:18', '2024-04-20 07:56:18', 610, 832),
(1201, '2024-04-20 07:56:18', '2024-04-20 07:56:18', 611, 832),
(1202, '2024-04-20 07:56:18', '2024-04-20 07:56:18', 612, 833),
(1203, '2024-04-20 07:56:18', '2024-04-20 07:56:18', 613, 833),
(1204, '2024-04-20 07:56:18', '2024-04-20 07:56:18', 594, 833),
(1205, '2024-04-20 07:56:18', '2024-04-20 07:56:18', 614, 834),
(1206, '2024-04-20 07:56:18', '2024-04-20 07:56:18', 615, 835),
(1207, '2024-04-20 07:56:18', '2024-04-20 07:56:18', 616, 836),
(1208, '2024-04-20 07:56:18', '2024-04-20 07:56:18', 617, 837),
(1209, '2024-04-20 07:56:18', '2024-04-20 07:56:18', 599, 838),
(1210, '2024-04-20 07:56:18', '2024-04-20 07:56:18', 617, 839),
(1211, '2024-04-20 07:56:18', '2024-04-20 07:56:18', 599, 840),
(1212, '2024-04-20 07:56:18', '2024-04-20 07:56:18', 618, 841),
(1213, '2024-04-20 07:56:18', '2024-04-20 07:56:18', 618, 842),
(1214, '2024-04-20 07:56:18', '2024-04-20 07:56:18', 602, 843),
(1215, '2024-04-20 07:56:18', '2024-04-20 07:56:18', 602, 844),
(1216, '2024-04-20 07:56:18', '2024-04-20 07:56:18', 619, 845),
(1217, '2024-04-20 07:56:18', '2024-04-20 07:56:18', 619, 846),
(1218, '2024-04-20 07:56:18', '2024-04-20 07:56:18', 620, 847),
(1219, '2024-04-20 07:56:18', '2024-04-20 07:56:18', 621, 848),
(1220, '2024-04-20 07:56:18', '2024-04-20 07:56:18', 622, 849),
(1221, '2024-04-20 07:56:18', '2024-04-20 07:56:18', 622, 850),
(1222, '2024-04-20 07:56:18', '2024-04-20 07:56:18', 623, 851),
(1223, '2024-04-20 07:56:18', '2024-04-20 07:56:18', 624, 852),
(1224, '2024-04-20 07:56:18', '2024-04-20 07:56:18', 625, 853),
(1225, '2024-04-20 07:56:18', '2024-04-20 07:56:18', 626, 854),
(1226, '2024-04-20 07:56:18', '2024-04-20 07:56:18', 627, 855),
(1227, '2024-04-20 07:56:18', '2024-04-20 07:56:18', 598, 856),
(1228, '2024-04-20 07:56:18', '2024-04-20 07:56:18', 622, 857),
(1229, '2024-04-20 07:56:18', '2024-04-20 07:56:18', 628, 858),
(1230, '2024-04-20 07:56:18', '2024-04-20 07:56:18', 599, 859),
(1231, '2024-04-20 07:56:18', '2024-04-20 07:56:18', 617, 860),
(1232, '2024-04-20 07:56:18', '2024-04-20 07:56:18', 618, 861),
(1233, '2024-04-20 07:56:18', '2024-04-20 07:56:18', 618, 862),
(1234, '2024-04-20 07:56:18', '2024-04-20 07:56:18', 619, 863),
(1235, '2024-04-20 07:56:18', '2024-04-20 07:56:18', 624, 864),
(1236, '2024-04-20 07:56:18', '2024-04-20 07:56:18', 625, 865),
(1237, '2024-04-20 07:56:18', '2024-04-20 07:56:18', 621, 866),
(1238, '2024-04-20 07:56:18', '2024-04-20 07:56:18', 629, 867),
(1239, '2024-04-20 07:56:18', '2024-04-20 07:56:18', 630, 867),
(1240, '2024-04-20 07:56:18', '2024-04-20 07:56:18', 631, 868),
(1241, '2024-04-20 07:56:18', '2024-04-20 07:56:18', 631, 869),
(1242, '2024-04-20 07:56:18', '2024-04-20 07:56:18', 632, 870),
(1243, '2024-04-20 07:56:18', '2024-04-20 07:56:18', 633, 871),
(1244, '2024-04-20 07:56:18', '2024-04-20 07:56:18', 634, 872),
(1245, '2024-04-20 07:56:18', '2024-04-20 07:56:18', 634, 873),
(1246, '2024-04-20 07:56:18', '2024-04-20 07:56:18', 635, 874),
(1247, '2024-04-20 07:56:18', '2024-04-20 07:56:18', 635, 875),
(1248, '2024-04-20 07:56:18', '2024-04-20 07:56:18', 636, 876),
(1249, '2024-04-20 07:56:18', '2024-04-20 07:56:18', 637, 877),
(1250, '2024-04-20 07:56:18', '2024-04-20 07:56:18', 638, 878),
(1251, '2024-04-20 07:56:18', '2024-04-20 07:56:18', 630, 879),
(1252, '2024-04-20 07:56:18', '2024-04-20 07:56:18', 639, 880),
(1253, '2024-04-20 07:56:18', '2024-04-20 07:56:18', 640, 881),
(1254, '2024-04-20 07:56:18', '2024-04-20 07:56:18', 629, 882),
(1255, '2024-04-20 07:56:18', '2024-04-20 07:56:18', 639, 883),
(1256, '2024-04-20 07:56:18', '2024-04-20 07:56:18', 633, 884),
(1257, '2024-04-20 07:56:18', '2024-04-20 07:56:18', 640, 885),
(1258, '2024-04-20 07:56:18', '2024-04-20 07:56:18', 641, 886),
(1259, '2024-04-20 07:56:18', '2024-04-20 07:56:18', 642, 887),
(1260, '2024-04-20 07:56:18', '2024-04-20 07:56:18', 643, 888),
(1261, '2024-04-20 07:56:18', '2024-04-20 07:56:18', 644, 889),
(1262, '2024-04-20 07:56:18', '2024-04-20 07:56:18', 645, 890),
(1263, '2024-04-20 07:56:18', '2024-04-20 07:56:18', 646, 890),
(1264, '2024-04-20 07:56:18', '2024-04-20 07:56:18', 645, 891),
(1265, '2024-04-20 07:56:18', '2024-04-20 07:56:18', 646, 891),
(1266, '2024-04-20 07:56:18', '2024-04-20 07:56:18', 647, 892),
(1267, '2024-04-20 07:56:18', '2024-04-20 07:56:18', 648, 893),
(1268, '2024-04-20 07:56:18', '2024-04-20 07:56:18', 649, 893),
(1269, '2024-04-20 07:56:18', '2024-04-20 07:56:18', 648, 894),
(1270, '2024-04-20 07:56:18', '2024-04-20 07:56:18', 649, 894),
(1271, '2024-04-20 07:56:18', '2024-04-20 07:56:18', 650, 895),
(1272, '2024-04-20 07:56:18', '2024-04-20 07:56:18', 651, 896),
(1273, '2024-04-20 07:56:18', '2024-04-20 07:56:18', 650, 896),
(1274, '2024-04-20 07:56:18', '2024-04-20 07:56:18', 652, 896),
(1275, '2024-04-20 07:56:18', '2024-04-20 07:56:18', 614, 897),
(1276, '2024-04-20 07:56:18', '2024-04-20 07:56:18', 653, 898),
(1277, '2024-04-20 07:56:18', '2024-04-20 07:56:18', 654, 899),
(1278, '2024-04-20 07:56:18', '2024-04-20 07:56:18', 654, 900),
(1279, '2024-04-20 07:56:18', '2024-04-20 07:56:18', 655, 900),
(1280, '2024-04-20 07:56:18', '2024-04-20 07:56:18', 656, 901),
(1281, '2024-04-20 07:56:18', '2024-04-20 07:56:18', 657, 902),
(1282, '2024-04-20 07:56:18', '2024-04-20 07:56:18', 658, 903),
(1283, '2024-04-20 07:56:18', '2024-04-20 07:56:18', 653, 903),
(1284, '2024-04-20 07:56:18', '2024-04-20 07:56:18', 658, 904),
(1285, '2024-04-20 07:56:18', '2024-04-20 07:56:18', 649, 905),
(1286, '2024-04-20 07:56:18', '2024-04-20 07:56:18', 659, 905),
(1287, '2024-04-20 07:56:18', '2024-04-20 07:56:18', 660, 905),
(1288, '2024-04-20 07:56:18', '2024-04-20 07:56:18', 647, 905),
(1289, '2024-04-20 07:56:18', '2024-04-20 07:56:18', 651, 906),
(1290, '2024-04-20 07:56:18', '2024-04-20 07:56:18', 661, 907),
(1291, '2024-04-20 07:56:18', '2024-04-20 07:56:18', 662, 908),
(1292, '2024-04-20 07:56:18', '2024-04-20 07:56:18', 655, 908),
(1293, '2024-04-20 07:56:18', '2024-04-20 07:56:18', 662, 909),
(1294, '2024-04-20 07:56:18', '2024-04-20 07:56:18', 655, 909),
(1295, '2024-04-20 07:56:18', '2024-04-20 07:56:18', 660, 910),
(1296, '2024-04-20 07:56:18', '2024-04-20 07:56:18', 660, 911),
(1297, '2024-04-20 07:56:18', '2024-04-20 07:56:18', 662, 912),
(1298, '2024-04-20 07:56:18', '2024-04-20 07:56:18', 662, 913),
(1299, '2024-04-20 07:56:18', '2024-04-20 07:56:18', 663, 914),
(1300, '2024-04-20 07:56:18', '2024-04-20 07:56:18', 663, 915),
(1301, '2024-04-20 07:56:18', '2024-04-20 07:56:18', 664, 916),
(1302, '2024-04-20 07:56:18', '2024-04-20 07:56:18', 664, 917),
(1303, '2024-04-20 07:56:18', '2024-04-20 07:56:18', 644, 918),
(1304, '2024-04-20 07:56:18', '2024-04-20 07:56:18', 610, 919),
(1305, '2024-04-20 07:56:18', '2024-04-20 07:56:18', 665, 920),
(1306, '2024-04-20 07:56:18', '2024-04-20 07:56:18', 666, 921),
(1307, '2024-04-20 07:56:18', '2024-04-20 07:56:18', 667, 922),
(1308, '2024-04-20 07:56:18', '2024-04-20 07:56:18', 668, 923),
(1309, '2024-04-20 07:56:18', '2024-04-20 07:56:18', 668, 924),
(1310, '2024-04-20 07:56:18', '2024-04-20 07:56:18', 669, 925),
(1311, '2024-04-20 07:56:18', '2024-04-20 07:56:18', 669, 926),
(1312, '2024-04-20 07:56:18', '2024-04-20 07:56:18', 670, 927),
(1313, '2024-04-20 07:56:18', '2024-04-20 07:56:18', 670, 928),
(1314, '2024-04-20 07:56:18', '2024-04-20 07:56:18', 671, 929),
(1315, '2024-04-20 07:56:18', '2024-04-20 07:56:18', 671, 930),
(1316, '2024-04-20 07:56:18', '2024-04-20 07:56:18', 672, 930),
(1317, '2024-04-20 07:56:18', '2024-04-20 07:56:18', 673, 930),
(1318, '2024-04-20 07:56:18', '2024-04-20 07:56:18', 674, 931),
(1319, '2024-04-20 07:56:18', '2024-04-20 07:56:18', 675, 932),
(1320, '2024-04-20 07:56:18', '2024-04-20 07:56:18', 676, 933),
(1321, '2024-04-20 07:56:18', '2024-04-20 07:56:18', 668, 934),
(1322, '2024-04-20 07:56:18', '2024-04-20 07:56:18', 677, 934),
(1323, '2024-04-20 07:56:18', '2024-04-20 07:56:18', 678, 934),
(1324, '2024-04-20 07:56:18', '2024-04-20 07:56:18', 679, 935),
(1325, '2024-04-20 07:56:18', '2024-04-20 07:56:18', 679, 926),
(1326, '2024-04-20 07:56:18', '2024-04-20 07:56:18', 670, 936),
(1327, '2024-04-20 07:56:18', '2024-04-20 07:56:18', 680, 937),
(1328, '2024-04-20 07:56:18', '2024-04-20 07:56:18', 670, 937),
(1329, '2024-04-20 07:56:18', '2024-04-20 07:56:18', 672, 929),
(1330, '2024-04-20 07:56:18', '2024-04-20 07:56:18', 681, 930),
(1331, '2024-04-20 07:56:18', '2024-04-20 07:56:18', 682, 930),
(1332, '2024-04-20 07:56:18', '2024-04-20 07:56:18', 677, 938),
(1333, '2024-04-20 07:56:18', '2024-04-20 07:56:18', 678, 923),
(1334, '2024-04-20 07:56:18', '2024-04-20 07:56:18', 683, 926),
(1335, '2024-04-20 07:56:18', '2024-04-20 07:56:18', 680, 936),
(1336, '2024-04-20 07:56:18', '2024-04-20 07:56:18', 677, 939),
(1337, '2024-04-20 07:56:18', '2024-04-20 07:56:18', 684, 940),
(1338, '2024-04-20 07:56:18', '2024-04-20 07:56:18', 684, 941),
(1339, '2024-04-20 07:56:18', '2024-04-20 07:56:18', 683, 942),
(1340, '2024-04-20 07:56:18', '2024-04-20 07:56:18', 683, 943),
(1341, '2024-04-20 07:56:18', '2024-04-20 07:56:18', 674, 943),
(1342, '2024-04-20 07:56:18', '2024-04-20 07:56:18', 685, 944),
(1343, '2024-04-20 07:56:18', '2024-04-20 07:56:18', 686, 945),
(1344, '2024-04-20 07:56:18', '2024-04-20 07:56:18', 687, 945),
(1345, '2024-04-20 07:56:18', '2024-04-20 07:56:18', 688, 946),
(1346, '2024-04-20 07:56:18', '2024-04-20 07:56:18', 688, 947),
(1347, '2024-04-20 07:56:18', '2024-04-20 07:56:18', 674, 948),
(1348, '2024-04-20 07:56:18', '2024-04-20 07:56:18', 689, 949),
(1349, '2024-04-20 07:56:18', '2024-04-20 07:56:18', 689, 950),
(1350, '2024-04-20 07:56:18', '2024-04-20 07:56:18', 690, 950),
(1351, '2024-04-20 07:56:18', '2024-04-20 07:56:18', 691, 951),
(1352, '2024-04-20 07:56:18', '2024-04-20 07:56:18', 692, 952),
(1353, '2024-04-20 07:56:18', '2024-04-20 07:56:18', 693, 941),
(1354, '2024-04-20 07:56:18', '2024-04-20 07:56:18', 694, 950),
(1355, '2024-04-20 07:56:18', '2024-04-20 07:56:18', 695, 951),
(1356, '2024-04-20 07:56:18', '2024-04-20 07:56:18', 696, 953),
(1357, '2024-04-20 07:56:18', '2024-04-20 07:56:18', 696, 954),
(1358, '2024-04-20 07:56:18', '2024-04-20 07:56:18', 697, 955),
(1359, '2024-04-20 07:56:18', '2024-04-20 07:56:18', 697, 956),
(1360, '2024-04-20 07:56:18', '2024-04-20 07:56:18', 698, 957),
(1361, '2024-04-20 07:56:18', '2024-04-20 07:56:18', 698, 958),
(1362, '2024-04-20 07:56:18', '2024-04-20 07:56:18', 699, 959),
(1363, '2024-04-20 07:56:18', '2024-04-20 07:56:18', 699, 960),
(1364, '2024-04-20 07:56:18', '2024-04-20 07:56:18', 700, 961),
(1365, '2024-04-20 07:56:18', '2024-04-20 07:56:18', 701, 961),
(1366, '2024-04-20 07:56:18', '2024-04-20 07:56:18', 680, 962),
(1367, '2024-04-20 07:56:18', '2024-04-20 07:56:18', 702, 963),
(1368, '2024-04-20 07:56:18', '2024-04-20 07:56:18', 703, 963),
(1369, '2024-04-20 07:56:18', '2024-04-20 07:56:18', 669, 964),
(1370, '2024-04-20 07:56:18', '2024-04-20 07:56:18', 704, 964),
(1371, '2024-04-20 07:56:18', '2024-04-20 07:56:18', 659, 964),
(1372, '2024-04-20 07:56:18', '2024-04-20 07:56:18', 705, 964),
(1373, '2024-04-20 07:56:18', '2024-04-20 07:56:18', 706, 964),
(1374, '2024-04-20 07:56:18', '2024-04-20 07:56:18', 707, 964),
(1375, '2024-04-20 07:56:18', '2024-04-20 07:56:18', 643, 964),
(1376, '2024-04-20 07:56:18', '2024-04-20 07:56:18', 708, 964),
(1377, '2024-04-20 07:56:18', '2024-04-20 07:56:18', 682, 964),
(1378, '2024-04-20 07:56:18', '2024-04-20 07:56:18', 709, 964),
(1379, '2024-04-20 07:56:18', '2024-04-20 07:56:18', 710, 965),
(1380, '2024-04-20 07:56:18', '2024-04-20 07:56:18', 678, 966),
(1381, '2024-04-20 07:56:18', '2024-04-20 07:56:18', 696, 966),
(1382, '2024-04-20 07:56:18', '2024-04-20 07:56:18', 711, 967),
(1383, '2024-04-20 07:56:18', '2024-04-20 07:56:18', 712, 968),
(1384, '2024-04-20 07:56:18', '2024-04-20 07:56:18', 697, 968),
(1385, '2024-04-20 07:56:18', '2024-04-20 07:56:18', 713, 958),
(1386, '2024-04-20 07:56:18', '2024-04-20 07:56:18', 714, 969),
(1387, '2024-04-20 07:56:18', '2024-04-20 07:56:18', 714, 970),
(1388, '2024-04-20 07:56:18', '2024-04-20 07:56:18', 715, 961),
(1389, '2024-04-20 07:56:18', '2024-04-20 07:56:18', 699, 963),
(1390, '2024-04-20 07:56:18', '2024-04-20 07:56:18', 710, 971),
(1391, '2024-04-20 07:56:18', '2024-04-20 07:56:18', 690, 972),
(1392, '2024-04-20 07:56:18', '2024-04-20 07:56:18', 690, 973),
(1393, '2024-04-20 07:56:18', '2024-04-20 07:56:18', 716, 974),
(1394, '2024-04-20 07:56:18', '2024-04-20 07:56:18', 716, 975),
(1395, '2024-04-20 07:56:18', '2024-04-20 07:56:18', 717, 976),
(1396, '2024-04-20 07:56:18', '2024-04-20 07:56:18', 717, 977),
(1397, '2024-04-20 07:56:18', '2024-04-20 07:56:18', 718, 978),
(1398, '2024-04-20 07:56:18', '2024-04-20 07:56:18', 718, 979),
(1399, '2024-04-20 07:56:18', '2024-04-20 07:56:18', 719, 980),
(1400, '2024-04-20 07:56:18', '2024-04-20 07:56:18', 680, 981),
(1401, '2024-04-20 07:56:18', '2024-04-20 07:56:18', 710, 982),
(1402, '2024-04-20 07:56:18', '2024-04-20 07:56:18', 708, 983),
(1403, '2024-04-20 07:56:18', '2024-04-20 07:56:18', 673, 983),
(1404, '2024-04-20 07:56:18', '2024-04-20 07:56:18', 720, 983),
(1405, '2024-04-20 07:56:18', '2024-04-20 07:56:18', 669, 983),
(1406, '2024-04-20 07:56:18', '2024-04-20 07:56:18', 707, 983),
(1407, '2024-04-20 07:56:18', '2024-04-20 07:56:18', 682, 983),
(1408, '2024-04-20 07:56:18', '2024-04-20 07:56:18', 643, 983),
(1409, '2024-04-20 07:56:18', '2024-04-20 07:56:18', 706, 983),
(1410, '2024-04-20 07:56:18', '2024-04-20 07:56:18', 704, 983),
(1411, '2024-04-20 07:56:18', '2024-04-20 07:56:18', 659, 983),
(1412, '2024-04-20 07:56:18', '2024-04-20 07:56:18', 693, 984),
(1413, '2024-04-20 07:56:18', '2024-04-20 07:56:18', 693, 985),
(1414, '2024-04-20 07:56:18', '2024-04-20 07:56:18', 720, 986),
(1415, '2024-04-20 07:56:18', '2024-04-20 07:56:18', 720, 987),
(1416, '2024-04-20 07:56:18', '2024-04-20 07:56:18', 712, 988),
(1417, '2024-04-20 07:56:18', '2024-04-20 07:56:18', 712, 989),
(1418, '2024-04-20 07:56:18', '2024-04-20 07:56:18', 721, 990),
(1419, '2024-04-20 07:56:18', '2024-04-20 07:56:18', 722, 991),
(1420, '2024-04-20 07:56:18', '2024-04-20 07:56:18', 715, 992),
(1421, '2024-04-20 07:56:18', '2024-04-20 07:56:18', 710, 993),
(1422, '2024-04-20 07:56:18', '2024-04-20 07:56:18', 680, 994),
(1423, '2024-04-20 07:56:18', '2024-04-20 07:56:18', 673, 995),
(1424, '2024-04-20 07:56:18', '2024-04-20 07:56:18', 720, 995),
(1425, '2024-04-20 07:56:18', '2024-04-20 07:56:18', 669, 995),
(1426, '2024-04-20 07:56:18', '2024-04-20 07:56:18', 706, 995),
(1427, '2024-04-20 07:56:18', '2024-04-20 07:56:18', 682, 995),
(1428, '2024-04-20 07:56:18', '2024-04-20 07:56:18', 707, 995),
(1429, '2024-04-20 07:56:18', '2024-04-20 07:56:18', 643, 995),
(1430, '2024-04-20 07:56:18', '2024-04-20 07:56:18', 704, 995),
(1431, '2024-04-20 07:56:18', '2024-04-20 07:56:18', 659, 995),
(1432, '2024-04-20 07:56:18', '2024-04-20 07:56:18', 708, 995),
(1433, '2024-04-20 07:56:18', '2024-04-20 07:56:18', 693, 996),
(1434, '2024-04-20 07:56:18', '2024-04-20 07:56:18', 693, 997),
(1435, '2024-04-20 07:56:18', '2024-04-20 07:56:18', 720, 998),
(1436, '2024-04-20 07:56:18', '2024-04-20 07:56:18', 713, 999),
(1437, '2024-04-20 07:56:18', '2024-04-20 07:56:18', 723, 1000),
(1438, '2024-04-20 07:56:18', '2024-04-20 07:56:18', 723, 1001),
(1439, '2024-04-20 07:56:18', '2024-04-20 07:56:18', 724, 1002),
(1440, '2024-04-20 07:56:18', '2024-04-20 07:56:18', 725, 1003),
(1441, '2024-04-20 07:56:18', '2024-04-20 07:56:18', 726, 1004),
(1442, '2024-04-20 07:56:18', '2024-04-20 07:56:18', 726, 1005),
(1443, '2024-04-20 07:56:18', '2024-04-20 07:56:18', 725, 1006),
(1444, '2024-04-20 07:56:18', '2024-04-20 07:56:18', 680, 1007),
(1445, '2024-04-20 07:56:18', '2024-04-20 07:56:18', 710, 1008),
(1446, '2024-04-20 07:56:18', '2024-04-20 07:56:18', 673, 1009),
(1447, '2024-04-20 07:56:18', '2024-04-20 07:56:18', 720, 1009),
(1448, '2024-04-20 07:56:18', '2024-04-20 07:56:18', 669, 1009),
(1449, '2024-04-20 07:56:18', '2024-04-20 07:56:18', 706, 1009),
(1450, '2024-04-20 07:56:18', '2024-04-20 07:56:18', 682, 1009),
(1451, '2024-04-20 07:56:18', '2024-04-20 07:56:18', 707, 1009),
(1452, '2024-04-20 07:56:18', '2024-04-20 07:56:18', 643, 1009),
(1453, '2024-04-20 07:56:18', '2024-04-20 07:56:18', 704, 1009),
(1454, '2024-04-20 07:56:18', '2024-04-20 07:56:18', 659, 1009),
(1455, '2024-04-20 07:56:18', '2024-04-20 07:56:18', 708, 1009),
(1456, '2024-04-20 07:56:18', '2024-04-20 07:56:18', 727, 1010),
(1457, '2024-04-20 07:56:18', '2024-04-20 07:56:18', 728, 1011),
(1458, '2024-04-20 07:56:18', '2024-04-20 07:56:18', 729, 1011),
(1459, '2024-04-20 07:56:18', '2024-04-20 07:56:18', 730, 1012),
(1460, '2024-04-20 07:56:18', '2024-04-20 07:56:18', 644, 1013),
(1461, '2024-04-20 07:56:18', '2024-04-20 07:56:18', 731, 1013),
(1462, '2024-04-20 07:56:18', '2024-04-20 07:56:18', 732, 1014),
(1463, '2024-04-20 07:56:18', '2024-04-20 07:56:18', 727, 1015),
(1464, '2024-04-20 07:56:18', '2024-04-20 07:56:18', 643, 1015),
(1465, '2024-04-20 07:56:18', '2024-04-20 07:56:18', 733, 1016),
(1466, '2024-04-20 07:56:18', '2024-04-20 07:56:18', 727, 1017),
(1467, '2024-04-20 07:56:18', '2024-04-20 07:56:18', 733, 1018),
(1468, '2024-04-20 07:56:18', '2024-04-20 07:56:18', 734, 1019),
(1469, '2024-04-20 07:56:18', '2024-04-20 07:56:18', 728, 1020),
(1470, '2024-04-20 07:56:18', '2024-04-20 07:56:18', 735, 1021),
(1471, '2024-04-20 07:56:18', '2024-04-20 07:56:18', 610, 1022),
(1472, '2024-04-20 07:56:18', '2024-04-20 07:56:18', 736, 1023),
(1473, '2024-04-20 07:56:18', '2024-04-20 07:56:18', 643, 1024),
(1474, '2024-04-20 07:56:18', '2024-04-20 07:56:18', 644, 1025),
(1475, '2024-04-20 07:56:18', '2024-04-20 07:56:18', 737, 1026),
(1476, '2024-04-20 07:56:18', '2024-04-20 07:56:18', 733, 1027),
(1477, '2024-04-20 07:56:18', '2024-04-20 07:56:18', 738, 1028),
(1478, '2024-04-20 07:56:18', '2024-04-20 07:56:18', 739, 1028),
(1479, '2024-04-20 07:56:18', '2024-04-20 07:56:18', 727, 1029),
(1480, '2024-04-20 07:56:18', '2024-04-20 07:56:18', 733, 1030),
(1481, '2024-04-20 07:56:18', '2024-04-20 07:56:18', 740, 1030),
(1482, '2024-04-20 07:56:18', '2024-04-20 07:56:18', 741, 1031),
(1483, '2024-04-20 07:56:18', '2024-04-20 07:56:18', 741, 1032),
(1484, '2024-04-20 07:56:18', '2024-04-20 07:56:18', 741, 1033),
(1485, '2024-04-20 07:56:18', '2024-04-20 07:56:18', 728, 1034),
(1486, '2024-04-20 07:56:18', '2024-04-20 07:56:18', 742, 1035),
(1487, '2024-04-20 07:56:18', '2024-04-20 07:56:18', 631, 1035),
(1488, '2024-04-20 07:56:18', '2024-04-20 07:56:18', 742, 1036),
(1489, '2024-04-20 07:56:18', '2024-04-20 07:56:18', 631, 1036),
(1490, '2024-04-20 07:56:18', '2024-04-20 07:56:18', 729, 1037),
(1491, '2024-04-20 07:56:18', '2024-04-20 07:56:18', 729, 1038),
(1492, '2024-04-20 07:56:18', '2024-04-20 07:56:18', 728, 1038),
(1493, '2024-04-20 07:56:18', '2024-04-20 07:56:18', 735, 1039),
(1494, '2024-04-20 07:56:18', '2024-04-20 07:56:18', 644, 1040),
(1495, '2024-04-20 07:56:18', '2024-04-20 07:56:18', 735, 1040),
(1496, '2024-04-20 07:56:18', '2024-04-20 07:56:18', 643, 1041),
(1497, '2024-04-20 07:56:18', '2024-04-20 07:56:18', 644, 1042),
(1498, '2024-04-20 07:56:18', '2024-04-20 07:56:18', 660, 1043),
(1499, '2024-04-20 07:56:18', '2024-04-20 07:56:18', 743, 1044),
(1500, '2024-04-20 07:56:18', '2024-04-20 07:56:18', 744, 1045),
(1501, '2024-04-20 07:56:18', '2024-04-20 07:56:18', 745, 1046),
(1502, '2024-04-20 07:56:18', '2024-04-20 07:56:18', 745, 1047),
(1503, '2024-04-20 07:56:18', '2024-04-20 07:56:18', 746, 1048),
(1504, '2024-04-20 07:56:18', '2024-04-20 07:56:18', 746, 1049),
(1505, '2024-04-20 07:56:18', '2024-04-20 07:56:18', 747, 1049),
(1506, '2024-04-20 07:56:18', '2024-04-20 07:56:18', 595, 1050),
(1507, '2024-04-20 07:56:18', '2024-04-20 07:56:18', 748, 1051),
(1508, '2024-04-20 07:56:18', '2024-04-20 07:56:18', 747, 1052),
(1509, '2024-04-20 07:56:18', '2024-04-20 07:56:18', 747, 1053),
(1510, '2024-04-20 07:56:18', '2024-04-20 07:56:18', 666, 1054),
(1511, '2024-04-20 07:56:18', '2024-04-20 07:56:18', 665, 1055),
(1512, '2024-04-20 07:56:18', '2024-04-20 07:56:18', 610, 1056),
(1513, '2024-04-20 07:56:18', '2024-04-20 07:56:18', 749, 1057),
(1514, '2024-04-20 07:56:18', '2024-04-20 07:56:18', 750, 1058),
(1515, '2024-04-20 07:56:18', '2024-04-20 07:56:18', 751, 1059),
(1516, '2024-04-20 07:56:18', '2024-04-20 07:56:18', 752, 1060),
(1517, '2024-04-20 07:56:18', '2024-04-20 07:56:18', 752, 1061),
(1518, '2024-04-20 07:56:18', '2024-04-20 07:56:18', 753, 1062),
(1519, '2024-04-20 07:56:18', '2024-04-20 07:56:18', 753, 1063),
(1520, '2024-04-20 07:56:18', '2024-04-20 07:56:18', 754, 1064),
(1521, '2024-04-20 07:56:18', '2024-04-20 07:56:18', 754, 1065),
(1522, '2024-04-20 07:56:18', '2024-04-20 07:56:18', 590, 1066),
(1523, '2024-04-20 07:56:18', '2024-04-20 07:56:18', 755, 1067),
(1524, '2024-04-20 07:56:18', '2024-04-20 07:56:18', 755, 1068),
(1525, '2024-04-20 07:56:18', '2024-04-20 07:56:18', 756, 1069),
(1526, '2024-04-20 07:56:18', '2024-04-20 07:56:18', 757, 1070),
(1527, '2024-04-20 07:56:18', '2024-04-20 07:56:18', 758, 1071),
(1528, '2024-04-20 07:56:18', '2024-04-20 07:56:18', 759, 1072),
(1529, '2024-04-20 07:56:18', '2024-04-20 07:56:18', 760, 1073),
(1530, '2024-04-20 07:56:18', '2024-04-20 07:56:18', 761, 1073),
(1531, '2024-04-20 07:56:18', '2024-04-20 07:56:18', 762, 1074),
(1532, '2024-04-20 07:56:18', '2024-04-20 07:56:18', 763, 1074),
(1533, '2024-04-20 07:56:18', '2024-04-20 07:56:18', 764, 1074),
(1534, '2024-04-20 07:56:18', '2024-04-20 07:56:18', 763, 1075),
(1535, '2024-04-20 07:56:18', '2024-04-20 07:56:18', 765, 1075),
(1536, '2024-04-20 07:56:18', '2024-04-20 07:56:18', 764, 1075),
(1537, '2024-04-20 07:56:18', '2024-04-20 07:56:18', 766, 1076),
(1538, '2024-04-20 07:56:18', '2024-04-20 07:56:18', 767, 1076),
(1539, '2024-04-20 07:56:18', '2024-04-20 07:56:18', 768, 1076),
(1540, '2024-04-20 07:56:18', '2024-04-20 07:56:18', 767, 1077),
(1541, '2024-04-20 07:56:18', '2024-04-20 07:56:18', 768, 1077),
(1542, '2024-04-20 07:56:18', '2024-04-20 07:56:18', 769, 1078),
(1543, '2024-04-20 07:56:18', '2024-04-20 07:56:18', 770, 1079),
(1544, '2024-04-20 07:56:18', '2024-04-20 07:56:18', 771, 1080),
(1545, '2024-04-20 07:56:18', '2024-04-20 07:56:18', 677, 1081),
(1546, '2024-04-20 07:56:18', '2024-04-20 07:56:18', 771, 1081),
(1547, '2024-04-20 07:56:18', '2024-04-20 07:56:18', 748, 1082),
(1548, '2024-04-20 07:56:18', '2024-04-20 07:56:18', 772, 1083),
(1549, '2024-04-20 07:56:18', '2024-04-20 07:56:18', 773, 1084),
(1550, '2024-04-20 07:56:18', '2024-04-20 07:56:18', 774, 1085),
(1551, '2024-04-20 07:56:18', '2024-04-20 07:56:18', 775, 1086),
(1552, '2024-04-20 07:56:18', '2024-04-20 07:56:18', 776, 1086),
(1553, '2024-04-20 07:56:18', '2024-04-20 07:56:18', 777, 1087),
(1554, '2024-04-20 07:56:18', '2024-04-20 07:56:18', 778, 1088),
(1555, '2024-04-20 07:56:18', '2024-04-20 07:56:18', 743, 1088),
(1556, '2024-04-20 07:56:18', '2024-04-20 07:56:18', 779, 1089),
(1557, '2024-04-20 07:56:18', '2024-04-20 07:56:18', 779, 1090),
(1558, '2024-04-20 07:56:18', '2024-04-20 07:56:18', 760, 1090),
(1559, '2024-04-20 07:56:18', '2024-04-20 07:56:18', 759, 1091),
(1560, '2024-04-20 07:56:18', '2024-04-20 07:56:18', 780, 1092),
(1561, '2024-04-20 07:56:18', '2024-04-20 07:56:18', 781, 1093),
(1562, '2024-04-20 07:56:18', '2024-04-20 07:56:18', 782, 1094),
(1563, '2024-04-20 07:56:18', '2024-04-20 07:56:18', 783, 1095),
(1564, '2024-04-20 07:56:18', '2024-04-20 07:56:18', 784, 1096);

-- --------------------------------------------------------

--
-- Table structure for table `teacher`
--

CREATE TABLE `teacher` (
  `id` int(10) UNSIGNED NOT NULL,
  `teacherName` varchar(255) DEFAULT NULL,
  `teacherEmail` varchar(255) DEFAULT NULL,
  `createdAt` datetime DEFAULT NULL,
  `updatedAt` datetime DEFAULT NULL,
  `AcademicYearId` int(10) UNSIGNED NOT NULL
) ENGINE=InnoDB DEFAULT CHARSET=utf8mb4 COLLATE=utf8mb4_general_ci;

--
-- Dumping data for table `teacher`
--

INSERT INTO `teacher` (`id`, `teacherName`, `teacherEmail`, `createdAt`, `updatedAt`, `AcademicYearId`) VALUES
(1, 'Dr Ram Kishun Lodhi', 'ramkishun.lodhi@sitpune.edu.in', '2024-04-20 07:56:17', '2024-04-20 07:56:17', 1),
(2, 'Dr Pratiksha Bhavsar', 'pratiksha.bhavsar@sitpune.edu.in', '2024-04-20 07:56:17', '2024-04-20 07:56:17', 1),
(3, 'Dr Jitendra RajpurohitMr Mayur Gaikawad', 'jitendra.rajpurohit@sitpune.edu.in', '2024-04-20 07:56:17', '2024-04-20 07:56:17', 1),
(4, 'Dr Sonali Kothari', 'sonali.kothari@sitpune.edu.in', '2024-04-20 07:56:17', '2024-04-20 07:56:17', 1),
(5, 'Dr Sonali KothariMr Mayur Gaikawad', 'sonali.kothari@sitpune.edu.in', '2024-04-20 07:56:17', '2024-04-20 07:56:17', 1),
(6, 'VF Sushank Dahiwadkar', 'sushank.dahiwadkar.vf@sitpune.edu.in', '2024-04-20 07:56:17', '2024-04-20 07:56:17', 1),
(7, 'Dr Vijayshri Khedkar', 'vijayshri.khedkar@sitpune.edu.in', '2024-04-20 07:56:17', '2024-04-20 07:56:17', 1),
(8, 'Dr Pooja Anil Bagane', 'pooja.bagane@sitpune.edu.in', '2024-04-20 07:56:17', '2024-04-20 07:56:17', 1),
(9, 'Dr Vani Hiremani', 'vani.hiremani@sitpune.edu.in', '2024-04-20 07:56:17', '2024-04-20 07:56:17', 1),
(10, 'Mrs Shubhangi Deokar', 'shubhangi.deokar@sitpune.edu.in', '2024-04-20 07:56:17', '2024-04-20 07:56:17', 1),
(11, 'Dr Rupali Gangarde', 'rupali.gangarde@sitpune.edu.in', '2024-04-20 07:56:17', '2024-04-20 07:56:17', 1),
(12, 'Dr Deepak Dharrao', 'deepak.dharrao@sitpune.edu.in', '2024-04-20 07:56:17', '2024-04-20 07:56:17', 1),
(13, 'Dr Pooja Bagane', 'pooja.bagane@sitpune.edu.in', '2024-04-20 07:56:17', '2024-04-20 07:56:17', 1),
(14, 'Mrs Usha Jogalekar', 'usha.jogalekar@sitpune.edu.in', '2024-04-20 07:56:17', '2024-04-20 07:56:17', 1),
(15, 'Dr Vani HiremaniDr Smita Mahajan', 'vani.hiremani@sitpune.edu.in', '2024-04-20 07:56:17', '2024-04-20 07:56:17', 1),
(16, 'Dr Nilima Zade', 'nilima.zade@sitpune.edu.in', '2024-04-20 07:56:17', '2024-04-20 07:56:17', 1),
(17, 'Mr Ranjeet Bidwe', 'ranjeet.bidwe@sitpune.edu.in', '2024-04-20 07:56:17', '2024-04-20 07:56:17', 1),
(18, 'Dr Renuka Agrawal', 'renuka.agrawal@sitpune.edu.in', '2024-04-20 07:56:17', '2024-04-20 07:56:17', 1),
(19, 'Mr Ranjeet BidweDr Prachi Kadam', 'ranjeet.bidwe@sitpune.edu.in', '2024-04-20 07:56:17', '2024-04-20 07:56:17', 1),
(20, 'VFNikita Konde', 'nikita.konda.vf@sitpune.edu.in', '2024-04-20 07:56:17', '2024-04-20 07:56:17', 1),
(21, 'VFRasika Lanke', 'rasika.lanke.vf@sitpune.edu.in', '2024-04-20 07:56:17', '2024-04-20 07:56:17', 1),
(22, 'Dr Amol Dhumane', 'amol.dhumane@sitpune.edu.in', '2024-04-20 07:56:17', '2024-04-20 07:56:17', 1),
(23, 'Dr Pradeep Arya', 'pradeep.arya@sitpune.edu.in', '2024-04-20 07:56:17', '2024-04-20 07:56:17', 1),
(24, 'Dr Sashikala MishraDr Kailash Shaw', 'sashikala.mishra@sitpune.edu.in', '2024-04-20 07:56:17', '2024-04-20 07:56:17', 1),
(25, 'Dr Ankit Vishnoi', 'ankit.vishnoi@sitpune.edu.in', '2024-04-20 07:56:17', '2024-04-20 07:56:17', 1),
(26, 'Dr Bhavna Ambudkar', 'bhavna.ambudkar@sitpune.edu.in', '2024-04-20 07:56:17', '2024-04-20 07:56:17', 1),
(27, 'VFSanjana Devadiga', 'sanjana.devadiga.vf@sitpune.edu.in', '2024-04-20 07:56:17', '2024-04-20 07:56:17', 1),
(28, 'VF Parija Bhise', 'parija.bhise.vf@sitpune.edu.in', '2024-04-20 07:56:17', '2024-04-20 07:56:17', 1),
(29, 'Dr Shwetambari Chiwhane', 'shwetambari.chiwhane@sitpune.edu.in', '2024-04-20 07:56:17', '2024-04-20 07:56:17', 1),
(30, 'Dr Shubham Joshi', 'shubham.joshi@sitpune.edu.in', '2024-04-20 07:56:17', '2024-04-20 07:56:17', 1),
(31, 'Dr Deepak Parashar', 'deepak.parashar@sitpune.edu.in', '2024-04-20 07:56:17', '2024-04-20 07:56:17', 1),
(32, 'Dr Shivali Wagle', 'shivali.wagle@sitpune.edu.in', '2024-04-20 07:56:17', '2024-04-20 07:56:17', 1),
(33, 'Mrs Nivedita Mishra', 'nivedita.mishra@sitpune.edu.in', '2024-04-20 07:56:17', '2024-04-20 07:56:17', 1),
(34, 'Dr Sudhanshu Suhas Gonge', 'sudhanshu.gonge@sitpune.edu.in', '2024-04-20 07:56:17', '2024-04-20 07:56:17', 1),
(35, 'Dr Rahul Raghvendra Joshi', 'rahulj@sitpune.edu.in', '2024-04-20 07:56:17', '2024-04-20 07:56:17', 1),
(36, 'Dr Rahul Joshi', 'rahulj@sitpune.edu.in', '2024-04-20 07:56:17', '2024-04-20 07:56:17', 1),
(37, 'Dr Vipin Tiwari', 'vipin.tiwari@sitpune.edu.in', '2024-04-20 07:56:17', '2024-04-20 07:56:17', 1),
(38, 'Dr Kanhaya Sharma Dr Shilpa Gite', 'kanhaiya.sharma@sitpune.edu.in', '2024-04-20 07:56:17', '2024-04-20 07:56:17', 1),
(39, 'VfSurabhi Thatte', 'surabhi.thatte.vf@sitpune.edu.in', '2024-04-20 07:56:17', '2024-04-20 07:56:17', 1),
(40, 'Dr Aditi Sharma', 'aditi.sharma@sitpune.edu.in', '2024-04-20 07:56:17', '2024-04-20 07:56:17', 1),
(41, 'Dr Sayali Sandbhor', 'sayali.sandbhor@sitpune.edu.in', '2024-04-20 07:56:17', '2024-04-20 07:56:17', 1),
(42, 'Dr Vaishnavi Dabir', 'vaishnavi.dabir@sitpune.edu.in', '2024-04-20 07:56:17', '2024-04-20 07:56:17', 1),
(43, 'Dr Junaid Nisar', 'junaid.nisar@sitpune.edu.in', '2024-04-20 07:56:17', '2024-04-20 07:56:17', 1),
(44, 'Prof Vinaj Jatti', 'vinay.jatti@sitpune.edu.in', '2024-04-20 07:56:17', '2024-04-20 07:56:17', 1),
(45, 'VF Pratibha Sharma', 'pratibha.sharma.vf@sitpune.edu.in', '2024-04-20 07:56:17', '2024-04-20 07:56:17', 1),
(46, 'Dr Sayali Apte', 'sayali.apte@sitpune.edu.in', '2024-04-20 07:56:17', '2024-04-20 07:56:17', 1),
(47, 'Dr Mugdha Kshirsagar', 'mugdhak@sitpune.edu.in', '2024-04-20 07:56:17', '2024-04-20 07:56:17', 1),
(48, 'Dr Sankit Kasssa', 'sankit.kassa@sitpune.edu.in', '2024-04-20 07:56:17', '2024-04-20 07:56:17', 1),
(49, 'VF Rima Banarjee', 'rima.banerjee.vf@sitpune.edu.in', '2024-04-20 07:56:17', '2024-04-20 07:56:17', 1),
(50, 'VF Tanuja Yelale', 'tanuja.yelale.vf@sitpune.edu.in', '2024-04-20 07:56:17', '2024-04-20 07:56:17', 1),
(51, 'Prof Humera Khanum', 'humera.khanum@sitpune.edu.in', '2024-04-20 07:56:17', '2024-04-20 07:56:17', 1),
(52, 'Dr Sanjay Kulkarni', 'sanjay.kulkarni@sitpune.edu.in', '2024-04-20 07:56:17', '2024-04-20 07:56:17', 1),
(53, 'Prof Rushikesh Kulkarni', 'rushikeshk@sitpune.edu.in', '2024-04-20 07:56:17', '2024-04-20 07:56:17', 1),
(54, 'Prof Sagar Kolekar', 'sagar.kolekar@sitpune.edu.in', '2024-04-20 07:56:17', '2024-04-20 07:56:17', 1),
(55, 'Prof Sarfaraj Shaikh', 'sarfarajs@sitpune.edu.in', '2024-04-20 07:56:17', '2024-04-20 07:56:17', 1),
(56, 'Prof Shruti Maheshwari', 'shruti.maheshwari@sitpune.edu.in', '2024-04-20 07:56:17', '2024-04-20 07:56:17', 1),
(57, 'Dr Prasad Kantipudi', 'prasad.kantipudi@sitpune.edu.in', '2024-04-20 07:56:17', '2024-04-20 07:56:17', 1),
(58, 'Dr DMarshiana', 'marshiana.d@sitpune.edu.in', '2024-04-20 07:56:17', '2024-04-20 07:56:17', 1),
(59, 'Dr Saffrine Kingsly', 'saffrine.kingsly@sitpune.edu.in', '2024-04-20 07:56:17', '2024-04-20 07:56:17', 1),
(60, 'Dr Mousami Bhanja', 'mousumi.bhanja@sitpune.edu.in', '2024-04-20 07:56:17', '2024-04-20 07:56:17', 1),
(61, 'Dr Ujwala Kshirsagar', 'ujwala.kshirsagar@sitpune.edu.in', '2024-04-20 07:56:17', '2024-04-20 07:56:17', 1),
(62, 'Dr Mangal Singh', 'mangal.singh@sitpune.edu.in', '2024-04-20 07:56:17', '2024-04-20 07:56:17', 1),
(63, 'Dr Aditya Jain', 'aditya.j@sitpune.edu.in', '2024-04-20 07:56:17', '2024-04-20 07:56:17', 1),
(64, 'Dr Sumit Kumar', 'kumar.sumit@sitpune.edu.in', '2024-04-20 07:56:17', '2024-04-20 07:56:17', 1),
(65, 'Dr Priyanka TupeWaghmare', 'priyanka.tupe@sitpune.edu.in', '2024-04-20 07:56:17', '2024-04-20 07:56:17', 1),
(66, 'Dr Shilpa Hudnurkar', 'shilpa.hudnurkar@sitpune.edu.in', '2024-04-20 07:56:17', '2024-04-20 07:56:17', 1),
(67, 'Dr Priti Shahane', 'pritis@sitpune.edu.in', '2024-04-20 07:56:17', '2024-04-20 07:56:17', 1),
(68, 'Ms Tanuja Yelale', 'tanuja.yelale.vf@sitpune.edu.in', '2024-04-20 07:56:17', '2024-04-20 07:56:17', 1),
(69, 'Ms Rima Banerjee', 'tanuja.yelale.vf@sitpune.edu.in', '2024-04-20 07:56:17', '2024-04-20 07:56:17', 1),
(70, 'Dr Krithikaa Mohanarangam', 'krithikaa.mohanarangam@sitpune.edu.in', '2024-04-20 07:56:17', '2024-04-20 07:56:17', 1),
(71, 'Dr Vijay Kumar Lamba', 'vijay.lamba@sitpune.edu.in', '2024-04-20 07:56:17', '2024-04-20 07:56:17', 1),
(72, 'Dr Sankit Kassa', 'sankit.kassa@sitpune.edu.in', '2024-04-20 07:56:17', '2024-04-20 07:56:17', 1),
(73, 'Prof Kunal Shejul', 'kunal.shejul@sitpune.edu.in', '2024-04-20 07:56:17', '2024-04-20 07:56:17', 1),
(74, 'Dr Anurag Mahajan', 'anurag.mahajan@sitpune.edu.in', '2024-04-20 07:56:17', '2024-04-20 07:56:17', 1),
(75, 'Mr Shripad Deshpande', 'shripad.deshpande@sitpune.edu.in', '2024-04-20 07:56:17', '2024-04-20 07:56:17', 1),
(76, 'Prof Smita Khole', 'smita.khole.vf@sitpune.edu.in', '2024-04-20 07:56:17', '2024-04-20 07:56:17', 1),
(77, 'Dr Snehal Bhosle', 'snehal.bhosale@sitpune.edu.in', '2024-04-20 07:56:17', '2024-04-20 07:56:17', 1),
(78, 'Dr Ankur Goyal', 'ankur.goyal@sitpune.edu.in', '2024-04-20 07:56:17', '2024-04-20 07:56:17', 1),
(79, 'Dr Chandan Choubey', 'chandan.choubey@sitpune.edu.in', '2024-04-20 07:56:17', '2024-04-20 07:56:17', 1),
(80, 'Dr BSVeena BSV', 'veena@sitpune.edu.in', '2024-04-20 07:56:17', '2024-04-20 07:56:17', 1),
(81, 'Dr Rupali Nagar RN', 'rupali.nagar@sitpune.edu.in', '2024-04-20 07:56:17', '2024-04-20 07:56:17', 1),
(82, 'Dr Neha Divekar ND', 'neha.divekar@sitpune.edu.in', '2024-04-20 07:56:17', '2024-04-20 07:56:17', 1),
(83, 'Dr Kanhaiya Sharma KSH', 'kanhaiya.sharma@sitpune.edu.in', '2024-04-20 07:56:17', '2024-04-20 07:56:17', 1),
(84, 'Prof Surabhi Thatte ST', 'surabhi.thatte.phd2020@sitpune.edu.in', '2024-04-20 07:56:17', '2024-04-20 07:56:17', 1),
(85, 'Prof Sachin R Gaikwad SRG', 'sachin.gaikwad@sitpune.edu.in', '2024-04-20 07:56:17', '2024-04-20 07:56:17', 1),
(86, 'Dr Meena Laad ML', 'headappliedscience@sitpune.edu.in', '2024-04-20 07:56:17', '2024-04-20 07:56:17', 1),
(87, 'Dr Javid Gani Dar JGD', 'javid.dar@sitpune.edu.in', '2024-04-20 07:56:17', '2024-04-20 07:56:17', 1),
(88, 'Dr Vaishnavi Dabir VSD', 'vaishnavi.dabir@sitpune.edu.in', '2024-04-20 07:56:17', '2024-04-20 07:56:17', 1),
(89, 'Dr Shahid Wani', 'shahid.wani@sitpune.edu.in', '2024-04-20 07:56:17', '2024-04-20 07:56:17', 1),
(90, 'Dr Sneha Gajbhiye SAG', 'sneha.gajbhiye@sitpune.edu.in', '2024-04-20 07:56:17', '2024-04-20 07:56:17', 1),
(91, 'Dr Neeru Bhagat NB', 'neeru.bhagat@sitpune.edu.in', '2024-04-20 07:56:17', '2024-04-20 07:56:17', 1),
(92, 'Dr Swagata Ghos SG', 'swagata.ghosh@sitpune.edu.in', '2024-04-20 07:56:17', '2024-04-20 07:56:17', 1),
(93, 'Prof Sachin Gaikwad', 'sachin.gaikwad@sitpune.edu.in', '2024-04-20 07:56:17', '2024-04-20 07:56:17', 1),
(94, 'Prof Mahesh Arse MA', 'mahesh.arse@sitpune.edu.in', '2024-04-20 07:56:17', '2024-04-20 07:56:17', 1),
(95, 'Dr Kuldeep Mishra', 'kuldeep.mishra@sitpune.edu.in', '2024-04-20 07:56:17', '2024-04-20 07:56:17', 1),
(96, 'Dr Chhaya Lande CL', 'chhaya.lande@sitpune.edu.in', '2024-04-20 07:56:17', '2024-04-20 07:56:17', 1),
(97, 'Prof Smita Khole SK', 'smita.khole.vf@sitpune.edu.in', '2024-04-20 07:56:17', '2024-04-20 07:56:17', 1),
(98, 'Prof Suman Tanwar ST', 'suman.tanwar.vf@sitpune.edu.in', '2024-04-20 07:56:17', '2024-04-20 07:56:17', 1),
(99, 'Prof Hema Karande HK', 'hema.karande@sitpune.edu.in', '2024-04-20 07:56:17', '2024-04-20 07:56:17', 1),
(100, 'Prof Chintan Kishor CK', 'chintan.kishor.vf@sitpune.edu.in', '2024-04-20 07:56:17', '2024-04-20 07:56:17', 1),
(101, 'Dr Soham Sanjay Gokhale SSG', 'soham.gokhale@sitpune.edu.in', '2024-04-20 07:56:17', '2024-04-20 07:56:17', 1),
(102, 'Dr Sangeeta Pant SP', 'sangeeta.pant@sitpune.edu.in', '2024-04-20 07:56:17', '2024-04-20 07:56:17', 1),
(103, 'Prof Mayur Gaikwad MRG', 'mayur.gaikwad@sitpune.edu.in', '2024-04-20 07:56:17', '2024-04-20 07:56:17', 1),
(104, 'Prof Manali Date MD', 'manali.date.phd2021@sitpune.edu.in', '2024-04-20 07:56:17', '2024-04-20 07:56:17', 1),
(105, 'Dr Adigoppula Raju AR', 'adigoppula.raju@sitpune.edu.in', '2024-04-20 07:56:17', '2024-04-20 07:56:17', 1),
(106, 'Dr Soham Sanjay Gokhale SSG', 'sangeeta.pant@sitpune.edu.in', '2024-04-20 07:56:17', '2024-04-20 07:56:17', 1),
(107, 'Dr Harsh Dhiman HHD', 'harsh.dhiman@sitpune.edu.in', '2024-04-20 07:56:17', '2024-04-20 07:56:17', 1),
(108, 'Dr Shilpa Malge SM', 'shilpam@sitpune.edu.in', '2024-04-20 07:56:17', '2024-04-20 07:56:17', 1),
(109, 'Prof Sushma Parihar SP', 'sushmap@sitpune.edu.in', '2024-04-20 07:56:17', '2024-04-20 07:56:17', 1),
(110, 'Dr Dipika Jaspal DKJ', 'dipikaj@sitpune.edu.in', '2024-04-20 07:56:17', '2024-04-20 07:56:17', 1),
(111, 'Dr Prabhat Thakur PBT', 'prabhat.thakur@sitpune.edu.in', '2024-04-20 07:56:17', '2024-04-20 07:56:17', 1),
(112, 'Dr Niting Solke NS', 'nitin.solke@sitpune.edu.in', '2024-04-20 07:56:17', '2024-04-20 07:56:17', 1),
(113, 'Dr Ravi Sekhar RS', 'ravi.sekhar@sitpune.edu.in', '2024-04-20 07:56:17', '2024-04-20 07:56:17', 1),
(114, 'Prof Kunal Shejul KMS', 'kunal.shejul@sitpune.edu.in', '2024-04-20 07:56:17', '2024-04-20 07:56:17', 1),
(115, 'Dr Mousami Bhanja MB', 'mousumi.bhanja@sitpune.edu.in', '2024-04-20 07:56:17', '2024-04-20 07:56:17', 1),
(116, 'Dr Paresh Nasikkar', 'paresh.nasikkar@sitpune.edu.in', '2024-04-20 07:56:17', '2024-04-20 07:56:17', 1),
(117, 'Dr shekhar Bhame', 'shekhar.bhame@sitpune.edu.in', '2024-04-20 07:56:17', '2024-04-20 07:56:17', 1),
(118, 'Dr Sayali Apte SA', 'sayali.apte@sitpune.edu.in', '2024-04-20 07:56:17', '2024-04-20 07:56:17', 1),
(119, 'Prof Mugdha K', 'mugdha.thanawala.btech2019@sitpune.edu.in', '2024-04-20 07:56:17', '2024-04-20 07:56:17', 1),
(120, 'Dr Ramesh BT', 'ramesh.bt@sitpune.edu.in', '2024-04-20 07:56:17', '2024-04-20 07:56:17', 1),
(121, 'Prof Sachin Gaikwad SG', 'sachin.gaikwad@sitpune.edu.in', '2024-04-20 07:56:17', '2024-04-20 07:56:17', 1),
(122, 'Mr Anthony Augustine', 'anthony.augustine@siu.edu.in', '2024-04-20 07:56:17', '2024-04-20 07:56:17', 1),
(123, 'Dr Pritesh Shah PS', 'pritesh.shah@sitpune.edu.in', '2024-04-20 07:56:17', '2024-04-20 07:56:17', 1),
(124, 'Prof Jayshree PandeJP', 'jayshree.pande@sitpune.edu.in', '2024-04-20 07:56:17', '2024-04-20 07:56:17', 1),
(125, 'Prof Prajakta Mukadam', 'prajakta.magdum.vf@sitpune.edu.in', '2024-04-20 07:56:17', '2024-04-20 07:56:17', 1),
(126, 'Dr Snehal Bhosale SB', 'snehal.bhosale@sitpune.edu.in', '2024-04-20 07:56:17', '2024-04-20 07:56:17', 1),
(127, 'Dr Amol Dalvi AD', 'amol.dalvi@sitpune.edu.in', '2024-04-20 07:56:17', '2024-04-20 07:56:17', 1),
(128, 'Dr Nilisha Itankar NI', 'nilisha.itankar@sitpune.edu.in', '2024-04-20 07:56:17', '2024-04-20 07:56:17', 1),
(129, 'Dr Chandan Kumar Choubey CKC', 'chandan.choubey@sitpune.edu.in', '2024-04-20 07:56:17', '2024-04-20 07:56:17', 1),
(130, 'Prof Pragya Saxena PS', 'pragya.saxena@sitpune.edu.in', '2024-04-20 07:56:17', '2024-04-20 07:56:17', 1),
(131, 'Prof Parvez A Patel PAP', 'parvez.patel.phd2022@sitpune.edu.in', '2024-04-20 07:56:17', '2024-04-20 07:56:17', 1),
(132, 'Dr Shekhar Bhame SB', 'shekhar.bhame@sitpune.edu.in', '2024-04-20 07:56:17', '2024-04-20 07:56:17', 1),
(133, 'Dr Vijay Jatti VY', 'vijay.jatti@sitpune.edu.in', '2024-04-20 07:56:17', '2024-04-20 07:56:17', 1),
(134, 'Prof Vikas Gulia VG', 'vikas.gulia@sitpune.edu.in', '2024-04-20 07:56:17', '2024-04-20 07:56:17', 1),
(135, 'Prof Sagar Kolekar SK', 'sagar.kolekar@sitpune.edu.in', '2024-04-20 07:56:17', '2024-04-20 07:56:17', 1),
(136, 'Prof Rushikesh Kulkarni RPK', 'rushikeshk@sitpune.edu.in', '2024-04-20 07:56:17', '2024-04-20 07:56:17', 1),
(137, 'Prof Amar Jain AJN', 'amar.jain@sitpune.edu.in', '2024-04-20 07:56:17', '2024-04-20 07:56:17', 1),
(138, 'Dr Harikrishan R HKR', 'harikrishnan.r@sitpune.edu.in', '2024-04-20 07:56:17', '2024-04-20 07:56:17', 1),
(139, 'Dr Shahid Tamboli', 'shahidt@sitpune.edu.in', '2024-04-20 07:56:17', '2024-04-20 07:56:17', 1),
(140, 'Dr Anindita Roy', 'anindita.roy@sitpune.edu.in', '2024-04-20 07:56:17', '2024-04-20 07:56:17', 1),
(141, 'Dr Chandrakant Sonawane', 'chandrakant.sonawane@sitpune.edu.in', '2024-04-20 07:56:17', '2024-04-20 07:56:17', 1),
(142, 'Dr Sanjay Pohekar', 'sanjay.pohekar@sitpune.edu.in', '2024-04-20 07:56:17', '2024-04-20 07:56:17', 1),
(143, 'Mr Anish Dhoble', 'anish.dhoble.vf@sitpune.edu.in', '2024-04-20 07:56:17', '2024-04-20 07:56:17', 1),
(144, 'Ms Pratibha Sharma', 'pratibha.sharma.vf@sitpune.edu.in', '2024-04-20 07:56:17', '2024-04-20 07:56:17', 1),
(145, 'Dr Mandar Sapre', 'mandar.sapre@sitpune.edu.in', '2024-04-20 07:56:17', '2024-04-20 07:56:17', 1),
(146, 'Dr Anand Pandey', 'anand.pandey@sitpune.edu.in', '2024-04-20 07:56:17', '2024-04-20 07:56:17', 1),
(147, 'Prof Vikas Gulia', 'vikas.gulia@sitpune.edu.in', '2024-04-20 07:56:17', '2024-04-20 07:56:17', 1),
(148, 'Dr Snehal Bhosale', 'snehal.bhosale@sitpune.edu.in', '2024-04-20 07:56:17', '2024-04-20 07:56:17', 1),
(149, 'Dr Ravi Sekhar', 'ravi.sekhar@sitpune.edu.in', '2024-04-20 07:56:17', '2024-04-20 07:56:17', 1),
(150, 'Dr Amol Dalvi', 'amol.dalavi@sitpune.edu.in', '2024-04-20 07:56:17', '2024-04-20 07:56:17', 1),
(151, 'Dr Nitin Khedkar', 'nitin.khedkar@sitpune.edu.in', '2024-04-20 07:56:17', '2024-04-20 07:56:17', 1),
(152, 'Mr Rahul Gore', 'rahul.gore.vf@sitpune.edu.in', '2024-04-20 07:56:17', '2024-04-20 07:56:17', 1),
(153, 'Dr Anirban Sur', 'anirban.sur@sitpune.edu.in', '2024-04-20 07:56:17', '2024-04-20 07:56:17', 1),
(154, 'Dr Vijaykumar Jatti', 'vijaykumar.jatti@sitpune.edu.in', '2024-04-20 07:56:17', '2024-04-20 07:56:17', 1),
(155, 'Dr Shrikrishna Kolhar', 'shrikrishna.kolhar@sitpune.edu.in', '2024-04-20 07:56:17', '2024-04-20 07:56:17', 1),
(156, 'Rima Banerjee VF', 'rima.banerjee.vf@sitpune.edu.in', '2024-04-20 07:56:17', '2024-04-20 07:56:17', 1),
(157, 'Dr Manoj Kumar Shukla', 'manoj.shukla@sitpune.edu.in', '2024-04-20 07:56:17', '2024-04-20 07:56:17', 1),
(158, 'Prof Aniket Nargundkar', 'aniket.nargundkar@sitpune.edu.in', '2024-04-20 07:56:17', '2024-04-20 07:56:17', 1),
(159, 'Mr Sameer Sayyad', 'sameer.sayyad@sitpune.edu.in', '2024-04-20 07:56:17', '2024-04-20 07:56:17', 1),
(160, 'VF Mrs Pratibha Sharma', 'pratibha.sharma.vf@sitpune.edu.in', '2024-04-20 07:56:17', '2024-04-20 07:56:17', 1),
(161, 'Ms Shruti Maheshwari', 'shruti.maheshwari@sitpune.edu.in', '2024-04-20 07:56:17', '2024-04-20 07:56:17', 1),
(162, 'Dr Sarfaraj Shaikh', 'sarfarajs@sitpune.edu.in', '2024-04-20 07:56:17', '2024-04-20 07:56:17', 1),
(163, 'Prof Aniket Nargundhkar', 'aniket.nargundkar@sitpune.edu.in', '2024-04-20 07:56:17', '2024-04-20 07:56:17', 1),
(164, 'Dr Javed K Sayyad', 'javed.sayyad@sitpune.edu.in', '2024-04-20 07:56:17', '2024-04-20 07:56:17', 1),
(165, 'Dr Ramesh B T', 'ramesh.bt@sitpune.edu.in', '2024-04-20 07:56:17', '2024-04-20 07:56:17', 1),
(166, 'Dr Sachit T S', 'sachit.thimmappa@sitpune.edu.in', '2024-04-20 07:56:17', '2024-04-20 07:56:17', 1),
(167, 'Dr Priya Jadhav', 'priya.jadhav@sitpune.edu.in', '2024-04-20 07:56:17', '2024-04-20 07:56:17', 1),
(168, 'Prof Bhavna Ambudkar', 'bhavna.ambudkar@sitpune.edu.in', '2024-04-20 07:56:17', '2024-04-20 07:56:17', 1),
(169, 'VF Ms Rima Banerjee', 'rima.banerjee.vf@sitpune.edu.in', '2024-04-20 07:56:17', '2024-04-20 07:56:17', 1),
(170, 'VF Ms Tanuja Yelale', 'tanuja.yelale.vf@sitpune.edu.in', '2024-04-20 07:56:17', '2024-04-20 07:56:17', 1),
(171, 'VF MrSharad Saraf', 'sharad.saraf.vf@sitpune.edu.in', '2024-04-20 07:56:17', '2024-04-20 07:56:17', 1),
(172, 'Dr Kalyani Dhananjay Kadam', 'kalyanik@sitpune.edu.in', '2024-04-20 07:56:17', '2024-04-20 07:56:17', 1),
(173, 'Prof Mayur Gaikwad', 'mayur.gaikwad@sitpune.edu.in', '2024-04-20 07:56:17', '2024-04-20 07:56:17', 1),
(174, 'DrKetan  Kotecha', 'director@sitpune.edu.in', '2024-04-20 07:56:17', '2024-04-20 07:56:17', 1),
(175, 'MsHema R Karande', 'hema.karande@sitpune.edu.in', '2024-04-20 07:56:17', '2024-04-20 07:56:17', 1),
(176, 'Dr Pooja Vinayak Kamat', 'pooja.kamat@sitpune.edu.in', '2024-04-20 07:56:17', '2024-04-20 07:56:17', 1),
(177, 'Dr Preksha B Pareek', 'preksha.pareek@sitpune.edu.in', '2024-04-20 07:56:17', '2024-04-20 07:56:17', 1),
(178, 'Dr Shruti Ghanshyam Patil', 'headaiml@sitpune.edu.in', '2024-04-20 07:56:17', '2024-04-20 07:56:17', 1),
(179, 'Dr Prachi Nitin Kadam', 'prachi.kadam@sitpune.edu.in', '2024-04-20 07:56:17', '2024-04-20 07:56:17', 1),
(180, 'Dr Anupkumar Manohara Bongale', 'anupkumar.bongale@sitpune.edu.in', '2024-04-20 07:56:17', '2024-04-20 07:56:17', 1),
(181, 'VF DrSunder N', 'sundarparipurnam.n.vf@sitpune.edu.in', '2024-04-20 07:56:17', '2024-04-20 07:56:17', 1),
(182, 'DrJitendra Rajpurohit', 'jitendra.rajpurohit@sitpune.edu.in', '2024-04-20 07:56:17', '2024-04-20 07:56:17', 1),
(183, 'Dr Amit Kumar', 'amit.kumar@sitpune.edu.in', '2024-04-20 07:56:17', '2024-04-20 07:56:17', 1),
(184, 'VF Ms Rasika Lanke', 'rasika.lanke.vf@sitpune.edu.in', '2024-04-20 07:56:17', '2024-04-20 07:56:17', 1),
(185, 'VF Ms Nikita Konda', 'nikita.konda.vf@sitpune.edu.in', '2024-04-20 07:56:17', '2024-04-20 07:56:17', 1),
(186, 'Dr Shilpa Shailesh Gite', 'shilpa.gite@sitpune.edu.in', '2024-04-20 07:56:17', '2024-04-20 07:56:17', 1),
(187, 'Dr Harsh Dhiman', 'harsh.dhiman@sitpune.edu.in', '2024-04-20 07:56:17', '2024-04-20 07:56:17', 1),
(188, 'Dr KNandhini', 'nandhini.k@sitpune.edu.in', '2024-04-20 07:56:17', '2024-04-20 07:56:17', 1),
(189, 'Dr Rahee Walambe', 'rahee.walambe@sitpune.edu.in', '2024-04-20 07:56:17', '2024-04-20 07:56:17', 1),
(190, 'DrSmita Rajendra Mahajan', 'smita.mahajan@sitpune.edu.in', '2024-04-20 07:56:17', '2024-04-20 07:56:17', 1),
(191, 'DrOm Mishra', 'om.mishra@sitpune.edu.in', '2024-04-20 07:56:17', '2024-04-20 07:56:17', 1),
(192, 'Dr Kailash Shaw', 'kailash.shaw@sitpune.edu.in', '2024-04-20 07:56:17', '2024-04-20 07:56:17', 1),
(193, 'VF Ms Parija Bhise', 'parija.bhise.vf@sitpune.edu.in', '2024-04-20 07:56:17', '2024-04-20 07:56:17', 1),
(194, 'MsShubhangi Deokar', 'shubhangi.deokar@sitpune.edu.in', '2024-04-20 07:56:17', '2024-04-20 07:56:17', 1),
(195, 'Dr Kanhaiya Sharma', 'kanhaiya.sharma@sitpune.edu.in', '2024-04-20 07:56:17', '2024-04-20 07:56:17', 1),
(196, 'VF MsSanjana Devadiga', 'sanjana.devadiga.vf@sitpune.edu.in', '2024-04-20 07:56:17', '2024-04-20 07:56:17', 1),
(197, 'Dr Ram Kishun Lodhi', 'ramkishun.lodhi@sitpune.edu.in', '2024-04-20 07:56:17', '2024-04-20 07:56:17', 2),
(198, 'Dr Pratiksha Bhavsar', 'pratiksha.bhavsar@sitpune.edu.in', '2024-04-20 07:56:17', '2024-04-20 07:56:17', 2),
(199, 'Dr Jitendra RajpurohitMr Mayur Gaikawad', 'jitendra.rajpurohit@sitpune.edu.in', '2024-04-20 07:56:17', '2024-04-20 07:56:17', 2),
(200, 'Dr Sonali Kothari', 'sonali.kothari@sitpune.edu.in', '2024-04-20 07:56:17', '2024-04-20 07:56:17', 2),
(201, 'Dr Sonali KothariMr Mayur Gaikawad', 'sonali.kothari@sitpune.edu.in', '2024-04-20 07:56:17', '2024-04-20 07:56:17', 2),
(202, 'VF Sushank Dahiwadkar', 'sushank.dahiwadkar.vf@sitpune.edu.in', '2024-04-20 07:56:17', '2024-04-20 07:56:17', 2),
(203, 'Dr Vijayshri Khedkar', 'vijayshri.khedkar@sitpune.edu.in', '2024-04-20 07:56:17', '2024-04-20 07:56:17', 2),
(204, 'Dr Pooja Anil Bagane', 'pooja.bagane@sitpune.edu.in', '2024-04-20 07:56:17', '2024-04-20 07:56:17', 2),
(205, 'Dr Vani Hiremani', 'vani.hiremani@sitpune.edu.in', '2024-04-20 07:56:17', '2024-04-20 07:56:17', 2),
(206, 'Mrs Shubhangi Deokar', 'shubhangi.deokar@sitpune.edu.in', '2024-04-20 07:56:17', '2024-04-20 07:56:17', 2),
(207, 'Dr Rupali Gangarde', 'rupali.gangarde@sitpune.edu.in', '2024-04-20 07:56:17', '2024-04-20 07:56:17', 2),
(208, 'Dr Deepak Dharrao', 'deepak.dharrao@sitpune.edu.in', '2024-04-20 07:56:17', '2024-04-20 07:56:17', 2),
(209, 'Dr Pooja Bagane', 'pooja.bagane@sitpune.edu.in', '2024-04-20 07:56:17', '2024-04-20 07:56:17', 2),
(210, 'Mrs Usha Jogalekar', 'usha.jogalekar@sitpune.edu.in', '2024-04-20 07:56:17', '2024-04-20 07:56:17', 2),
(211, 'Dr Vani HiremaniDr Smita Mahajan', 'vani.hiremani@sitpune.edu.in', '2024-04-20 07:56:17', '2024-04-20 07:56:17', 2),
(212, 'Dr Nilima Zade', 'nilima.zade@sitpune.edu.in', '2024-04-20 07:56:17', '2024-04-20 07:56:17', 2),
(213, 'Mr Ranjeet Bidwe', 'ranjeet.bidwe@sitpune.edu.in', '2024-04-20 07:56:17', '2024-04-20 07:56:17', 2),
(214, 'Dr Renuka Agrawal', 'renuka.agrawal@sitpune.edu.in', '2024-04-20 07:56:17', '2024-04-20 07:56:17', 2),
(215, 'Mr Ranjeet BidweDr Prachi Kadam', 'ranjeet.bidwe@sitpune.edu.in', '2024-04-20 07:56:17', '2024-04-20 07:56:17', 2),
(216, 'VFNikita Konde', 'nikita.konda.vf@sitpune.edu.in', '2024-04-20 07:56:17', '2024-04-20 07:56:17', 2),
(217, 'VFRasika Lanke', 'rasika.lanke.vf@sitpune.edu.in', '2024-04-20 07:56:17', '2024-04-20 07:56:17', 2),
(218, 'Dr Amol Dhumane', 'amol.dhumane@sitpune.edu.in', '2024-04-20 07:56:17', '2024-04-20 07:56:17', 2),
(219, 'Dr Pradeep Arya', 'pradeep.arya@sitpune.edu.in', '2024-04-20 07:56:17', '2024-04-20 07:56:17', 2),
(220, 'Dr Sashikala MishraDr Kailash Shaw', 'sashikala.mishra@sitpune.edu.in', '2024-04-20 07:56:17', '2024-04-20 07:56:17', 2),
(221, 'Dr Ankit Vishnoi', 'ankit.vishnoi@sitpune.edu.in', '2024-04-20 07:56:17', '2024-04-20 07:56:17', 2),
(222, 'Dr Bhavna Ambudkar', 'bhavna.ambudkar@sitpune.edu.in', '2024-04-20 07:56:17', '2024-04-20 07:56:17', 2),
(223, 'VFSanjana Devadiga', 'sanjana.devadiga.vf@sitpune.edu.in', '2024-04-20 07:56:17', '2024-04-20 07:56:17', 2),
(224, 'VF Parija Bhise', 'parija.bhise.vf@sitpune.edu.in', '2024-04-20 07:56:17', '2024-04-20 07:56:17', 2),
(225, 'Dr Shwetambari Chiwhane', 'shwetambari.chiwhane@sitpune.edu.in', '2024-04-20 07:56:17', '2024-04-20 07:56:17', 2),
(226, 'Dr Shubham Joshi', 'shubham.joshi@sitpune.edu.in', '2024-04-20 07:56:17', '2024-04-20 07:56:17', 2),
(227, 'Dr Deepak Parashar', 'deepak.parashar@sitpune.edu.in', '2024-04-20 07:56:17', '2024-04-20 07:56:17', 2),
(228, 'Dr Shivali Wagle', 'shivali.wagle@sitpune.edu.in', '2024-04-20 07:56:17', '2024-04-20 07:56:17', 2),
(229, 'Mrs Nivedita Mishra', 'nivedita.mishra@sitpune.edu.in', '2024-04-20 07:56:17', '2024-04-20 07:56:17', 2),
(230, 'Dr Sudhanshu Suhas Gonge', 'sudhanshu.gonge@sitpune.edu.in', '2024-04-20 07:56:17', '2024-04-20 07:56:17', 2),
(231, 'Dr Rahul Raghvendra Joshi', 'rahulj@sitpune.edu.in', '2024-04-20 07:56:17', '2024-04-20 07:56:17', 2),
(232, 'Dr Rahul Joshi', 'rahulj@sitpune.edu.in', '2024-04-20 07:56:17', '2024-04-20 07:56:17', 2),
(233, 'Dr Vipin Tiwari', 'vipin.tiwari@sitpune.edu.in', '2024-04-20 07:56:17', '2024-04-20 07:56:17', 2),
(234, 'Dr Kanhaya Sharma Dr Shilpa Gite', 'kanhaiya.sharma@sitpune.edu.in', '2024-04-20 07:56:17', '2024-04-20 07:56:17', 2),
(235, 'VfSurabhi Thatte', 'surabhi.thatte.vf@sitpune.edu.in', '2024-04-20 07:56:17', '2024-04-20 07:56:17', 2),
(236, 'Dr Aditi Sharma', 'aditi.sharma@sitpune.edu.in', '2024-04-20 07:56:17', '2024-04-20 07:56:17', 2),
(237, 'Dr Sayali Sandbhor', 'sayali.sandbhor@sitpune.edu.in', '2024-04-20 07:56:17', '2024-04-20 07:56:17', 2),
(238, 'Dr Vaishnavi Dabir', 'vaishnavi.dabir@sitpune.edu.in', '2024-04-20 07:56:17', '2024-04-20 07:56:17', 2),
(239, 'Dr Junaid Nisar', 'junaid.nisar@sitpune.edu.in', '2024-04-20 07:56:17', '2024-04-20 07:56:17', 2),
(240, 'Prof Vinaj Jatti', 'vinay.jatti@sitpune.edu.in', '2024-04-20 07:56:17', '2024-04-20 07:56:17', 2),
(241, 'VF Pratibha Sharma', 'pratibha.sharma.vf@sitpune.edu.in', '2024-04-20 07:56:17', '2024-04-20 07:56:17', 2),
(242, 'Dr Sayali Apte', 'sayali.apte@sitpune.edu.in', '2024-04-20 07:56:17', '2024-04-20 07:56:17', 2),
(243, 'Dr Mugdha Kshirsagar', 'mugdhak@sitpune.edu.in', '2024-04-20 07:56:17', '2024-04-20 07:56:17', 2),
(244, 'Dr Sankit Kasssa', 'sankit.kassa@sitpune.edu.in', '2024-04-20 07:56:17', '2024-04-20 07:56:17', 2),
(245, 'VF Rima Banarjee', 'rima.banerjee.vf@sitpune.edu.in', '2024-04-20 07:56:17', '2024-04-20 07:56:17', 2),
(246, 'VF Tanuja Yelale', 'tanuja.yelale.vf@sitpune.edu.in', '2024-04-20 07:56:17', '2024-04-20 07:56:17', 2),
(247, 'Prof Humera Khanum', 'humera.khanum@sitpune.edu.in', '2024-04-20 07:56:17', '2024-04-20 07:56:17', 2),
(248, 'Dr Sanjay Kulkarni', 'sanjay.kulkarni@sitpune.edu.in', '2024-04-20 07:56:17', '2024-04-20 07:56:17', 2),
(249, 'Prof Rushikesh Kulkarni', 'rushikeshk@sitpune.edu.in', '2024-04-20 07:56:17', '2024-04-20 07:56:17', 2),
(250, 'Prof Sagar Kolekar', 'sagar.kolekar@sitpune.edu.in', '2024-04-20 07:56:17', '2024-04-20 07:56:17', 2),
(251, 'Prof Sarfaraj Shaikh', 'sarfarajs@sitpune.edu.in', '2024-04-20 07:56:17', '2024-04-20 07:56:17', 2),
(252, 'Prof Shruti Maheshwari', 'shruti.maheshwari@sitpune.edu.in', '2024-04-20 07:56:17', '2024-04-20 07:56:17', 2),
(253, 'Dr Prasad Kantipudi', 'prasad.kantipudi@sitpune.edu.in', '2024-04-20 07:56:17', '2024-04-20 07:56:17', 2),
(254, 'Dr DMarshiana', 'marshiana.d@sitpune.edu.in', '2024-04-20 07:56:17', '2024-04-20 07:56:17', 2),
(255, 'Dr Saffrine Kingsly', 'saffrine.kingsly@sitpune.edu.in', '2024-04-20 07:56:17', '2024-04-20 07:56:17', 2),
(256, 'Dr Mousami Bhanja', 'mousumi.bhanja@sitpune.edu.in', '2024-04-20 07:56:17', '2024-04-20 07:56:17', 2),
(257, 'Dr Ujwala Kshirsagar', 'ujwala.kshirsagar@sitpune.edu.in', '2024-04-20 07:56:17', '2024-04-20 07:56:17', 2),
(258, 'Dr Mangal Singh', 'mangal.singh@sitpune.edu.in', '2024-04-20 07:56:17', '2024-04-20 07:56:17', 2),
(259, 'Dr Aditya Jain', 'aditya.j@sitpune.edu.in', '2024-04-20 07:56:17', '2024-04-20 07:56:17', 2),
(260, 'Dr Sumit Kumar', 'kumar.sumit@sitpune.edu.in', '2024-04-20 07:56:17', '2024-04-20 07:56:17', 2),
(261, 'Dr Priyanka TupeWaghmare', 'priyanka.tupe@sitpune.edu.in', '2024-04-20 07:56:17', '2024-04-20 07:56:17', 2),
(262, 'Dr Shilpa Hudnurkar', 'shilpa.hudnurkar@sitpune.edu.in', '2024-04-20 07:56:17', '2024-04-20 07:56:17', 2),
(263, 'Dr Priti Shahane', 'pritis@sitpune.edu.in', '2024-04-20 07:56:17', '2024-04-20 07:56:17', 2),
(264, 'Ms Tanuja Yelale', 'tanuja.yelale.vf@sitpune.edu.in', '2024-04-20 07:56:17', '2024-04-20 07:56:17', 2),
(265, 'Ms Rima Banerjee', 'tanuja.yelale.vf@sitpune.edu.in', '2024-04-20 07:56:17', '2024-04-20 07:56:17', 2),
(266, 'Dr Krithikaa Mohanarangam', 'krithikaa.mohanarangam@sitpune.edu.in', '2024-04-20 07:56:17', '2024-04-20 07:56:17', 2),
(267, 'Dr Vijay Kumar Lamba', 'vijay.lamba@sitpune.edu.in', '2024-04-20 07:56:17', '2024-04-20 07:56:17', 2),
(268, 'Dr Sankit Kassa', 'sankit.kassa@sitpune.edu.in', '2024-04-20 07:56:17', '2024-04-20 07:56:17', 2),
(269, 'Prof Kunal Shejul', 'kunal.shejul@sitpune.edu.in', '2024-04-20 07:56:17', '2024-04-20 07:56:17', 2),
(270, 'Dr Anurag Mahajan', 'anurag.mahajan@sitpune.edu.in', '2024-04-20 07:56:17', '2024-04-20 07:56:17', 2),
(271, 'Mr Shripad Deshpande', 'shripad.deshpande@sitpune.edu.in', '2024-04-20 07:56:17', '2024-04-20 07:56:17', 2),
(272, 'Prof Smita Khole', 'smita.khole.vf@sitpune.edu.in', '2024-04-20 07:56:17', '2024-04-20 07:56:17', 2),
(273, 'Dr Snehal Bhosle', 'snehal.bhosale@sitpune.edu.in', '2024-04-20 07:56:17', '2024-04-20 07:56:17', 2),
(274, 'Dr Ankur Goyal', 'ankur.goyal@sitpune.edu.in', '2024-04-20 07:56:17', '2024-04-20 07:56:17', 2),
(275, 'Dr Chandan Choubey', 'chandan.choubey@sitpune.edu.in', '2024-04-20 07:56:17', '2024-04-20 07:56:17', 2),
(276, 'Dr BSVeena BSV', 'veena@sitpune.edu.in', '2024-04-20 07:56:17', '2024-04-20 07:56:17', 2),
(277, 'Dr Rupali Nagar RN', 'rupali.nagar@sitpune.edu.in', '2024-04-20 07:56:17', '2024-04-20 07:56:17', 2),
(278, 'Dr Neha Divekar ND', 'neha.divekar@sitpune.edu.in', '2024-04-20 07:56:17', '2024-04-20 07:56:17', 2),
(279, 'Dr Kanhaiya Sharma KSH', 'kanhaiya.sharma@sitpune.edu.in', '2024-04-20 07:56:17', '2024-04-20 07:56:17', 2),
(280, 'Prof Surabhi Thatte ST', 'surabhi.thatte.phd2020@sitpune.edu.in', '2024-04-20 07:56:17', '2024-04-20 07:56:17', 2),
(281, 'Prof Sachin R Gaikwad SRG', 'sachin.gaikwad@sitpune.edu.in', '2024-04-20 07:56:17', '2024-04-20 07:56:17', 2),
(282, 'Dr Meena Laad ML', 'headappliedscience@sitpune.edu.in', '2024-04-20 07:56:17', '2024-04-20 07:56:17', 2),
(283, 'Dr Javid Gani Dar JGD', 'javid.dar@sitpune.edu.in', '2024-04-20 07:56:17', '2024-04-20 07:56:17', 2),
(284, 'Dr Vaishnavi Dabir VSD', 'vaishnavi.dabir@sitpune.edu.in', '2024-04-20 07:56:17', '2024-04-20 07:56:17', 2),
(285, 'Dr Shahid Wani', 'shahid.wani@sitpune.edu.in', '2024-04-20 07:56:17', '2024-04-20 07:56:17', 2),
(286, 'Dr Sneha Gajbhiye SAG', 'sneha.gajbhiye@sitpune.edu.in', '2024-04-20 07:56:17', '2024-04-20 07:56:17', 2),
(287, 'Dr Neeru Bhagat NB', 'neeru.bhagat@sitpune.edu.in', '2024-04-20 07:56:17', '2024-04-20 07:56:17', 2),
(288, 'Dr Swagata Ghos SG', 'swagata.ghosh@sitpune.edu.in', '2024-04-20 07:56:17', '2024-04-20 07:56:17', 2),
(289, 'Prof Sachin Gaikwad', 'sachin.gaikwad@sitpune.edu.in', '2024-04-20 07:56:17', '2024-04-20 07:56:17', 2),
(290, 'Prof Mahesh Arse MA', 'mahesh.arse@sitpune.edu.in', '2024-04-20 07:56:17', '2024-04-20 07:56:17', 2),
(291, 'Dr Kuldeep Mishra', 'kuldeep.mishra@sitpune.edu.in', '2024-04-20 07:56:17', '2024-04-20 07:56:17', 2),
(292, 'Dr Chhaya Lande CL', 'chhaya.lande@sitpune.edu.in', '2024-04-20 07:56:17', '2024-04-20 07:56:17', 2),
(293, 'Prof Smita Khole SK', 'smita.khole.vf@sitpune.edu.in', '2024-04-20 07:56:17', '2024-04-20 07:56:17', 2),
(294, 'Prof Suman Tanwar ST', 'suman.tanwar.vf@sitpune.edu.in', '2024-04-20 07:56:17', '2024-04-20 07:56:17', 2),
(295, 'Prof Hema Karande HK', 'hema.karande@sitpune.edu.in', '2024-04-20 07:56:17', '2024-04-20 07:56:17', 2),
(296, 'Prof Chintan Kishor CK', 'chintan.kishor.vf@sitpune.edu.in', '2024-04-20 07:56:17', '2024-04-20 07:56:17', 2),
(297, 'Dr Soham Sanjay Gokhale SSG', 'soham.gokhale@sitpune.edu.in', '2024-04-20 07:56:17', '2024-04-20 07:56:17', 2),
(298, 'Dr Sangeeta Pant SP', 'sangeeta.pant@sitpune.edu.in', '2024-04-20 07:56:17', '2024-04-20 07:56:17', 2),
(299, 'Prof Mayur Gaikwad MRG', 'mayur.gaikwad@sitpune.edu.in', '2024-04-20 07:56:17', '2024-04-20 07:56:17', 2),
(300, 'Prof Manali Date MD', 'manali.date.phd2021@sitpune.edu.in', '2024-04-20 07:56:17', '2024-04-20 07:56:17', 2),
(301, 'Dr Adigoppula Raju AR', 'adigoppula.raju@sitpune.edu.in', '2024-04-20 07:56:17', '2024-04-20 07:56:17', 2),
(302, 'Dr Soham Sanjay Gokhale SSG', 'sangeeta.pant@sitpune.edu.in', '2024-04-20 07:56:17', '2024-04-20 07:56:17', 2),
(303, 'Dr Harsh Dhiman HHD', 'harsh.dhiman@sitpune.edu.in', '2024-04-20 07:56:17', '2024-04-20 07:56:17', 2),
(304, 'Dr Shilpa Malge SM', 'shilpam@sitpune.edu.in', '2024-04-20 07:56:17', '2024-04-20 07:56:17', 2),
(305, 'Prof Sushma Parihar SP', 'sushmap@sitpune.edu.in', '2024-04-20 07:56:17', '2024-04-20 07:56:17', 2),
(306, 'Dr Dipika Jaspal DKJ', 'dipikaj@sitpune.edu.in', '2024-04-20 07:56:17', '2024-04-20 07:56:17', 2),
(307, 'Dr Prabhat Thakur PBT', 'prabhat.thakur@sitpune.edu.in', '2024-04-20 07:56:17', '2024-04-20 07:56:17', 2),
(308, 'Dr Niting Solke NS', 'nitin.solke@sitpune.edu.in', '2024-04-20 07:56:17', '2024-04-20 07:56:17', 2),
(309, 'Dr Ravi Sekhar RS', 'ravi.sekhar@sitpune.edu.in', '2024-04-20 07:56:17', '2024-04-20 07:56:17', 2),
(310, 'Prof Kunal Shejul KMS', 'kunal.shejul@sitpune.edu.in', '2024-04-20 07:56:17', '2024-04-20 07:56:17', 2),
(311, 'Dr Mousami Bhanja MB', 'mousumi.bhanja@sitpune.edu.in', '2024-04-20 07:56:17', '2024-04-20 07:56:17', 2),
(312, 'Dr Paresh Nasikkar', 'paresh.nasikkar@sitpune.edu.in', '2024-04-20 07:56:17', '2024-04-20 07:56:17', 2),
(313, 'Dr shekhar Bhame', 'shekhar.bhame@sitpune.edu.in', '2024-04-20 07:56:17', '2024-04-20 07:56:17', 2),
(314, 'Dr Sayali Apte SA', 'sayali.apte@sitpune.edu.in', '2024-04-20 07:56:17', '2024-04-20 07:56:17', 2),
(315, 'Prof Mugdha K', 'mugdha.thanawala.btech2019@sitpune.edu.in', '2024-04-20 07:56:17', '2024-04-20 07:56:17', 2),
(316, 'Dr Ramesh BT', 'ramesh.bt@sitpune.edu.in', '2024-04-20 07:56:17', '2024-04-20 07:56:17', 2),
(317, 'Prof Sachin Gaikwad SG', 'sachin.gaikwad@sitpune.edu.in', '2024-04-20 07:56:17', '2024-04-20 07:56:17', 2),
(318, 'Mr Anthony Augustine', 'anthony.augustine@siu.edu.in', '2024-04-20 07:56:17', '2024-04-20 07:56:17', 2),
(319, 'Dr Pritesh Shah PS', 'pritesh.shah@sitpune.edu.in', '2024-04-20 07:56:17', '2024-04-20 07:56:17', 2),
(320, 'Prof Jayshree PandeJP', 'jayshree.pande@sitpune.edu.in', '2024-04-20 07:56:17', '2024-04-20 07:56:17', 2),
(321, 'Prof Prajakta Mukadam', 'prajakta.magdum.vf@sitpune.edu.in', '2024-04-20 07:56:17', '2024-04-20 07:56:17', 2),
(322, 'Dr Snehal Bhosale SB', 'snehal.bhosale@sitpune.edu.in', '2024-04-20 07:56:17', '2024-04-20 07:56:17', 2),
(323, 'Dr Amol Dalvi AD', 'amol.dalvi@sitpune.edu.in', '2024-04-20 07:56:17', '2024-04-20 07:56:17', 2),
(324, 'Dr Nilisha Itankar NI', 'nilisha.itankar@sitpune.edu.in', '2024-04-20 07:56:17', '2024-04-20 07:56:17', 2),
(325, 'Dr Chandan Kumar Choubey CKC', 'chandan.choubey@sitpune.edu.in', '2024-04-20 07:56:17', '2024-04-20 07:56:17', 2),
(326, 'Prof Pragya Saxena PS', 'pragya.saxena@sitpune.edu.in', '2024-04-20 07:56:17', '2024-04-20 07:56:17', 2),
(327, 'Prof Parvez A Patel PAP', 'parvez.patel.phd2022@sitpune.edu.in', '2024-04-20 07:56:17', '2024-04-20 07:56:17', 2),
(328, 'Dr Shekhar Bhame SB', 'shekhar.bhame@sitpune.edu.in', '2024-04-20 07:56:17', '2024-04-20 07:56:17', 2),
(329, 'Dr Vijay Jatti VY', 'vijay.jatti@sitpune.edu.in', '2024-04-20 07:56:17', '2024-04-20 07:56:17', 2),
(330, 'Prof Vikas Gulia VG', 'vikas.gulia@sitpune.edu.in', '2024-04-20 07:56:17', '2024-04-20 07:56:17', 2),
(331, 'Prof Sagar Kolekar SK', 'sagar.kolekar@sitpune.edu.in', '2024-04-20 07:56:17', '2024-04-20 07:56:17', 2),
(332, 'Prof Rushikesh Kulkarni RPK', 'rushikeshk@sitpune.edu.in', '2024-04-20 07:56:17', '2024-04-20 07:56:17', 2),
(333, 'Prof Amar Jain AJN', 'amar.jain@sitpune.edu.in', '2024-04-20 07:56:17', '2024-04-20 07:56:17', 2),
(334, 'Dr Harikrishan R HKR', 'harikrishnan.r@sitpune.edu.in', '2024-04-20 07:56:17', '2024-04-20 07:56:17', 2),
(335, 'Dr Shahid Tamboli', 'shahidt@sitpune.edu.in', '2024-04-20 07:56:17', '2024-04-20 07:56:17', 2),
(336, 'Dr Anindita Roy', 'anindita.roy@sitpune.edu.in', '2024-04-20 07:56:17', '2024-04-20 07:56:17', 2),
(337, 'Dr Chandrakant Sonawane', 'chandrakant.sonawane@sitpune.edu.in', '2024-04-20 07:56:17', '2024-04-20 07:56:17', 2),
(338, 'Dr Sanjay Pohekar', 'sanjay.pohekar@sitpune.edu.in', '2024-04-20 07:56:17', '2024-04-20 07:56:17', 2),
(339, 'Mr Anish Dhoble', 'anish.dhoble.vf@sitpune.edu.in', '2024-04-20 07:56:17', '2024-04-20 07:56:17', 2),
(340, 'Ms Pratibha Sharma', 'pratibha.sharma.vf@sitpune.edu.in', '2024-04-20 07:56:17', '2024-04-20 07:56:17', 2),
(341, 'Dr Mandar Sapre', 'mandar.sapre@sitpune.edu.in', '2024-04-20 07:56:17', '2024-04-20 07:56:17', 2),
(342, 'Dr Anand Pandey', 'anand.pandey@sitpune.edu.in', '2024-04-20 07:56:17', '2024-04-20 07:56:17', 2),
(343, 'Prof Vikas Gulia', 'vikas.gulia@sitpune.edu.in', '2024-04-20 07:56:17', '2024-04-20 07:56:17', 2),
(344, 'Dr Snehal Bhosale', 'snehal.bhosale@sitpune.edu.in', '2024-04-20 07:56:17', '2024-04-20 07:56:17', 2),
(345, 'Dr Ravi Sekhar', 'ravi.sekhar@sitpune.edu.in', '2024-04-20 07:56:17', '2024-04-20 07:56:17', 2),
(346, 'Dr Amol Dalvi', 'amol.dalavi@sitpune.edu.in', '2024-04-20 07:56:17', '2024-04-20 07:56:17', 2),
(347, 'Dr Nitin Khedkar', 'nitin.khedkar@sitpune.edu.in', '2024-04-20 07:56:17', '2024-04-20 07:56:17', 2),
(348, 'Mr Rahul Gore', 'rahul.gore.vf@sitpune.edu.in', '2024-04-20 07:56:17', '2024-04-20 07:56:17', 2),
(349, 'Dr Anirban Sur', 'anirban.sur@sitpune.edu.in', '2024-04-20 07:56:17', '2024-04-20 07:56:17', 2),
(350, 'Dr Vijaykumar Jatti', 'vijaykumar.jatti@sitpune.edu.in', '2024-04-20 07:56:17', '2024-04-20 07:56:17', 2),
(351, 'Dr Shrikrishna Kolhar', 'shrikrishna.kolhar@sitpune.edu.in', '2024-04-20 07:56:17', '2024-04-20 07:56:17', 2),
(352, 'Rima Banerjee VF', 'rima.banerjee.vf@sitpune.edu.in', '2024-04-20 07:56:17', '2024-04-20 07:56:17', 2),
(353, 'Dr Manoj Kumar Shukla', 'manoj.shukla@sitpune.edu.in', '2024-04-20 07:56:17', '2024-04-20 07:56:17', 2),
(354, 'Prof Aniket Nargundkar', 'aniket.nargundkar@sitpune.edu.in', '2024-04-20 07:56:17', '2024-04-20 07:56:17', 2),
(355, 'Mr Sameer Sayyad', 'sameer.sayyad@sitpune.edu.in', '2024-04-20 07:56:17', '2024-04-20 07:56:17', 2),
(356, 'VF Mrs Pratibha Sharma', 'pratibha.sharma.vf@sitpune.edu.in', '2024-04-20 07:56:17', '2024-04-20 07:56:17', 2),
(357, 'Ms Shruti Maheshwari', 'shruti.maheshwari@sitpune.edu.in', '2024-04-20 07:56:17', '2024-04-20 07:56:17', 2),
(358, 'Dr Sarfaraj Shaikh', 'sarfarajs@sitpune.edu.in', '2024-04-20 07:56:17', '2024-04-20 07:56:17', 2),
(359, 'Prof Aniket Nargundhkar', 'aniket.nargundkar@sitpune.edu.in', '2024-04-20 07:56:17', '2024-04-20 07:56:17', 2),
(360, 'Dr Javed K Sayyad', 'javed.sayyad@sitpune.edu.in', '2024-04-20 07:56:17', '2024-04-20 07:56:17', 2),
(361, 'Dr Ramesh B T', 'ramesh.bt@sitpune.edu.in', '2024-04-20 07:56:17', '2024-04-20 07:56:17', 2),
(362, 'Dr Sachit T S', 'sachit.thimmappa@sitpune.edu.in', '2024-04-20 07:56:17', '2024-04-20 07:56:17', 2),
(363, 'Dr Priya Jadhav', 'priya.jadhav@sitpune.edu.in', '2024-04-20 07:56:17', '2024-04-20 07:56:17', 2),
(364, 'Prof Bhavna Ambudkar', 'bhavna.ambudkar@sitpune.edu.in', '2024-04-20 07:56:17', '2024-04-20 07:56:17', 2),
(365, 'VF Ms Rima Banerjee', 'rima.banerjee.vf@sitpune.edu.in', '2024-04-20 07:56:17', '2024-04-20 07:56:17', 2),
(366, 'VF Ms Tanuja Yelale', 'tanuja.yelale.vf@sitpune.edu.in', '2024-04-20 07:56:17', '2024-04-20 07:56:17', 2),
(367, 'VF MrSharad Saraf', 'sharad.saraf.vf@sitpune.edu.in', '2024-04-20 07:56:17', '2024-04-20 07:56:17', 2),
(368, 'Dr Kalyani Dhananjay Kadam', 'kalyanik@sitpune.edu.in', '2024-04-20 07:56:17', '2024-04-20 07:56:17', 2),
(369, 'Prof Mayur Gaikwad', 'mayur.gaikwad@sitpune.edu.in', '2024-04-20 07:56:17', '2024-04-20 07:56:17', 2),
(370, 'DrKetan  Kotecha', 'director@sitpune.edu.in', '2024-04-20 07:56:17', '2024-04-20 07:56:17', 2),
(371, 'MsHema R Karande', 'hema.karande@sitpune.edu.in', '2024-04-20 07:56:17', '2024-04-20 07:56:17', 2),
(372, 'Dr Pooja Vinayak Kamat', 'pooja.kamat@sitpune.edu.in', '2024-04-20 07:56:17', '2024-04-20 07:56:17', 2),
(373, 'Dr Preksha B Pareek', 'preksha.pareek@sitpune.edu.in', '2024-04-20 07:56:17', '2024-04-20 07:56:17', 2),
(374, 'Dr Shruti Ghanshyam Patil', 'headaiml@sitpune.edu.in', '2024-04-20 07:56:17', '2024-04-20 07:56:17', 2),
(375, 'Dr Prachi Nitin Kadam', 'prachi.kadam@sitpune.edu.in', '2024-04-20 07:56:17', '2024-04-20 07:56:17', 2),
(376, 'Dr Anupkumar Manohara Bongale', 'anupkumar.bongale@sitpune.edu.in', '2024-04-20 07:56:17', '2024-04-20 07:56:17', 2),
(377, 'VF DrSunder N', 'sundarparipurnam.n.vf@sitpune.edu.in', '2024-04-20 07:56:17', '2024-04-20 07:56:17', 2),
(378, 'DrJitendra Rajpurohit', 'jitendra.rajpurohit@sitpune.edu.in', '2024-04-20 07:56:17', '2024-04-20 07:56:17', 2),
(379, 'Dr Amit Kumar', 'amit.kumar@sitpune.edu.in', '2024-04-20 07:56:17', '2024-04-20 07:56:17', 2),
(380, 'VF Ms Rasika Lanke', 'rasika.lanke.vf@sitpune.edu.in', '2024-04-20 07:56:17', '2024-04-20 07:56:17', 2),
(381, 'VF Ms Nikita Konda', 'nikita.konda.vf@sitpune.edu.in', '2024-04-20 07:56:17', '2024-04-20 07:56:17', 2),
(382, 'Dr Shilpa Shailesh Gite', 'shilpa.gite@sitpune.edu.in', '2024-04-20 07:56:17', '2024-04-20 07:56:17', 2),
(383, 'Dr Harsh Dhiman', 'harsh.dhiman@sitpune.edu.in', '2024-04-20 07:56:17', '2024-04-20 07:56:17', 2),
(384, 'Dr KNandhini', 'nandhini.k@sitpune.edu.in', '2024-04-20 07:56:17', '2024-04-20 07:56:17', 2),
(385, 'Dr Rahee Walambe', 'rahee.walambe@sitpune.edu.in', '2024-04-20 07:56:17', '2024-04-20 07:56:17', 2),
(386, 'DrSmita Rajendra Mahajan', 'smita.mahajan@sitpune.edu.in', '2024-04-20 07:56:17', '2024-04-20 07:56:17', 2),
(387, 'DrOm Mishra', 'om.mishra@sitpune.edu.in', '2024-04-20 07:56:17', '2024-04-20 07:56:17', 2),
(388, 'Dr Kailash Shaw', 'kailash.shaw@sitpune.edu.in', '2024-04-20 07:56:17', '2024-04-20 07:56:17', 2),
(389, 'VF Ms Parija Bhise', 'parija.bhise.vf@sitpune.edu.in', '2024-04-20 07:56:17', '2024-04-20 07:56:17', 2),
(390, 'MsShubhangi Deokar', 'shubhangi.deokar@sitpune.edu.in', '2024-04-20 07:56:17', '2024-04-20 07:56:17', 2),
(391, 'Dr Kanhaiya Sharma', 'kanhaiya.sharma@sitpune.edu.in', '2024-04-20 07:56:17', '2024-04-20 07:56:17', 2),
(392, 'VF MsSanjana Devadiga', 'sanjana.devadiga.vf@sitpune.edu.in', '2024-04-20 07:56:17', '2024-04-20 07:56:17', 2),
(393, 'Dr Ram Kishun Lodhi', 'ramkishun.lodhi@sitpune.edu.in', '2024-04-20 07:56:17', '2024-04-20 07:56:17', 3),
(394, 'Dr Pratiksha Bhavsar', 'pratiksha.bhavsar@sitpune.edu.in', '2024-04-20 07:56:17', '2024-04-20 07:56:17', 3),
(395, 'Dr Jitendra RajpurohitMr Mayur Gaikawad', 'jitendra.rajpurohit@sitpune.edu.in', '2024-04-20 07:56:17', '2024-04-20 07:56:17', 3),
(396, 'Dr Sonali Kothari', 'sonali.kothari@sitpune.edu.in', '2024-04-20 07:56:17', '2024-04-20 07:56:17', 3),
(397, 'Dr Sonali KothariMr Mayur Gaikawad', 'sonali.kothari@sitpune.edu.in', '2024-04-20 07:56:17', '2024-04-20 07:56:17', 3),
(398, 'VF Sushank Dahiwadkar', 'sushank.dahiwadkar.vf@sitpune.edu.in', '2024-04-20 07:56:17', '2024-04-20 07:56:17', 3),
(399, 'Dr Vijayshri Khedkar', 'vijayshri.khedkar@sitpune.edu.in', '2024-04-20 07:56:17', '2024-04-20 07:56:17', 3),
(400, 'Dr Pooja Anil Bagane', 'pooja.bagane@sitpune.edu.in', '2024-04-20 07:56:17', '2024-04-20 07:56:17', 3),
(401, 'Dr Vani Hiremani', 'vani.hiremani@sitpune.edu.in', '2024-04-20 07:56:17', '2024-04-20 07:56:17', 3),
(402, 'Mrs Shubhangi Deokar', 'shubhangi.deokar@sitpune.edu.in', '2024-04-20 07:56:17', '2024-04-20 07:56:17', 3),
(403, 'Dr Rupali Gangarde', 'rupali.gangarde@sitpune.edu.in', '2024-04-20 07:56:17', '2024-04-20 07:56:17', 3),
(404, 'Dr Deepak Dharrao', 'deepak.dharrao@sitpune.edu.in', '2024-04-20 07:56:17', '2024-04-20 07:56:17', 3),
(405, 'Dr Pooja Bagane', 'pooja.bagane@sitpune.edu.in', '2024-04-20 07:56:17', '2024-04-20 07:56:17', 3),
(406, 'Mrs Usha Jogalekar', 'usha.jogalekar@sitpune.edu.in', '2024-04-20 07:56:17', '2024-04-20 07:56:17', 3),
(407, 'Dr Vani HiremaniDr Smita Mahajan', 'vani.hiremani@sitpune.edu.in', '2024-04-20 07:56:17', '2024-04-20 07:56:17', 3),
(408, 'Dr Nilima Zade', 'nilima.zade@sitpune.edu.in', '2024-04-20 07:56:17', '2024-04-20 07:56:17', 3),
(409, 'Mr Ranjeet Bidwe', 'ranjeet.bidwe@sitpune.edu.in', '2024-04-20 07:56:17', '2024-04-20 07:56:17', 3),
(410, 'Dr Renuka Agrawal', 'renuka.agrawal@sitpune.edu.in', '2024-04-20 07:56:17', '2024-04-20 07:56:17', 3),
(411, 'Mr Ranjeet BidweDr Prachi Kadam', 'ranjeet.bidwe@sitpune.edu.in', '2024-04-20 07:56:17', '2024-04-20 07:56:17', 3),
(412, 'VFNikita Konde', 'nikita.konda.vf@sitpune.edu.in', '2024-04-20 07:56:17', '2024-04-20 07:56:17', 3),
(413, 'VFRasika Lanke', 'rasika.lanke.vf@sitpune.edu.in', '2024-04-20 07:56:17', '2024-04-20 07:56:17', 3),
(414, 'Dr Amol Dhumane', 'amol.dhumane@sitpune.edu.in', '2024-04-20 07:56:17', '2024-04-20 07:56:17', 3),
(415, 'Dr Pradeep Arya', 'pradeep.arya@sitpune.edu.in', '2024-04-20 07:56:17', '2024-04-20 07:56:17', 3),
(416, 'Dr Sashikala MishraDr Kailash Shaw', 'sashikala.mishra@sitpune.edu.in', '2024-04-20 07:56:17', '2024-04-20 07:56:17', 3),
(417, 'Dr Ankit Vishnoi', 'ankit.vishnoi@sitpune.edu.in', '2024-04-20 07:56:17', '2024-04-20 07:56:17', 3),
(418, 'Dr Bhavna Ambudkar', 'bhavna.ambudkar@sitpune.edu.in', '2024-04-20 07:56:17', '2024-04-20 07:56:17', 3),
(419, 'VFSanjana Devadiga', 'sanjana.devadiga.vf@sitpune.edu.in', '2024-04-20 07:56:17', '2024-04-20 07:56:17', 3),
(420, 'VF Parija Bhise', 'parija.bhise.vf@sitpune.edu.in', '2024-04-20 07:56:17', '2024-04-20 07:56:17', 3),
(421, 'Dr Shwetambari Chiwhane', 'shwetambari.chiwhane@sitpune.edu.in', '2024-04-20 07:56:17', '2024-04-20 07:56:17', 3),
(422, 'Dr Shubham Joshi', 'shubham.joshi@sitpune.edu.in', '2024-04-20 07:56:17', '2024-04-20 07:56:17', 3),
(423, 'Dr Deepak Parashar', 'deepak.parashar@sitpune.edu.in', '2024-04-20 07:56:17', '2024-04-20 07:56:17', 3),
(424, 'Dr Shivali Wagle', 'shivali.wagle@sitpune.edu.in', '2024-04-20 07:56:17', '2024-04-20 07:56:17', 3),
(425, 'Mrs Nivedita Mishra', 'nivedita.mishra@sitpune.edu.in', '2024-04-20 07:56:17', '2024-04-20 07:56:17', 3),
(426, 'Dr Sudhanshu Suhas Gonge', 'sudhanshu.gonge@sitpune.edu.in', '2024-04-20 07:56:17', '2024-04-20 07:56:17', 3),
(427, 'Dr Rahul Raghvendra Joshi', 'rahulj@sitpune.edu.in', '2024-04-20 07:56:17', '2024-04-20 07:56:17', 3),
(428, 'Dr Rahul Joshi', 'rahulj@sitpune.edu.in', '2024-04-20 07:56:17', '2024-04-20 07:56:17', 3),
(429, 'Dr Vipin Tiwari', 'vipin.tiwari@sitpune.edu.in', '2024-04-20 07:56:17', '2024-04-20 07:56:17', 3),
(430, 'Dr Kanhaya Sharma Dr Shilpa Gite', 'kanhaiya.sharma@sitpune.edu.in', '2024-04-20 07:56:17', '2024-04-20 07:56:17', 3),
(431, 'VfSurabhi Thatte', 'surabhi.thatte.vf@sitpune.edu.in', '2024-04-20 07:56:17', '2024-04-20 07:56:17', 3),
(432, 'Dr Aditi Sharma', 'aditi.sharma@sitpune.edu.in', '2024-04-20 07:56:17', '2024-04-20 07:56:17', 3),
(433, 'Dr Sayali Sandbhor', 'sayali.sandbhor@sitpune.edu.in', '2024-04-20 07:56:17', '2024-04-20 07:56:17', 3),
(434, 'Dr Vaishnavi Dabir', 'vaishnavi.dabir@sitpune.edu.in', '2024-04-20 07:56:17', '2024-04-20 07:56:17', 3),
(435, 'Dr Junaid Nisar', 'junaid.nisar@sitpune.edu.in', '2024-04-20 07:56:17', '2024-04-20 07:56:17', 3),
(436, 'Prof Vinaj Jatti', 'vinay.jatti@sitpune.edu.in', '2024-04-20 07:56:17', '2024-04-20 07:56:17', 3),
(437, 'VF Pratibha Sharma', 'pratibha.sharma.vf@sitpune.edu.in', '2024-04-20 07:56:17', '2024-04-20 07:56:17', 3),
(438, 'Dr Sayali Apte', 'sayali.apte@sitpune.edu.in', '2024-04-20 07:56:17', '2024-04-20 07:56:17', 3),
(439, 'Dr Mugdha Kshirsagar', 'mugdhak@sitpune.edu.in', '2024-04-20 07:56:17', '2024-04-20 07:56:17', 3),
(440, 'Dr Sankit Kasssa', 'sankit.kassa@sitpune.edu.in', '2024-04-20 07:56:17', '2024-04-20 07:56:17', 3),
(441, 'VF Rima Banarjee', 'rima.banerjee.vf@sitpune.edu.in', '2024-04-20 07:56:17', '2024-04-20 07:56:17', 3),
(442, 'VF Tanuja Yelale', 'tanuja.yelale.vf@sitpune.edu.in', '2024-04-20 07:56:17', '2024-04-20 07:56:17', 3),
(443, 'Prof Humera Khanum', 'humera.khanum@sitpune.edu.in', '2024-04-20 07:56:17', '2024-04-20 07:56:17', 3),
(444, 'Dr Sanjay Kulkarni', 'sanjay.kulkarni@sitpune.edu.in', '2024-04-20 07:56:17', '2024-04-20 07:56:17', 3),
(445, 'Prof Rushikesh Kulkarni', 'rushikeshk@sitpune.edu.in', '2024-04-20 07:56:17', '2024-04-20 07:56:17', 3),
(446, 'Prof Sagar Kolekar', 'sagar.kolekar@sitpune.edu.in', '2024-04-20 07:56:17', '2024-04-20 07:56:17', 3),
(447, 'Prof Sarfaraj Shaikh', 'sarfarajs@sitpune.edu.in', '2024-04-20 07:56:17', '2024-04-20 07:56:17', 3),
(448, 'Prof Shruti Maheshwari', 'shruti.maheshwari@sitpune.edu.in', '2024-04-20 07:56:17', '2024-04-20 07:56:17', 3),
(449, 'Dr Prasad Kantipudi', 'prasad.kantipudi@sitpune.edu.in', '2024-04-20 07:56:17', '2024-04-20 07:56:17', 3),
(450, 'Dr DMarshiana', 'marshiana.d@sitpune.edu.in', '2024-04-20 07:56:17', '2024-04-20 07:56:17', 3),
(451, 'Dr Saffrine Kingsly', 'saffrine.kingsly@sitpune.edu.in', '2024-04-20 07:56:17', '2024-04-20 07:56:17', 3),
(452, 'Dr Mousami Bhanja', 'mousumi.bhanja@sitpune.edu.in', '2024-04-20 07:56:17', '2024-04-20 07:56:17', 3),
(453, 'Dr Ujwala Kshirsagar', 'ujwala.kshirsagar@sitpune.edu.in', '2024-04-20 07:56:17', '2024-04-20 07:56:17', 3),
(454, 'Dr Mangal Singh', 'mangal.singh@sitpune.edu.in', '2024-04-20 07:56:17', '2024-04-20 07:56:17', 3),
(455, 'Dr Aditya Jain', 'aditya.j@sitpune.edu.in', '2024-04-20 07:56:17', '2024-04-20 07:56:17', 3),
(456, 'Dr Sumit Kumar', 'kumar.sumit@sitpune.edu.in', '2024-04-20 07:56:17', '2024-04-20 07:56:17', 3),
(457, 'Dr Priyanka TupeWaghmare', 'priyanka.tupe@sitpune.edu.in', '2024-04-20 07:56:17', '2024-04-20 07:56:17', 3);
INSERT INTO `teacher` (`id`, `teacherName`, `teacherEmail`, `createdAt`, `updatedAt`, `AcademicYearId`) VALUES
(458, 'Dr Shilpa Hudnurkar', 'shilpa.hudnurkar@sitpune.edu.in', '2024-04-20 07:56:17', '2024-04-20 07:56:17', 3),
(459, 'Dr Priti Shahane', 'pritis@sitpune.edu.in', '2024-04-20 07:56:17', '2024-04-20 07:56:17', 3),
(460, 'Ms Tanuja Yelale', 'tanuja.yelale.vf@sitpune.edu.in', '2024-04-20 07:56:17', '2024-04-20 07:56:17', 3),
(461, 'Ms Rima Banerjee', 'tanuja.yelale.vf@sitpune.edu.in', '2024-04-20 07:56:17', '2024-04-20 07:56:17', 3),
(462, 'Dr Krithikaa Mohanarangam', 'krithikaa.mohanarangam@sitpune.edu.in', '2024-04-20 07:56:17', '2024-04-20 07:56:17', 3),
(463, 'Dr Vijay Kumar Lamba', 'vijay.lamba@sitpune.edu.in', '2024-04-20 07:56:17', '2024-04-20 07:56:17', 3),
(464, 'Dr Sankit Kassa', 'sankit.kassa@sitpune.edu.in', '2024-04-20 07:56:17', '2024-04-20 07:56:17', 3),
(465, 'Prof Kunal Shejul', 'kunal.shejul@sitpune.edu.in', '2024-04-20 07:56:17', '2024-04-20 07:56:17', 3),
(466, 'Dr Anurag Mahajan', 'anurag.mahajan@sitpune.edu.in', '2024-04-20 07:56:17', '2024-04-20 07:56:17', 3),
(467, 'Mr Shripad Deshpande', 'shripad.deshpande@sitpune.edu.in', '2024-04-20 07:56:17', '2024-04-20 07:56:17', 3),
(468, 'Prof Smita Khole', 'smita.khole.vf@sitpune.edu.in', '2024-04-20 07:56:17', '2024-04-20 07:56:17', 3),
(469, 'Dr Snehal Bhosle', 'snehal.bhosale@sitpune.edu.in', '2024-04-20 07:56:17', '2024-04-20 07:56:17', 3),
(470, 'Dr Ankur Goyal', 'ankur.goyal@sitpune.edu.in', '2024-04-20 07:56:17', '2024-04-20 07:56:17', 3),
(471, 'Dr Chandan Choubey', 'chandan.choubey@sitpune.edu.in', '2024-04-20 07:56:17', '2024-04-20 07:56:17', 3),
(472, 'Dr BSVeena BSV', 'veena@sitpune.edu.in', '2024-04-20 07:56:17', '2024-04-20 07:56:17', 3),
(473, 'Dr Rupali Nagar RN', 'rupali.nagar@sitpune.edu.in', '2024-04-20 07:56:17', '2024-04-20 07:56:17', 3),
(474, 'Dr Neha Divekar ND', 'neha.divekar@sitpune.edu.in', '2024-04-20 07:56:17', '2024-04-20 07:56:17', 3),
(475, 'Dr Kanhaiya Sharma KSH', 'kanhaiya.sharma@sitpune.edu.in', '2024-04-20 07:56:17', '2024-04-20 07:56:17', 3),
(476, 'Prof Surabhi Thatte ST', 'surabhi.thatte.phd2020@sitpune.edu.in', '2024-04-20 07:56:17', '2024-04-20 07:56:17', 3),
(477, 'Prof Sachin R Gaikwad SRG', 'sachin.gaikwad@sitpune.edu.in', '2024-04-20 07:56:17', '2024-04-20 07:56:17', 3),
(478, 'Dr Meena Laad ML', 'headappliedscience@sitpune.edu.in', '2024-04-20 07:56:17', '2024-04-20 07:56:17', 3),
(479, 'Dr Javid Gani Dar JGD', 'javid.dar@sitpune.edu.in', '2024-04-20 07:56:17', '2024-04-20 07:56:17', 3),
(480, 'Dr Vaishnavi Dabir VSD', 'vaishnavi.dabir@sitpune.edu.in', '2024-04-20 07:56:17', '2024-04-20 07:56:17', 3),
(481, 'Dr Shahid Wani', 'shahid.wani@sitpune.edu.in', '2024-04-20 07:56:17', '2024-04-20 07:56:17', 3),
(482, 'Dr Sneha Gajbhiye SAG', 'sneha.gajbhiye@sitpune.edu.in', '2024-04-20 07:56:17', '2024-04-20 07:56:17', 3),
(483, 'Dr Neeru Bhagat NB', 'neeru.bhagat@sitpune.edu.in', '2024-04-20 07:56:17', '2024-04-20 07:56:17', 3),
(484, 'Dr Swagata Ghos SG', 'swagata.ghosh@sitpune.edu.in', '2024-04-20 07:56:17', '2024-04-20 07:56:17', 3),
(485, 'Prof Sachin Gaikwad', 'sachin.gaikwad@sitpune.edu.in', '2024-04-20 07:56:17', '2024-04-20 07:56:17', 3),
(486, 'Prof Mahesh Arse MA', 'mahesh.arse@sitpune.edu.in', '2024-04-20 07:56:17', '2024-04-20 07:56:17', 3),
(487, 'Dr Kuldeep Mishra', 'kuldeep.mishra@sitpune.edu.in', '2024-04-20 07:56:17', '2024-04-20 07:56:17', 3),
(488, 'Dr Chhaya Lande CL', 'chhaya.lande@sitpune.edu.in', '2024-04-20 07:56:17', '2024-04-20 07:56:17', 3),
(489, 'Prof Smita Khole SK', 'smita.khole.vf@sitpune.edu.in', '2024-04-20 07:56:17', '2024-04-20 07:56:17', 3),
(490, 'Prof Suman Tanwar ST', 'suman.tanwar.vf@sitpune.edu.in', '2024-04-20 07:56:17', '2024-04-20 07:56:17', 3),
(491, 'Prof Hema Karande HK', 'hema.karande@sitpune.edu.in', '2024-04-20 07:56:17', '2024-04-20 07:56:17', 3),
(492, 'Prof Chintan Kishor CK', 'chintan.kishor.vf@sitpune.edu.in', '2024-04-20 07:56:17', '2024-04-20 07:56:17', 3),
(493, 'Dr Soham Sanjay Gokhale SSG', 'soham.gokhale@sitpune.edu.in', '2024-04-20 07:56:17', '2024-04-20 07:56:17', 3),
(494, 'Dr Sangeeta Pant SP', 'sangeeta.pant@sitpune.edu.in', '2024-04-20 07:56:17', '2024-04-20 07:56:17', 3),
(495, 'Prof Mayur Gaikwad MRG', 'mayur.gaikwad@sitpune.edu.in', '2024-04-20 07:56:17', '2024-04-20 07:56:17', 3),
(496, 'Prof Manali Date MD', 'manali.date.phd2021@sitpune.edu.in', '2024-04-20 07:56:17', '2024-04-20 07:56:17', 3),
(497, 'Dr Adigoppula Raju AR', 'adigoppula.raju@sitpune.edu.in', '2024-04-20 07:56:17', '2024-04-20 07:56:17', 3),
(498, 'Dr Soham Sanjay Gokhale SSG', 'sangeeta.pant@sitpune.edu.in', '2024-04-20 07:56:17', '2024-04-20 07:56:17', 3),
(499, 'Dr Harsh Dhiman HHD', 'harsh.dhiman@sitpune.edu.in', '2024-04-20 07:56:17', '2024-04-20 07:56:17', 3),
(500, 'Dr Shilpa Malge SM', 'shilpam@sitpune.edu.in', '2024-04-20 07:56:17', '2024-04-20 07:56:17', 3),
(501, 'Prof Sushma Parihar SP', 'sushmap@sitpune.edu.in', '2024-04-20 07:56:17', '2024-04-20 07:56:17', 3),
(502, 'Dr Dipika Jaspal DKJ', 'dipikaj@sitpune.edu.in', '2024-04-20 07:56:17', '2024-04-20 07:56:17', 3),
(503, 'Dr Prabhat Thakur PBT', 'prabhat.thakur@sitpune.edu.in', '2024-04-20 07:56:17', '2024-04-20 07:56:17', 3),
(504, 'Dr Niting Solke NS', 'nitin.solke@sitpune.edu.in', '2024-04-20 07:56:17', '2024-04-20 07:56:17', 3),
(505, 'Dr Ravi Sekhar RS', 'ravi.sekhar@sitpune.edu.in', '2024-04-20 07:56:17', '2024-04-20 07:56:17', 3),
(506, 'Prof Kunal Shejul KMS', 'kunal.shejul@sitpune.edu.in', '2024-04-20 07:56:17', '2024-04-20 07:56:17', 3),
(507, 'Dr Mousami Bhanja MB', 'mousumi.bhanja@sitpune.edu.in', '2024-04-20 07:56:17', '2024-04-20 07:56:17', 3),
(508, 'Dr Paresh Nasikkar', 'paresh.nasikkar@sitpune.edu.in', '2024-04-20 07:56:17', '2024-04-20 07:56:17', 3),
(509, 'Dr shekhar Bhame', 'shekhar.bhame@sitpune.edu.in', '2024-04-20 07:56:17', '2024-04-20 07:56:17', 3),
(510, 'Dr Sayali Apte SA', 'sayali.apte@sitpune.edu.in', '2024-04-20 07:56:17', '2024-04-20 07:56:17', 3),
(511, 'Prof Mugdha K', 'mugdha.thanawala.btech2019@sitpune.edu.in', '2024-04-20 07:56:17', '2024-04-20 07:56:17', 3),
(512, 'Dr Ramesh BT', 'ramesh.bt@sitpune.edu.in', '2024-04-20 07:56:17', '2024-04-20 07:56:17', 3),
(513, 'Prof Sachin Gaikwad SG', 'sachin.gaikwad@sitpune.edu.in', '2024-04-20 07:56:17', '2024-04-20 07:56:17', 3),
(514, 'Mr Anthony Augustine', 'anthony.augustine@siu.edu.in', '2024-04-20 07:56:17', '2024-04-20 07:56:17', 3),
(515, 'Dr Pritesh Shah PS', 'pritesh.shah@sitpune.edu.in', '2024-04-20 07:56:17', '2024-04-20 07:56:17', 3),
(516, 'Prof Jayshree PandeJP', 'jayshree.pande@sitpune.edu.in', '2024-04-20 07:56:17', '2024-04-20 07:56:17', 3),
(517, 'Prof Prajakta Mukadam', 'prajakta.magdum.vf@sitpune.edu.in', '2024-04-20 07:56:17', '2024-04-20 07:56:17', 3),
(518, 'Dr Snehal Bhosale SB', 'snehal.bhosale@sitpune.edu.in', '2024-04-20 07:56:17', '2024-04-20 07:56:17', 3),
(519, 'Dr Amol Dalvi AD', 'amol.dalvi@sitpune.edu.in', '2024-04-20 07:56:17', '2024-04-20 07:56:17', 3),
(520, 'Dr Nilisha Itankar NI', 'nilisha.itankar@sitpune.edu.in', '2024-04-20 07:56:17', '2024-04-20 07:56:17', 3),
(521, 'Dr Chandan Kumar Choubey CKC', 'chandan.choubey@sitpune.edu.in', '2024-04-20 07:56:17', '2024-04-20 07:56:17', 3),
(522, 'Prof Pragya Saxena PS', 'pragya.saxena@sitpune.edu.in', '2024-04-20 07:56:17', '2024-04-20 07:56:17', 3),
(523, 'Prof Parvez A Patel PAP', 'parvez.patel.phd2022@sitpune.edu.in', '2024-04-20 07:56:17', '2024-04-20 07:56:17', 3),
(524, 'Dr Shekhar Bhame SB', 'shekhar.bhame@sitpune.edu.in', '2024-04-20 07:56:17', '2024-04-20 07:56:17', 3),
(525, 'Dr Vijay Jatti VY', 'vijay.jatti@sitpune.edu.in', '2024-04-20 07:56:17', '2024-04-20 07:56:17', 3),
(526, 'Prof Vikas Gulia VG', 'vikas.gulia@sitpune.edu.in', '2024-04-20 07:56:17', '2024-04-20 07:56:17', 3),
(527, 'Prof Sagar Kolekar SK', 'sagar.kolekar@sitpune.edu.in', '2024-04-20 07:56:17', '2024-04-20 07:56:17', 3),
(528, 'Prof Rushikesh Kulkarni RPK', 'rushikeshk@sitpune.edu.in', '2024-04-20 07:56:17', '2024-04-20 07:56:17', 3),
(529, 'Prof Amar Jain AJN', 'amar.jain@sitpune.edu.in', '2024-04-20 07:56:17', '2024-04-20 07:56:17', 3),
(530, 'Dr Harikrishan R HKR', 'harikrishnan.r@sitpune.edu.in', '2024-04-20 07:56:17', '2024-04-20 07:56:17', 3),
(531, 'Dr Shahid Tamboli', 'shahidt@sitpune.edu.in', '2024-04-20 07:56:17', '2024-04-20 07:56:17', 3),
(532, 'Dr Anindita Roy', 'anindita.roy@sitpune.edu.in', '2024-04-20 07:56:17', '2024-04-20 07:56:17', 3),
(533, 'Dr Chandrakant Sonawane', 'chandrakant.sonawane@sitpune.edu.in', '2024-04-20 07:56:17', '2024-04-20 07:56:17', 3),
(534, 'Dr Sanjay Pohekar', 'sanjay.pohekar@sitpune.edu.in', '2024-04-20 07:56:17', '2024-04-20 07:56:17', 3),
(535, 'Mr Anish Dhoble', 'anish.dhoble.vf@sitpune.edu.in', '2024-04-20 07:56:17', '2024-04-20 07:56:17', 3),
(536, 'Ms Pratibha Sharma', 'pratibha.sharma.vf@sitpune.edu.in', '2024-04-20 07:56:17', '2024-04-20 07:56:17', 3),
(537, 'Dr Mandar Sapre', 'mandar.sapre@sitpune.edu.in', '2024-04-20 07:56:17', '2024-04-20 07:56:17', 3),
(538, 'Dr Anand Pandey', 'anand.pandey@sitpune.edu.in', '2024-04-20 07:56:17', '2024-04-20 07:56:17', 3),
(539, 'Prof Vikas Gulia', 'vikas.gulia@sitpune.edu.in', '2024-04-20 07:56:17', '2024-04-20 07:56:17', 3),
(540, 'Dr Snehal Bhosale', 'snehal.bhosale@sitpune.edu.in', '2024-04-20 07:56:17', '2024-04-20 07:56:17', 3),
(541, 'Dr Ravi Sekhar', 'ravi.sekhar@sitpune.edu.in', '2024-04-20 07:56:17', '2024-04-20 07:56:17', 3),
(542, 'Dr Amol Dalvi', 'amol.dalavi@sitpune.edu.in', '2024-04-20 07:56:17', '2024-04-20 07:56:17', 3),
(543, 'Dr Nitin Khedkar', 'nitin.khedkar@sitpune.edu.in', '2024-04-20 07:56:17', '2024-04-20 07:56:17', 3),
(544, 'Mr Rahul Gore', 'rahul.gore.vf@sitpune.edu.in', '2024-04-20 07:56:17', '2024-04-20 07:56:17', 3),
(545, 'Dr Anirban Sur', 'anirban.sur@sitpune.edu.in', '2024-04-20 07:56:17', '2024-04-20 07:56:17', 3),
(546, 'Dr Vijaykumar Jatti', 'vijaykumar.jatti@sitpune.edu.in', '2024-04-20 07:56:17', '2024-04-20 07:56:17', 3),
(547, 'Dr Shrikrishna Kolhar', 'shrikrishna.kolhar@sitpune.edu.in', '2024-04-20 07:56:17', '2024-04-20 07:56:17', 3),
(548, 'Rima Banerjee VF', 'rima.banerjee.vf@sitpune.edu.in', '2024-04-20 07:56:17', '2024-04-20 07:56:17', 3),
(549, 'Dr Manoj Kumar Shukla', 'manoj.shukla@sitpune.edu.in', '2024-04-20 07:56:17', '2024-04-20 07:56:17', 3),
(550, 'Prof Aniket Nargundkar', 'aniket.nargundkar@sitpune.edu.in', '2024-04-20 07:56:17', '2024-04-20 07:56:17', 3),
(551, 'Mr Sameer Sayyad', 'sameer.sayyad@sitpune.edu.in', '2024-04-20 07:56:17', '2024-04-20 07:56:17', 3),
(552, 'VF Mrs Pratibha Sharma', 'pratibha.sharma.vf@sitpune.edu.in', '2024-04-20 07:56:17', '2024-04-20 07:56:17', 3),
(553, 'Ms Shruti Maheshwari', 'shruti.maheshwari@sitpune.edu.in', '2024-04-20 07:56:17', '2024-04-20 07:56:17', 3),
(554, 'Dr Sarfaraj Shaikh', 'sarfarajs@sitpune.edu.in', '2024-04-20 07:56:17', '2024-04-20 07:56:17', 3),
(555, 'Prof Aniket Nargundhkar', 'aniket.nargundkar@sitpune.edu.in', '2024-04-20 07:56:17', '2024-04-20 07:56:17', 3),
(556, 'Dr Javed K Sayyad', 'javed.sayyad@sitpune.edu.in', '2024-04-20 07:56:17', '2024-04-20 07:56:17', 3),
(557, 'Dr Ramesh B T', 'ramesh.bt@sitpune.edu.in', '2024-04-20 07:56:17', '2024-04-20 07:56:17', 3),
(558, 'Dr Sachit T S', 'sachit.thimmappa@sitpune.edu.in', '2024-04-20 07:56:17', '2024-04-20 07:56:17', 3),
(559, 'Dr Priya Jadhav', 'priya.jadhav@sitpune.edu.in', '2024-04-20 07:56:17', '2024-04-20 07:56:17', 3),
(560, 'Prof Bhavna Ambudkar', 'bhavna.ambudkar@sitpune.edu.in', '2024-04-20 07:56:17', '2024-04-20 07:56:17', 3),
(561, 'VF Ms Rima Banerjee', 'rima.banerjee.vf@sitpune.edu.in', '2024-04-20 07:56:17', '2024-04-20 07:56:17', 3),
(562, 'VF Ms Tanuja Yelale', 'tanuja.yelale.vf@sitpune.edu.in', '2024-04-20 07:56:17', '2024-04-20 07:56:17', 3),
(563, 'VF MrSharad Saraf', 'sharad.saraf.vf@sitpune.edu.in', '2024-04-20 07:56:17', '2024-04-20 07:56:17', 3),
(564, 'Dr Kalyani Dhananjay Kadam', 'kalyanik@sitpune.edu.in', '2024-04-20 07:56:17', '2024-04-20 07:56:17', 3),
(565, 'Prof Mayur Gaikwad', 'mayur.gaikwad@sitpune.edu.in', '2024-04-20 07:56:17', '2024-04-20 07:56:17', 3),
(566, 'DrKetan  Kotecha', 'director@sitpune.edu.in', '2024-04-20 07:56:17', '2024-04-20 07:56:17', 3),
(567, 'MsHema R Karande', 'hema.karande@sitpune.edu.in', '2024-04-20 07:56:17', '2024-04-20 07:56:17', 3),
(568, 'Dr Pooja Vinayak Kamat', 'pooja.kamat@sitpune.edu.in', '2024-04-20 07:56:17', '2024-04-20 07:56:17', 3),
(569, 'Dr Preksha B Pareek', 'preksha.pareek@sitpune.edu.in', '2024-04-20 07:56:17', '2024-04-20 07:56:17', 3),
(570, 'Dr Shruti Ghanshyam Patil', 'headaiml@sitpune.edu.in', '2024-04-20 07:56:17', '2024-04-20 07:56:17', 3),
(571, 'Dr Prachi Nitin Kadam', 'prachi.kadam@sitpune.edu.in', '2024-04-20 07:56:17', '2024-04-20 07:56:17', 3),
(572, 'Dr Anupkumar Manohara Bongale', 'anupkumar.bongale@sitpune.edu.in', '2024-04-20 07:56:17', '2024-04-20 07:56:17', 3),
(573, 'VF DrSunder N', 'sundarparipurnam.n.vf@sitpune.edu.in', '2024-04-20 07:56:17', '2024-04-20 07:56:17', 3),
(574, 'DrJitendra Rajpurohit', 'jitendra.rajpurohit@sitpune.edu.in', '2024-04-20 07:56:17', '2024-04-20 07:56:17', 3),
(575, 'Dr Amit Kumar', 'amit.kumar@sitpune.edu.in', '2024-04-20 07:56:17', '2024-04-20 07:56:17', 3),
(576, 'VF Ms Rasika Lanke', 'rasika.lanke.vf@sitpune.edu.in', '2024-04-20 07:56:17', '2024-04-20 07:56:17', 3),
(577, 'VF Ms Nikita Konda', 'nikita.konda.vf@sitpune.edu.in', '2024-04-20 07:56:17', '2024-04-20 07:56:17', 3),
(578, 'Dr Shilpa Shailesh Gite', 'shilpa.gite@sitpune.edu.in', '2024-04-20 07:56:17', '2024-04-20 07:56:17', 3),
(579, 'Dr Harsh Dhiman', 'harsh.dhiman@sitpune.edu.in', '2024-04-20 07:56:17', '2024-04-20 07:56:17', 3),
(580, 'Dr KNandhini', 'nandhini.k@sitpune.edu.in', '2024-04-20 07:56:17', '2024-04-20 07:56:17', 3),
(581, 'Dr Rahee Walambe', 'rahee.walambe@sitpune.edu.in', '2024-04-20 07:56:17', '2024-04-20 07:56:17', 3),
(582, 'DrSmita Rajendra Mahajan', 'smita.mahajan@sitpune.edu.in', '2024-04-20 07:56:17', '2024-04-20 07:56:17', 3),
(583, 'DrOm Mishra', 'om.mishra@sitpune.edu.in', '2024-04-20 07:56:17', '2024-04-20 07:56:17', 3),
(584, 'Dr Kailash Shaw', 'kailash.shaw@sitpune.edu.in', '2024-04-20 07:56:17', '2024-04-20 07:56:17', 3),
(585, 'VF Ms Parija Bhise', 'parija.bhise.vf@sitpune.edu.in', '2024-04-20 07:56:17', '2024-04-20 07:56:17', 3),
(586, 'MsShubhangi Deokar', 'shubhangi.deokar@sitpune.edu.in', '2024-04-20 07:56:17', '2024-04-20 07:56:17', 3),
(587, 'Dr Kanhaiya Sharma', 'kanhaiya.sharma@sitpune.edu.in', '2024-04-20 07:56:17', '2024-04-20 07:56:17', 3),
(588, 'VF MsSanjana Devadiga', 'sanjana.devadiga.vf@sitpune.edu.in', '2024-04-20 07:56:17', '2024-04-20 07:56:17', 3),
(589, 'Dr Ram Kishun Lodhi', 'ramkishun.lodhi@sitpune.edu.in', '2024-04-20 07:56:17', '2024-04-20 07:56:17', 4),
(590, 'Dr Pratiksha Bhavsar', 'pratiksha.bhavsar@sitpune.edu.in', '2024-04-20 07:56:17', '2024-04-20 07:56:17', 4),
(591, 'Dr Jitendra RajpurohitMr Mayur Gaikawad', 'jitendra.rajpurohit@sitpune.edu.in', '2024-04-20 07:56:17', '2024-04-20 07:56:17', 4),
(592, 'Dr Sonali Kothari', 'sonali.kothari@sitpune.edu.in', '2024-04-20 07:56:17', '2024-04-20 07:56:17', 4),
(593, 'Dr Sonali KothariMr Mayur Gaikawad', 'sonali.kothari@sitpune.edu.in', '2024-04-20 07:56:17', '2024-04-20 07:56:17', 4),
(594, 'VF Sushank Dahiwadkar', 'sushank.dahiwadkar.vf@sitpune.edu.in', '2024-04-20 07:56:17', '2024-04-20 07:56:17', 4),
(595, 'Dr Vijayshri Khedkar', 'vijayshri.khedkar@sitpune.edu.in', '2024-04-20 07:56:17', '2024-04-20 07:56:17', 4),
(596, 'Dr Pooja Anil Bagane', 'pooja.bagane@sitpune.edu.in', '2024-04-20 07:56:17', '2024-04-20 07:56:17', 4),
(597, 'Dr Vani Hiremani', 'vani.hiremani@sitpune.edu.in', '2024-04-20 07:56:17', '2024-04-20 07:56:17', 4),
(598, 'Mrs Shubhangi Deokar', 'shubhangi.deokar@sitpune.edu.in', '2024-04-20 07:56:17', '2024-04-20 07:56:17', 4),
(599, 'Dr Rupali Gangarde', 'rupali.gangarde@sitpune.edu.in', '2024-04-20 07:56:17', '2024-04-20 07:56:17', 4),
(600, 'Dr Deepak Dharrao', 'deepak.dharrao@sitpune.edu.in', '2024-04-20 07:56:17', '2024-04-20 07:56:17', 4),
(601, 'Dr Pooja Bagane', 'pooja.bagane@sitpune.edu.in', '2024-04-20 07:56:17', '2024-04-20 07:56:17', 4),
(602, 'Mrs Usha Jogalekar', 'usha.jogalekar@sitpune.edu.in', '2024-04-20 07:56:17', '2024-04-20 07:56:17', 4),
(603, 'Dr Vani HiremaniDr Smita Mahajan', 'vani.hiremani@sitpune.edu.in', '2024-04-20 07:56:17', '2024-04-20 07:56:17', 4),
(604, 'Dr Nilima Zade', 'nilima.zade@sitpune.edu.in', '2024-04-20 07:56:17', '2024-04-20 07:56:17', 4),
(605, 'Mr Ranjeet Bidwe', 'ranjeet.bidwe@sitpune.edu.in', '2024-04-20 07:56:17', '2024-04-20 07:56:17', 4),
(606, 'Dr Renuka Agrawal', 'renuka.agrawal@sitpune.edu.in', '2024-04-20 07:56:17', '2024-04-20 07:56:17', 4),
(607, 'Mr Ranjeet BidweDr Prachi Kadam', 'ranjeet.bidwe@sitpune.edu.in', '2024-04-20 07:56:17', '2024-04-20 07:56:17', 4),
(608, 'VFNikita Konde', 'nikita.konda.vf@sitpune.edu.in', '2024-04-20 07:56:17', '2024-04-20 07:56:17', 4),
(609, 'VFRasika Lanke', 'rasika.lanke.vf@sitpune.edu.in', '2024-04-20 07:56:17', '2024-04-20 07:56:17', 4),
(610, 'Dr Amol Dhumane', 'amol.dhumane@sitpune.edu.in', '2024-04-20 07:56:17', '2024-04-20 07:56:17', 4),
(611, 'Dr Pradeep Arya', 'pradeep.arya@sitpune.edu.in', '2024-04-20 07:56:17', '2024-04-20 07:56:17', 4),
(612, 'Dr Sashikala MishraDr Kailash Shaw', 'sashikala.mishra@sitpune.edu.in', '2024-04-20 07:56:17', '2024-04-20 07:56:17', 4),
(613, 'Dr Ankit Vishnoi', 'ankit.vishnoi@sitpune.edu.in', '2024-04-20 07:56:17', '2024-04-20 07:56:17', 4),
(614, 'Dr Bhavna Ambudkar', 'bhavna.ambudkar@sitpune.edu.in', '2024-04-20 07:56:17', '2024-04-20 07:56:17', 4),
(615, 'VFSanjana Devadiga', 'sanjana.devadiga.vf@sitpune.edu.in', '2024-04-20 07:56:17', '2024-04-20 07:56:17', 4),
(616, 'VF Parija Bhise', 'parija.bhise.vf@sitpune.edu.in', '2024-04-20 07:56:17', '2024-04-20 07:56:17', 4),
(617, 'Dr Shwetambari Chiwhane', 'shwetambari.chiwhane@sitpune.edu.in', '2024-04-20 07:56:17', '2024-04-20 07:56:17', 4),
(618, 'Dr Shubham Joshi', 'shubham.joshi@sitpune.edu.in', '2024-04-20 07:56:17', '2024-04-20 07:56:17', 4),
(619, 'Dr Deepak Parashar', 'deepak.parashar@sitpune.edu.in', '2024-04-20 07:56:17', '2024-04-20 07:56:17', 4),
(620, 'Dr Shivali Wagle', 'shivali.wagle@sitpune.edu.in', '2024-04-20 07:56:17', '2024-04-20 07:56:17', 4),
(621, 'Mrs Nivedita Mishra', 'nivedita.mishra@sitpune.edu.in', '2024-04-20 07:56:17', '2024-04-20 07:56:17', 4),
(622, 'Dr Sudhanshu Suhas Gonge', 'sudhanshu.gonge@sitpune.edu.in', '2024-04-20 07:56:17', '2024-04-20 07:56:17', 4),
(623, 'Dr Rahul Raghvendra Joshi', 'rahulj@sitpune.edu.in', '2024-04-20 07:56:17', '2024-04-20 07:56:17', 4),
(624, 'Dr Rahul Joshi', 'rahulj@sitpune.edu.in', '2024-04-20 07:56:17', '2024-04-20 07:56:17', 4),
(625, 'Dr Vipin Tiwari', 'vipin.tiwari@sitpune.edu.in', '2024-04-20 07:56:17', '2024-04-20 07:56:17', 4),
(626, 'Dr Kanhaya Sharma Dr Shilpa Gite', 'kanhaiya.sharma@sitpune.edu.in', '2024-04-20 07:56:17', '2024-04-20 07:56:17', 4),
(627, 'VfSurabhi Thatte', 'surabhi.thatte.vf@sitpune.edu.in', '2024-04-20 07:56:17', '2024-04-20 07:56:17', 4),
(628, 'Dr Aditi Sharma', 'aditi.sharma@sitpune.edu.in', '2024-04-20 07:56:17', '2024-04-20 07:56:17', 4),
(629, 'Dr Sayali Sandbhor', 'sayali.sandbhor@sitpune.edu.in', '2024-04-20 07:56:17', '2024-04-20 07:56:17', 4),
(630, 'Dr Vaishnavi Dabir', 'vaishnavi.dabir@sitpune.edu.in', '2024-04-20 07:56:17', '2024-04-20 07:56:17', 4),
(631, 'Dr Junaid Nisar', 'junaid.nisar@sitpune.edu.in', '2024-04-20 07:56:17', '2024-04-20 07:56:17', 4),
(632, 'Prof Vinaj Jatti', 'vinay.jatti@sitpune.edu.in', '2024-04-20 07:56:17', '2024-04-20 07:56:17', 4),
(633, 'VF Pratibha Sharma', 'pratibha.sharma.vf@sitpune.edu.in', '2024-04-20 07:56:17', '2024-04-20 07:56:17', 4),
(634, 'Dr Sayali Apte', 'sayali.apte@sitpune.edu.in', '2024-04-20 07:56:17', '2024-04-20 07:56:17', 4),
(635, 'Dr Mugdha Kshirsagar', 'mugdhak@sitpune.edu.in', '2024-04-20 07:56:17', '2024-04-20 07:56:17', 4),
(636, 'Dr Sankit Kasssa', 'sankit.kassa@sitpune.edu.in', '2024-04-20 07:56:17', '2024-04-20 07:56:17', 4),
(637, 'VF Rima Banarjee', 'rima.banerjee.vf@sitpune.edu.in', '2024-04-20 07:56:17', '2024-04-20 07:56:17', 4),
(638, 'VF Tanuja Yelale', 'tanuja.yelale.vf@sitpune.edu.in', '2024-04-20 07:56:17', '2024-04-20 07:56:17', 4),
(639, 'Prof Humera Khanum', 'humera.khanum@sitpune.edu.in', '2024-04-20 07:56:17', '2024-04-20 07:56:17', 4),
(640, 'Dr Sanjay Kulkarni', 'sanjay.kulkarni@sitpune.edu.in', '2024-04-20 07:56:17', '2024-04-20 07:56:17', 4),
(641, 'Prof Rushikesh Kulkarni', 'rushikeshk@sitpune.edu.in', '2024-04-20 07:56:17', '2024-04-20 07:56:17', 4),
(642, 'Prof Sagar Kolekar', 'sagar.kolekar@sitpune.edu.in', '2024-04-20 07:56:17', '2024-04-20 07:56:17', 4),
(643, 'Prof Sarfaraj Shaikh', 'sarfarajs@sitpune.edu.in', '2024-04-20 07:56:17', '2024-04-20 07:56:17', 4),
(644, 'Prof Shruti Maheshwari', 'shruti.maheshwari@sitpune.edu.in', '2024-04-20 07:56:17', '2024-04-20 07:56:17', 4),
(645, 'Dr Prasad Kantipudi', 'prasad.kantipudi@sitpune.edu.in', '2024-04-20 07:56:17', '2024-04-20 07:56:17', 4),
(646, 'Dr DMarshiana', 'marshiana.d@sitpune.edu.in', '2024-04-20 07:56:17', '2024-04-20 07:56:17', 4),
(647, 'Dr Saffrine Kingsly', 'saffrine.kingsly@sitpune.edu.in', '2024-04-20 07:56:17', '2024-04-20 07:56:17', 4),
(648, 'Dr Mousami Bhanja', 'mousumi.bhanja@sitpune.edu.in', '2024-04-20 07:56:17', '2024-04-20 07:56:17', 4),
(649, 'Dr Ujwala Kshirsagar', 'ujwala.kshirsagar@sitpune.edu.in', '2024-04-20 07:56:17', '2024-04-20 07:56:17', 4),
(650, 'Dr Mangal Singh', 'mangal.singh@sitpune.edu.in', '2024-04-20 07:56:17', '2024-04-20 07:56:17', 4),
(651, 'Dr Aditya Jain', 'aditya.j@sitpune.edu.in', '2024-04-20 07:56:17', '2024-04-20 07:56:17', 4),
(652, 'Dr Sumit Kumar', 'kumar.sumit@sitpune.edu.in', '2024-04-20 07:56:17', '2024-04-20 07:56:17', 4),
(653, 'Dr Priyanka TupeWaghmare', 'priyanka.tupe@sitpune.edu.in', '2024-04-20 07:56:17', '2024-04-20 07:56:17', 4),
(654, 'Dr Shilpa Hudnurkar', 'shilpa.hudnurkar@sitpune.edu.in', '2024-04-20 07:56:17', '2024-04-20 07:56:17', 4),
(655, 'Dr Priti Shahane', 'pritis@sitpune.edu.in', '2024-04-20 07:56:17', '2024-04-20 07:56:17', 4),
(656, 'Ms Tanuja Yelale', 'tanuja.yelale.vf@sitpune.edu.in', '2024-04-20 07:56:17', '2024-04-20 07:56:17', 4),
(657, 'Ms Rima Banerjee', 'tanuja.yelale.vf@sitpune.edu.in', '2024-04-20 07:56:17', '2024-04-20 07:56:17', 4),
(658, 'Dr Krithikaa Mohanarangam', 'krithikaa.mohanarangam@sitpune.edu.in', '2024-04-20 07:56:17', '2024-04-20 07:56:17', 4),
(659, 'Dr Vijay Kumar Lamba', 'vijay.lamba@sitpune.edu.in', '2024-04-20 07:56:17', '2024-04-20 07:56:17', 4),
(660, 'Dr Sankit Kassa', 'sankit.kassa@sitpune.edu.in', '2024-04-20 07:56:17', '2024-04-20 07:56:17', 4),
(661, 'Prof Kunal Shejul', 'kunal.shejul@sitpune.edu.in', '2024-04-20 07:56:17', '2024-04-20 07:56:17', 4),
(662, 'Dr Anurag Mahajan', 'anurag.mahajan@sitpune.edu.in', '2024-04-20 07:56:17', '2024-04-20 07:56:17', 4),
(663, 'Mr Shripad Deshpande', 'shripad.deshpande@sitpune.edu.in', '2024-04-20 07:56:17', '2024-04-20 07:56:17', 4),
(664, 'Prof Smita Khole', 'smita.khole.vf@sitpune.edu.in', '2024-04-20 07:56:17', '2024-04-20 07:56:17', 4),
(665, 'Dr Snehal Bhosle', 'snehal.bhosale@sitpune.edu.in', '2024-04-20 07:56:17', '2024-04-20 07:56:17', 4),
(666, 'Dr Ankur Goyal', 'ankur.goyal@sitpune.edu.in', '2024-04-20 07:56:17', '2024-04-20 07:56:17', 4),
(667, 'Dr Chandan Choubey', 'chandan.choubey@sitpune.edu.in', '2024-04-20 07:56:17', '2024-04-20 07:56:17', 4),
(668, 'Dr BSVeena BSV', 'veena@sitpune.edu.in', '2024-04-20 07:56:17', '2024-04-20 07:56:17', 4),
(669, 'Dr Rupali Nagar RN', 'rupali.nagar@sitpune.edu.in', '2024-04-20 07:56:17', '2024-04-20 07:56:17', 4),
(670, 'Dr Neha Divekar ND', 'neha.divekar@sitpune.edu.in', '2024-04-20 07:56:17', '2024-04-20 07:56:17', 4),
(671, 'Dr Kanhaiya Sharma KSH', 'kanhaiya.sharma@sitpune.edu.in', '2024-04-20 07:56:17', '2024-04-20 07:56:17', 4),
(672, 'Prof Surabhi Thatte ST', 'surabhi.thatte.phd2020@sitpune.edu.in', '2024-04-20 07:56:17', '2024-04-20 07:56:17', 4),
(673, 'Prof Sachin R Gaikwad SRG', 'sachin.gaikwad@sitpune.edu.in', '2024-04-20 07:56:17', '2024-04-20 07:56:17', 4),
(674, 'Dr Meena Laad ML', 'headappliedscience@sitpune.edu.in', '2024-04-20 07:56:17', '2024-04-20 07:56:17', 4),
(675, 'Dr Javid Gani Dar JGD', 'javid.dar@sitpune.edu.in', '2024-04-20 07:56:17', '2024-04-20 07:56:17', 4),
(676, 'Dr Vaishnavi Dabir VSD', 'vaishnavi.dabir@sitpune.edu.in', '2024-04-20 07:56:17', '2024-04-20 07:56:17', 4),
(677, 'Dr Shahid Wani', 'shahid.wani@sitpune.edu.in', '2024-04-20 07:56:17', '2024-04-20 07:56:17', 4),
(678, 'Dr Sneha Gajbhiye SAG', 'sneha.gajbhiye@sitpune.edu.in', '2024-04-20 07:56:17', '2024-04-20 07:56:17', 4),
(679, 'Dr Neeru Bhagat NB', 'neeru.bhagat@sitpune.edu.in', '2024-04-20 07:56:17', '2024-04-20 07:56:17', 4),
(680, 'Dr Swagata Ghos SG', 'swagata.ghosh@sitpune.edu.in', '2024-04-20 07:56:17', '2024-04-20 07:56:17', 4),
(681, 'Prof Sachin Gaikwad', 'sachin.gaikwad@sitpune.edu.in', '2024-04-20 07:56:17', '2024-04-20 07:56:17', 4),
(682, 'Prof Mahesh Arse MA', 'mahesh.arse@sitpune.edu.in', '2024-04-20 07:56:17', '2024-04-20 07:56:17', 4),
(683, 'Dr Kuldeep Mishra', 'kuldeep.mishra@sitpune.edu.in', '2024-04-20 07:56:17', '2024-04-20 07:56:17', 4),
(684, 'Dr Chhaya Lande CL', 'chhaya.lande@sitpune.edu.in', '2024-04-20 07:56:17', '2024-04-20 07:56:17', 4),
(685, 'Prof Smita Khole SK', 'smita.khole.vf@sitpune.edu.in', '2024-04-20 07:56:17', '2024-04-20 07:56:17', 4),
(686, 'Prof Suman Tanwar ST', 'suman.tanwar.vf@sitpune.edu.in', '2024-04-20 07:56:17', '2024-04-20 07:56:17', 4),
(687, 'Prof Hema Karande HK', 'hema.karande@sitpune.edu.in', '2024-04-20 07:56:17', '2024-04-20 07:56:17', 4),
(688, 'Prof Chintan Kishor CK', 'chintan.kishor.vf@sitpune.edu.in', '2024-04-20 07:56:17', '2024-04-20 07:56:17', 4),
(689, 'Dr Soham Sanjay Gokhale SSG', 'soham.gokhale@sitpune.edu.in', '2024-04-20 07:56:17', '2024-04-20 07:56:17', 4),
(690, 'Dr Sangeeta Pant SP', 'sangeeta.pant@sitpune.edu.in', '2024-04-20 07:56:17', '2024-04-20 07:56:17', 4),
(691, 'Prof Mayur Gaikwad MRG', 'mayur.gaikwad@sitpune.edu.in', '2024-04-20 07:56:17', '2024-04-20 07:56:17', 4),
(692, 'Prof Manali Date MD', 'manali.date.phd2021@sitpune.edu.in', '2024-04-20 07:56:17', '2024-04-20 07:56:17', 4),
(693, 'Dr Adigoppula Raju AR', 'adigoppula.raju@sitpune.edu.in', '2024-04-20 07:56:17', '2024-04-20 07:56:17', 4),
(694, 'Dr Soham Sanjay Gokhale SSG', 'sangeeta.pant@sitpune.edu.in', '2024-04-20 07:56:17', '2024-04-20 07:56:17', 4),
(695, 'Dr Harsh Dhiman HHD', 'harsh.dhiman@sitpune.edu.in', '2024-04-20 07:56:17', '2024-04-20 07:56:17', 4),
(696, 'Dr Shilpa Malge SM', 'shilpam@sitpune.edu.in', '2024-04-20 07:56:17', '2024-04-20 07:56:17', 4),
(697, 'Prof Sushma Parihar SP', 'sushmap@sitpune.edu.in', '2024-04-20 07:56:17', '2024-04-20 07:56:17', 4),
(698, 'Dr Dipika Jaspal DKJ', 'dipikaj@sitpune.edu.in', '2024-04-20 07:56:17', '2024-04-20 07:56:17', 4),
(699, 'Dr Prabhat Thakur PBT', 'prabhat.thakur@sitpune.edu.in', '2024-04-20 07:56:17', '2024-04-20 07:56:17', 4),
(700, 'Dr Niting Solke NS', 'nitin.solke@sitpune.edu.in', '2024-04-20 07:56:17', '2024-04-20 07:56:17', 4),
(701, 'Dr Ravi Sekhar RS', 'ravi.sekhar@sitpune.edu.in', '2024-04-20 07:56:17', '2024-04-20 07:56:17', 4),
(702, 'Prof Kunal Shejul KMS', 'kunal.shejul@sitpune.edu.in', '2024-04-20 07:56:17', '2024-04-20 07:56:17', 4),
(703, 'Dr Mousami Bhanja MB', 'mousumi.bhanja@sitpune.edu.in', '2024-04-20 07:56:17', '2024-04-20 07:56:17', 4),
(704, 'Dr Paresh Nasikkar', 'paresh.nasikkar@sitpune.edu.in', '2024-04-20 07:56:17', '2024-04-20 07:56:17', 4),
(705, 'Dr shekhar Bhame', 'shekhar.bhame@sitpune.edu.in', '2024-04-20 07:56:17', '2024-04-20 07:56:17', 4),
(706, 'Dr Sayali Apte SA', 'sayali.apte@sitpune.edu.in', '2024-04-20 07:56:17', '2024-04-20 07:56:17', 4),
(707, 'Prof Mugdha K', 'mugdha.thanawala.btech2019@sitpune.edu.in', '2024-04-20 07:56:17', '2024-04-20 07:56:17', 4),
(708, 'Dr Ramesh BT', 'ramesh.bt@sitpune.edu.in', '2024-04-20 07:56:17', '2024-04-20 07:56:17', 4),
(709, 'Prof Sachin Gaikwad SG', 'sachin.gaikwad@sitpune.edu.in', '2024-04-20 07:56:17', '2024-04-20 07:56:17', 4),
(710, 'Mr Anthony Augustine', 'anthony.augustine@siu.edu.in', '2024-04-20 07:56:17', '2024-04-20 07:56:17', 4),
(711, 'Dr Pritesh Shah PS', 'pritesh.shah@sitpune.edu.in', '2024-04-20 07:56:17', '2024-04-20 07:56:17', 4),
(712, 'Prof Jayshree PandeJP', 'jayshree.pande@sitpune.edu.in', '2024-04-20 07:56:17', '2024-04-20 07:56:17', 4),
(713, 'Prof Prajakta Mukadam', 'prajakta.magdum.vf@sitpune.edu.in', '2024-04-20 07:56:17', '2024-04-20 07:56:17', 4),
(714, 'Dr Snehal Bhosale SB', 'snehal.bhosale@sitpune.edu.in', '2024-04-20 07:56:17', '2024-04-20 07:56:17', 4),
(715, 'Dr Amol Dalvi AD', 'amol.dalvi@sitpune.edu.in', '2024-04-20 07:56:17', '2024-04-20 07:56:17', 4),
(716, 'Dr Nilisha Itankar NI', 'nilisha.itankar@sitpune.edu.in', '2024-04-20 07:56:17', '2024-04-20 07:56:17', 4),
(717, 'Dr Chandan Kumar Choubey CKC', 'chandan.choubey@sitpune.edu.in', '2024-04-20 07:56:17', '2024-04-20 07:56:17', 4),
(718, 'Prof Pragya Saxena PS', 'pragya.saxena@sitpune.edu.in', '2024-04-20 07:56:17', '2024-04-20 07:56:17', 4),
(719, 'Prof Parvez A Patel PAP', 'parvez.patel.phd2022@sitpune.edu.in', '2024-04-20 07:56:17', '2024-04-20 07:56:17', 4),
(720, 'Dr Shekhar Bhame SB', 'shekhar.bhame@sitpune.edu.in', '2024-04-20 07:56:17', '2024-04-20 07:56:17', 4),
(721, 'Dr Vijay Jatti VY', 'vijay.jatti@sitpune.edu.in', '2024-04-20 07:56:17', '2024-04-20 07:56:17', 4),
(722, 'Prof Vikas Gulia VG', 'vikas.gulia@sitpune.edu.in', '2024-04-20 07:56:17', '2024-04-20 07:56:17', 4),
(723, 'Prof Sagar Kolekar SK', 'sagar.kolekar@sitpune.edu.in', '2024-04-20 07:56:17', '2024-04-20 07:56:17', 4),
(724, 'Prof Rushikesh Kulkarni RPK', 'rushikeshk@sitpune.edu.in', '2024-04-20 07:56:17', '2024-04-20 07:56:17', 4),
(725, 'Prof Amar Jain AJN', 'amar.jain@sitpune.edu.in', '2024-04-20 07:56:17', '2024-04-20 07:56:17', 4),
(726, 'Dr Harikrishan R HKR', 'harikrishnan.r@sitpune.edu.in', '2024-04-20 07:56:17', '2024-04-20 07:56:17', 4),
(727, 'Dr Shahid Tamboli', 'shahidt@sitpune.edu.in', '2024-04-20 07:56:17', '2024-04-20 07:56:17', 4),
(728, 'Dr Anindita Roy', 'anindita.roy@sitpune.edu.in', '2024-04-20 07:56:17', '2024-04-20 07:56:17', 4),
(729, 'Dr Chandrakant Sonawane', 'chandrakant.sonawane@sitpune.edu.in', '2024-04-20 07:56:17', '2024-04-20 07:56:17', 4),
(730, 'Dr Sanjay Pohekar', 'sanjay.pohekar@sitpune.edu.in', '2024-04-20 07:56:17', '2024-04-20 07:56:17', 4),
(731, 'Mr Anish Dhoble', 'anish.dhoble.vf@sitpune.edu.in', '2024-04-20 07:56:17', '2024-04-20 07:56:17', 4),
(732, 'Ms Pratibha Sharma', 'pratibha.sharma.vf@sitpune.edu.in', '2024-04-20 07:56:17', '2024-04-20 07:56:17', 4),
(733, 'Dr Mandar Sapre', 'mandar.sapre@sitpune.edu.in', '2024-04-20 07:56:17', '2024-04-20 07:56:17', 4),
(734, 'Dr Anand Pandey', 'anand.pandey@sitpune.edu.in', '2024-04-20 07:56:17', '2024-04-20 07:56:17', 4),
(735, 'Prof Vikas Gulia', 'vikas.gulia@sitpune.edu.in', '2024-04-20 07:56:17', '2024-04-20 07:56:17', 4),
(736, 'Dr Snehal Bhosale', 'snehal.bhosale@sitpune.edu.in', '2024-04-20 07:56:17', '2024-04-20 07:56:17', 4),
(737, 'Dr Ravi Sekhar', 'ravi.sekhar@sitpune.edu.in', '2024-04-20 07:56:17', '2024-04-20 07:56:17', 4),
(738, 'Dr Amol Dalvi', 'amol.dalavi@sitpune.edu.in', '2024-04-20 07:56:17', '2024-04-20 07:56:17', 4),
(739, 'Dr Nitin Khedkar', 'nitin.khedkar@sitpune.edu.in', '2024-04-20 07:56:17', '2024-04-20 07:56:17', 4),
(740, 'Mr Rahul Gore', 'rahul.gore.vf@sitpune.edu.in', '2024-04-20 07:56:17', '2024-04-20 07:56:17', 4),
(741, 'Dr Anirban Sur', 'anirban.sur@sitpune.edu.in', '2024-04-20 07:56:17', '2024-04-20 07:56:17', 4),
(742, 'Dr Vijaykumar Jatti', 'vijaykumar.jatti@sitpune.edu.in', '2024-04-20 07:56:17', '2024-04-20 07:56:17', 4),
(743, 'Dr Shrikrishna Kolhar', 'shrikrishna.kolhar@sitpune.edu.in', '2024-04-20 07:56:17', '2024-04-20 07:56:17', 4),
(744, 'Rima Banerjee VF', 'rima.banerjee.vf@sitpune.edu.in', '2024-04-20 07:56:17', '2024-04-20 07:56:17', 4),
(745, 'Dr Manoj Kumar Shukla', 'manoj.shukla@sitpune.edu.in', '2024-04-20 07:56:17', '2024-04-20 07:56:17', 4),
(746, 'Prof Aniket Nargundkar', 'aniket.nargundkar@sitpune.edu.in', '2024-04-20 07:56:17', '2024-04-20 07:56:17', 4),
(747, 'Mr Sameer Sayyad', 'sameer.sayyad@sitpune.edu.in', '2024-04-20 07:56:17', '2024-04-20 07:56:17', 4),
(748, 'VF Mrs Pratibha Sharma', 'pratibha.sharma.vf@sitpune.edu.in', '2024-04-20 07:56:17', '2024-04-20 07:56:17', 4),
(749, 'Ms Shruti Maheshwari', 'shruti.maheshwari@sitpune.edu.in', '2024-04-20 07:56:17', '2024-04-20 07:56:17', 4),
(750, 'Dr Sarfaraj Shaikh', 'sarfarajs@sitpune.edu.in', '2024-04-20 07:56:17', '2024-04-20 07:56:17', 4),
(751, 'Prof Aniket Nargundhkar', 'aniket.nargundkar@sitpune.edu.in', '2024-04-20 07:56:17', '2024-04-20 07:56:17', 4),
(752, 'Dr Javed K Sayyad', 'javed.sayyad@sitpune.edu.in', '2024-04-20 07:56:17', '2024-04-20 07:56:17', 4),
(753, 'Dr Ramesh B T', 'ramesh.bt@sitpune.edu.in', '2024-04-20 07:56:17', '2024-04-20 07:56:17', 4),
(754, 'Dr Sachit T S', 'sachit.thimmappa@sitpune.edu.in', '2024-04-20 07:56:17', '2024-04-20 07:56:17', 4),
(755, 'Dr Priya Jadhav', 'priya.jadhav@sitpune.edu.in', '2024-04-20 07:56:17', '2024-04-20 07:56:17', 4),
(756, 'Prof Bhavna Ambudkar', 'bhavna.ambudkar@sitpune.edu.in', '2024-04-20 07:56:17', '2024-04-20 07:56:17', 4),
(757, 'VF Ms Rima Banerjee', 'rima.banerjee.vf@sitpune.edu.in', '2024-04-20 07:56:17', '2024-04-20 07:56:17', 4),
(758, 'VF Ms Tanuja Yelale', 'tanuja.yelale.vf@sitpune.edu.in', '2024-04-20 07:56:17', '2024-04-20 07:56:17', 4),
(759, 'VF MrSharad Saraf', 'sharad.saraf.vf@sitpune.edu.in', '2024-04-20 07:56:17', '2024-04-20 07:56:17', 4),
(760, 'Dr Kalyani Dhananjay Kadam', 'kalyanik@sitpune.edu.in', '2024-04-20 07:56:17', '2024-04-20 07:56:17', 4),
(761, 'Prof Mayur Gaikwad', 'mayur.gaikwad@sitpune.edu.in', '2024-04-20 07:56:17', '2024-04-20 07:56:17', 4),
(762, 'DrKetan  Kotecha', 'director@sitpune.edu.in', '2024-04-20 07:56:17', '2024-04-20 07:56:17', 4),
(763, 'MsHema R Karande', 'hema.karande@sitpune.edu.in', '2024-04-20 07:56:17', '2024-04-20 07:56:17', 4),
(764, 'Dr Pooja Vinayak Kamat', 'pooja.kamat@sitpune.edu.in', '2024-04-20 07:56:17', '2024-04-20 07:56:17', 4),
(765, 'Dr Preksha B Pareek', 'preksha.pareek@sitpune.edu.in', '2024-04-20 07:56:17', '2024-04-20 07:56:17', 4),
(766, 'Dr Shruti Ghanshyam Patil', 'headaiml@sitpune.edu.in', '2024-04-20 07:56:17', '2024-04-20 07:56:17', 4),
(767, 'Dr Prachi Nitin Kadam', 'prachi.kadam@sitpune.edu.in', '2024-04-20 07:56:17', '2024-04-20 07:56:17', 4),
(768, 'Dr Anupkumar Manohara Bongale', 'anupkumar.bongale@sitpune.edu.in', '2024-04-20 07:56:17', '2024-04-20 07:56:17', 4),
(769, 'VF DrSunder N', 'sundarparipurnam.n.vf@sitpune.edu.in', '2024-04-20 07:56:17', '2024-04-20 07:56:17', 4),
(770, 'DrJitendra Rajpurohit', 'jitendra.rajpurohit@sitpune.edu.in', '2024-04-20 07:56:17', '2024-04-20 07:56:17', 4),
(771, 'Dr Amit Kumar', 'amit.kumar@sitpune.edu.in', '2024-04-20 07:56:17', '2024-04-20 07:56:17', 4),
(772, 'VF Ms Rasika Lanke', 'rasika.lanke.vf@sitpune.edu.in', '2024-04-20 07:56:17', '2024-04-20 07:56:17', 4),
(773, 'VF Ms Nikita Konda', 'nikita.konda.vf@sitpune.edu.in', '2024-04-20 07:56:17', '2024-04-20 07:56:17', 4),
(774, 'Dr Shilpa Shailesh Gite', 'shilpa.gite@sitpune.edu.in', '2024-04-20 07:56:17', '2024-04-20 07:56:17', 4),
(775, 'Dr Harsh Dhiman', 'harsh.dhiman@sitpune.edu.in', '2024-04-20 07:56:17', '2024-04-20 07:56:17', 4),
(776, 'Dr KNandhini', 'nandhini.k@sitpune.edu.in', '2024-04-20 07:56:17', '2024-04-20 07:56:17', 4),
(777, 'Dr Rahee Walambe', 'rahee.walambe@sitpune.edu.in', '2024-04-20 07:56:17', '2024-04-20 07:56:17', 4),
(778, 'DrSmita Rajendra Mahajan', 'smita.mahajan@sitpune.edu.in', '2024-04-20 07:56:17', '2024-04-20 07:56:17', 4),
(779, 'DrOm Mishra', 'om.mishra@sitpune.edu.in', '2024-04-20 07:56:17', '2024-04-20 07:56:17', 4),
(780, 'Dr Kailash Shaw', 'kailash.shaw@sitpune.edu.in', '2024-04-20 07:56:17', '2024-04-20 07:56:17', 4),
(781, 'VF Ms Parija Bhise', 'parija.bhise.vf@sitpune.edu.in', '2024-04-20 07:56:17', '2024-04-20 07:56:17', 4),
(782, 'MsShubhangi Deokar', 'shubhangi.deokar@sitpune.edu.in', '2024-04-20 07:56:17', '2024-04-20 07:56:17', 4),
(783, 'Dr Kanhaiya Sharma', 'kanhaiya.sharma@sitpune.edu.in', '2024-04-20 07:56:17', '2024-04-20 07:56:17', 4),
(784, 'VF MsSanjana Devadiga', 'sanjana.devadiga.vf@sitpune.edu.in', '2024-04-20 07:56:17', '2024-04-20 07:56:17', 4);

-- --------------------------------------------------------

--
-- Table structure for table `teacherunavailable`
--

CREATE TABLE `teacherunavailable` (
  `id` int(10) UNSIGNED NOT NULL,
  `createdAt` datetime DEFAULT NULL,
  `updatedAt` datetime DEFAULT NULL,
  `TeacherId` int(10) UNSIGNED DEFAULT NULL,
  `SlotId` int(10) UNSIGNED DEFAULT NULL
) ENGINE=InnoDB DEFAULT CHARSET=utf8mb4 COLLATE=utf8mb4_general_ci;

--
-- Indexes for dumped tables
--

--
-- Indexes for table `academicyear`
--
ALTER TABLE `academicyear`
  ADD PRIMARY KEY (`id`);

--
-- Indexes for table `batch`
--
ALTER TABLE `batch`
  ADD PRIMARY KEY (`id`),
  ADD KEY `AcademicYearId` (`AcademicYearId`);

--
-- Indexes for table `classroom`
--
ALTER TABLE `classroom`
  ADD PRIMARY KEY (`id`),
  ADD KEY `AcademicYearId` (`AcademicYearId`);

--
-- Indexes for table `department`
--
ALTER TABLE `department`
  ADD PRIMARY KEY (`id`),
  ADD KEY `BatchId` (`BatchId`);

--
-- Indexes for table `division`
--
ALTER TABLE `division`
  ADD PRIMARY KEY (`id`),
  ADD KEY `DepartmentId` (`DepartmentId`);

--
-- Indexes for table `group`
--
ALTER TABLE `group`
  ADD PRIMARY KEY (`id`),
  ADD KEY `AcademicYearId` (`AcademicYearId`);

--
-- Indexes for table `slot`
--
ALTER TABLE `slot`
  ADD PRIMARY KEY (`id`),
  ADD KEY `AcademicYearId` (`AcademicYearId`);

--
-- Indexes for table `slotdataclasses`
--
ALTER TABLE `slotdataclasses`
  ADD PRIMARY KEY (`id`),
  ADD KEY `SlotDataId` (`SlotDataId`),
  ADD KEY `ClassroomId` (`ClassroomId`);

--
-- Indexes for table `slotdatas`
--
ALTER TABLE `slotdatas`
  ADD PRIMARY KEY (`id`),
  ADD KEY `SlotId` (`SlotId`),
  ADD KEY `TeacherId` (`TeacherId`),
  ADD KEY `SubjectId` (`SubjectId`);

--
-- Indexes for table `slotdatasubdivisions`
--
ALTER TABLE `slotdatasubdivisions`
  ADD PRIMARY KEY (`id`),
  ADD KEY `SlotDataId` (`SlotDataId`),
  ADD KEY `SubdivisionId` (`SubdivisionId`);

--
-- Indexes for table `subdivision`
--
ALTER TABLE `subdivision`
  ADD PRIMARY KEY (`id`),
  ADD KEY `DivisionId` (`DivisionId`);

--
-- Indexes for table `subject`
--
ALTER TABLE `subject`
  ADD PRIMARY KEY (`id`),
  ADD KEY `DepartmentId` (`DepartmentId`),
  ADD KEY `GroupId` (`GroupId`);

--
-- Indexes for table `teach`
--
ALTER TABLE `teach`
  ADD PRIMARY KEY (`id`),
  ADD KEY `TeacherId` (`TeacherId`),
  ADD KEY `SubjectId` (`SubjectId`);

--
-- Indexes for table `teacher`
--
ALTER TABLE `teacher`
  ADD PRIMARY KEY (`id`),
  ADD KEY `AcademicYearId` (`AcademicYearId`);

--
-- Indexes for table `teacherunavailable`
--
ALTER TABLE `teacherunavailable`
  ADD PRIMARY KEY (`id`),
  ADD UNIQUE KEY `TeacherUnavailable_SlotId_TeacherId_unique` (`TeacherId`,`SlotId`),
  ADD KEY `SlotId` (`SlotId`);

--
-- AUTO_INCREMENT for dumped tables
--

--
-- AUTO_INCREMENT for table `academicyear`
--
ALTER TABLE `academicyear`
  MODIFY `id` int(10) UNSIGNED NOT NULL AUTO_INCREMENT, AUTO_INCREMENT=5;

--
-- AUTO_INCREMENT for table `batch`
--
ALTER TABLE `batch`
  MODIFY `id` int(10) UNSIGNED NOT NULL AUTO_INCREMENT, AUTO_INCREMENT=13;

--
-- AUTO_INCREMENT for table `classroom`
--
ALTER TABLE `classroom`
  MODIFY `id` int(10) UNSIGNED NOT NULL AUTO_INCREMENT, AUTO_INCREMENT=345;

--
-- AUTO_INCREMENT for table `department`
--
ALTER TABLE `department`
  MODIFY `id` int(10) UNSIGNED NOT NULL AUTO_INCREMENT, AUTO_INCREMENT=73;

--
-- AUTO_INCREMENT for table `division`
--
ALTER TABLE `division`
  MODIFY `id` int(10) UNSIGNED NOT NULL AUTO_INCREMENT, AUTO_INCREMENT=217;

--
-- AUTO_INCREMENT for table `group`
--
ALTER TABLE `group`
  MODIFY `id` int(10) UNSIGNED NOT NULL AUTO_INCREMENT, AUTO_INCREMENT=9;

--
-- AUTO_INCREMENT for table `slot`
--
ALTER TABLE `slot`
  MODIFY `id` int(10) UNSIGNED NOT NULL AUTO_INCREMENT, AUTO_INCREMENT=161;

--
-- AUTO_INCREMENT for table `slotdataclasses`
--
ALTER TABLE `slotdataclasses`
  MODIFY `id` int(10) UNSIGNED NOT NULL AUTO_INCREMENT, AUTO_INCREMENT=1111;

--
-- AUTO_INCREMENT for table `slotdatas`
--
ALTER TABLE `slotdatas`
  MODIFY `id` int(10) UNSIGNED NOT NULL AUTO_INCREMENT, AUTO_INCREMENT=1095;

--
-- AUTO_INCREMENT for table `slotdatasubdivisions`
--
ALTER TABLE `slotdatasubdivisions`
  MODIFY `id` int(10) UNSIGNED NOT NULL AUTO_INCREMENT, AUTO_INCREMENT=2297;

--
-- AUTO_INCREMENT for table `subdivision`
--
ALTER TABLE `subdivision`
  MODIFY `id` int(10) UNSIGNED NOT NULL AUTO_INCREMENT, AUTO_INCREMENT=649;

--
-- AUTO_INCREMENT for table `subject`
--
ALTER TABLE `subject`
  MODIFY `id` int(10) UNSIGNED NOT NULL AUTO_INCREMENT, AUTO_INCREMENT=1097;

--
-- AUTO_INCREMENT for table `teach`
--
ALTER TABLE `teach`
  MODIFY `id` int(10) UNSIGNED NOT NULL AUTO_INCREMENT, AUTO_INCREMENT=1565;

--
-- AUTO_INCREMENT for table `teacher`
--
ALTER TABLE `teacher`
  MODIFY `id` int(10) UNSIGNED NOT NULL AUTO_INCREMENT, AUTO_INCREMENT=785;

--
-- AUTO_INCREMENT for table `teacherunavailable`
--
ALTER TABLE `teacherunavailable`
  MODIFY `id` int(10) UNSIGNED NOT NULL AUTO_INCREMENT;

--
-- Constraints for dumped tables
--

--
-- Constraints for table `batch`
--
ALTER TABLE `batch`
  ADD CONSTRAINT `batch_ibfk_1` FOREIGN KEY (`AcademicYearId`) REFERENCES `academicyear` (`id`) ON DELETE CASCADE ON UPDATE CASCADE;

--
-- Constraints for table `classroom`
--
ALTER TABLE `classroom`
  ADD CONSTRAINT `classroom_ibfk_1` FOREIGN KEY (`AcademicYearId`) REFERENCES `academicyear` (`id`) ON DELETE CASCADE ON UPDATE CASCADE;

--
-- Constraints for table `department`
--
ALTER TABLE `department`
  ADD CONSTRAINT `department_ibfk_1` FOREIGN KEY (`BatchId`) REFERENCES `batch` (`id`) ON DELETE CASCADE ON UPDATE CASCADE;

--
-- Constraints for table `division`
--
ALTER TABLE `division`
  ADD CONSTRAINT `division_ibfk_1` FOREIGN KEY (`DepartmentId`) REFERENCES `department` (`id`) ON DELETE CASCADE ON UPDATE CASCADE;

--
-- Constraints for table `group`
--
ALTER TABLE `group`
  ADD CONSTRAINT `group_ibfk_1` FOREIGN KEY (`AcademicYearId`) REFERENCES `academicyear` (`id`) ON DELETE CASCADE ON UPDATE CASCADE;

--
-- Constraints for table `slot`
--
ALTER TABLE `slot`
  ADD CONSTRAINT `slot_ibfk_1` FOREIGN KEY (`AcademicYearId`) REFERENCES `academicyear` (`id`) ON DELETE CASCADE ON UPDATE CASCADE;

--
-- Constraints for table `slotdataclasses`
--
ALTER TABLE `slotdataclasses`
  ADD CONSTRAINT `slotdataclasses_ibfk_1` FOREIGN KEY (`SlotDataId`) REFERENCES `slotdatas` (`id`) ON DELETE CASCADE ON UPDATE CASCADE,
  ADD CONSTRAINT `slotdataclasses_ibfk_2` FOREIGN KEY (`ClassroomId`) REFERENCES `classroom` (`id`) ON DELETE CASCADE ON UPDATE CASCADE;

--
-- Constraints for table `slotdatas`
--
ALTER TABLE `slotdatas`
  ADD CONSTRAINT `slotdatas_ibfk_1` FOREIGN KEY (`SlotId`) REFERENCES `slot` (`id`) ON DELETE CASCADE ON UPDATE CASCADE,
  ADD CONSTRAINT `slotdatas_ibfk_2` FOREIGN KEY (`TeacherId`) REFERENCES `teacher` (`id`) ON DELETE SET NULL ON UPDATE CASCADE,
  ADD CONSTRAINT `slotdatas_ibfk_3` FOREIGN KEY (`SubjectId`) REFERENCES `subject` (`id`) ON DELETE SET NULL ON UPDATE CASCADE;

--
-- Constraints for table `slotdatasubdivisions`
--
ALTER TABLE `slotdatasubdivisions`
  ADD CONSTRAINT `slotdatasubdivisions_ibfk_1` FOREIGN KEY (`SlotDataId`) REFERENCES `slotdatas` (`id`) ON DELETE CASCADE ON UPDATE CASCADE,
  ADD CONSTRAINT `slotdatasubdivisions_ibfk_2` FOREIGN KEY (`SubdivisionId`) REFERENCES `subdivision` (`id`) ON DELETE CASCADE ON UPDATE CASCADE;

--
-- Constraints for table `subdivision`
--
ALTER TABLE `subdivision`
  ADD CONSTRAINT `subdivision_ibfk_1` FOREIGN KEY (`DivisionId`) REFERENCES `division` (`id`) ON DELETE CASCADE ON UPDATE CASCADE;

--
-- Constraints for table `subject`
--
ALTER TABLE `subject`
  ADD CONSTRAINT `subject_ibfk_1` FOREIGN KEY (`DepartmentId`) REFERENCES `department` (`id`) ON DELETE CASCADE ON UPDATE CASCADE,
  ADD CONSTRAINT `subject_ibfk_2` FOREIGN KEY (`GroupId`) REFERENCES `group` (`id`) ON DELETE CASCADE ON UPDATE CASCADE;

--
-- Constraints for table `teach`
--
ALTER TABLE `teach`
  ADD CONSTRAINT `teach_ibfk_1` FOREIGN KEY (`TeacherId`) REFERENCES `teacher` (`id`) ON DELETE CASCADE ON UPDATE CASCADE,
  ADD CONSTRAINT `teach_ibfk_2` FOREIGN KEY (`SubjectId`) REFERENCES `subject` (`id`) ON DELETE CASCADE ON UPDATE CASCADE;

--
-- Constraints for table `teacher`
--
ALTER TABLE `teacher`
  ADD CONSTRAINT `teacher_ibfk_1` FOREIGN KEY (`AcademicYearId`) REFERENCES `academicyear` (`id`) ON DELETE CASCADE ON UPDATE CASCADE;

--
-- Constraints for table `teacherunavailable`
--
ALTER TABLE `teacherunavailable`
  ADD CONSTRAINT `teacherunavailable_ibfk_1` FOREIGN KEY (`TeacherId`) REFERENCES `teacher` (`id`) ON DELETE CASCADE ON UPDATE CASCADE,
  ADD CONSTRAINT `teacherunavailable_ibfk_2` FOREIGN KEY (`SlotId`) REFERENCES `slot` (`id`) ON DELETE CASCADE ON UPDATE CASCADE;
COMMIT;

/*!40101 SET CHARACTER_SET_CLIENT=@OLD_CHARACTER_SET_CLIENT */;
/*!40101 SET CHARACTER_SET_RESULTS=@OLD_CHARACTER_SET_RESULTS */;
/*!40101 SET COLLATION_CONNECTION=@OLD_COLLATION_CONNECTION */;
